frame,idx,time_code,it,n_line_samples,r_vmax_code,vmax_code,vr_at_vmax_code,beta_at_vmax,fpres_at_vmax_code,fjxb_at_vmax_code,frhog_at_vmax_code,fres_at_vmax_code,apres_at_vmax_code,ajxb_at_vmax_code,ag_at_vmax_code,ares_at_vmax_code,force_abs_frac_pres,force_abs_frac_jxb,force_abs_frac_grav,acc_abs_frac_pres,acc_abs_frac_jxb,acc_abs_frac_grav,force_jxb_dom_ratio,acc_jxb_dom_ratio,line_id,time_min,r_vmax_Rs,vmax_km_s,vr_at_vmax_km_s,apres_at_vmax_km_s2,ajxb_at_vmax_km_s2,ag_at_vmax_km_s2,ares_at_vmax_km_s2,theta_fixed_rad,phi_fixed_rad,theta_fixed_base_index,phi_fixed_base_index,onset_ref_r_Rs,onset_ref_frame_idx,onset_ref_v_km_s
off0000,-1.0,0.0,0.0,408.0,4.970827316316833,1.3662999233984987,1.3662999233984987,2.512448458367824,0.00016836868289644633,-0.0,-9.166908998199544e-05,7.669959291445089e-05,1.0460124855071629,-0.0,-0.569506222931145,0.4765062625760179,0.6474777915251281,0.0,0.3525222084748719,0.6474777915251281,0.0,0.3525222084748719,0.0,0.0,1.0,0.0,4.970827316316833,159.10405043202647,159.10405043202647,0.020394362216807096,-0.0,-0.011103802637262045,0.009290559579545051,0.49869791666666663,0.33463541666666663,95.0,64.0,1.0035605293689596,48.0,1526.4728713972647
off0002,2.0,0.04,22481.0,408.0,4.970827316316833,1.3789280690953762,1.3762195983816194,2.6300619030226917,0.00016328474280002427,1.2380310629002392e-06,-9.034793140297285e-05,7.417484245995167e-05,1.0292618291343132,0.00780390191070325,-0.569506222931145,0.46755950811387154,0.6406571623430602,0.004857486707264557,0.35448535094967515,0.6406571623430602,0.004857486707264557,0.35448535094967515,0.004881197057084887,0.004881197057084886,1.0,3.9817196,4.970827316316833,160.5745834353669,160.25918514421912,0.020067770557366693,0.00015215459134232794,-0.011103802637262045,0.009116122511446978,0.49869791666666663,0.33463541666666663,95.0,64.0,1.0035605293689596,48.0,1526.4728713972647
off0004,4.0,0.07,47710.0,408.0,4.970827316316833,1.3926518826959398,1.383521888406329,2.6959660743915377,0.0001612803992156039,4.897424209589526e-06,-8.937302426784676e-05,7.680479915734668e-05,1.0277171634567839,0.0312075549254777,-0.569506222931145,0.4894184954511166,0.6311088406536179,0.019164186907617543,0.34972697243876444,0.6311088406536179,0.019164186907617543,0.34972697243876444,0.01953862884267718,0.019538628842677177,1.0,6.9680093,4.970827316316833,162.17270570254274,161.10952839643184,0.020037653831450054,0.000608461359562554,-0.011103802637262045,0.009542312553750562,0.49869791666666663,0.33463541666666663,95.0,64.0,1.0035605293689596,48.0,1526.4728713972647
off0006,6.0,0.09,67709.0,428.0,4.970827316316833,1.4042676928261664,1.3886490114374521,2.710101800150368,0.0001620871191947192,9.452648738842345e-06,-8.918313677227057e-05,8.235663116129097e-05,1.035056921961466,0.060362782413667916,-0.569506222931145,0.525913481443989,0.621683466504788,0.036255536311654554,0.34206099718355754,0.621683466504788,0.03625553631165455,0.34206099718355754,0.037619449633880156,0.03761944963388015,1.0,8.958869099999998,4.970827316316833,163.52535339659474,161.7065759606928,0.02018075890486206,0.0011769079872519616,-0.011103802637262045,0.010253864254851978,0.49869791666666663,0.33463541666666663,95.0,64.0,1.0035605293689596,48.0,1526.4728713972647
off0008,8.0,0.11,87238.0,428.0,4.970827316316833,1.4179131190479155,1.3941857972830252,2.7027519642714695,0.00016533593682740468,1.71425719382338e-05,-8.926611965758538e-05,9.32123891080531e-05,1.0548217538585078,0.10936737738033149,-0.569506222931145,0.5946829083076943,0.6084239375282339,0.0630833883918964,0.3284926740798697,0.6084239375282339,0.0630833883918964,0.3284926740798697,0.06733084632112715,0.06733084632112714,1.0,10.949728899999998,4.970827316316833,165.11434754390572,162.3513282872641,0.020566118684451243,0.0021323626055144655,-0.011103802637262045,0.011594678652703663,0.49869791666666663,0.33463541666666663,95.0,64.0,1.0035605293689596,48.0,1526.4728713972647
off0010,10.0,0.13,106521.0,428.0,4.970827316316833,1.4338023022056898,1.4006815464765707,2.665170359168445,0.00016982696307705786,2.8008981925834988e-05,-9.00409380944401e-05,0.00010779500690845275,1.074150429135238,0.17715596752222154,-0.569506222931145,0.6818001737263146,0.5899291434930477,0.09729500203170179,0.31277585447525047,0.5899291434930477,0.0972950020317018,0.31277585447525047,0.10778161442628752,0.10778161442628754,1.0,12.9405887,4.970827316316833,166.964624598866,163.10775078980876,0.02094297461134159,0.003454053389014121,-0.011103802637262045,0.013293225363093669,0.49869791666666663,0.33463541666666663,95.0,64.0,1.0035605293689596,48.0,1526.4728713972647
off0012,12.0,0.15,125631.0,428.0,4.970827316316833,1.4517783275971756,1.4083001313466497,2.6094868542604366,0.00017837478302324457,4.128895241063978e-05,-9.13161582757212e-05,0.00012834757715816315,1.1124597318144045,0.2575044305430351,-0.569506222931145,0.8004579394262947,0.573589439804143,0.13277048852938256,0.29364007166647454,0.5735894398041429,0.13277048852938253,0.29364007166647454,0.15309729059408386,0.1530972905940839,1.0,14.931448499999998,4.970827316316833,169.0579120253487,163.99492621200645,0.02168990049027449,0.0050206270973725785,-0.011103802637262045,0.015606724950385021,0.49869791666666663,0.33463541666666663,95.0,64.0,1.0035605293689596,48.0,1526.4728713972647
off0014,14.0,0.17,144594.0,428.0,1.0042161491660884,6.427017998536058,6.305714428906167,0.005502705472952968,-17.55530363407754,28.775897659905056,-0.12744033245626937,11.093153693371248,-1922.219035847199,3150.818659045476,-13.954086929411787,1214.6455362688655,0.3778694989671652,0.6193874089407116,0.002743092092123183,0.3778694989671652,0.6193874089407116,0.002743092092123183,1.6273434549731671,1.6273434549731673,1.0,16.9223083,1.0042161491660884,748.4188341481586,734.293173354756,-37.47797642979572,61.43228489370439,-0.27206625846846905,23.682242205440208,0.49869791666666663,0.33463541666666663,95.0,64.0,1.0035605293689596,48.0,1526.4728713972647
off0016,16.0,0.19,163513.0,428.0,3.3006768710501433,1.5665829472007275,1.1934297063998365,1.124834812437065,0.001114435195127654,0.00416930463097039,-0.0008009616312890317,0.0044827781948090124,1.7971855301775148,6.723597734925981,-1.2916647466568385,7.229118518446658,0.18315363587389882,0.6852110428373909,0.13163532128871033,0.18315363587389882,0.6852110428373909,0.13163532128871033,2.1767315124826134,2.1767315124826134,1.0,18.9131681,3.3006768710501433,182.42677758291902,138.97351302034537,0.0350401674751269,0.13109163562201592,-0.025183904657913904,0.14094789843922892,0.49869791666666663,0.33463541666666663,95.0,64.0,1.0035605293689596,48.0,1526.4728713972647
off0018,18.0,0.21,182365.0,428.0,3.380390208960413,1.6861006909583134,1.2605849885802067,1.0508277112911393,0.0010383885150581466,0.004303365548150682,-0.0007399653250832883,0.004601788738125541,1.7281071342565877,7.1617478402645585,-1.2314652356370872,7.65838973888406,0.1707393006420425,0.7075902838324087,0.1216704155255488,0.17073930064204254,0.7075902838324087,0.12167041552554882,2.419859001630648,2.419859001630648,1.0,20.9040279,3.380390208960413,196.34448101294603,146.79366818527123,0.03369332903171737,0.13963435578780303,-0.024010180013110827,0.1493175048064096,0.49869791666666663,0.33463541666666663,95.0,64.0,1.0035605293689596,48.0,1526.4728713972647
off0020,20.0,0.23,201150.0,428.0,3.441864860907362,1.8081279622115198,1.3226948404603707,0.9584459590349681,0.0009338257310684099,0.004268863960279112,-0.0007060900120898204,0.004496599679257701,1.5709919719724303,7.181587300414224,-1.1878680395901002,7.564711232796553,0.15804037008270438,0.7224611805709672,0.11949844934632836,0.15804037008270438,0.7224611805709672,0.11949844934632838,2.6030995666020766,2.6030995666020766,1.0,22.8948877,3.441864860907362,210.5544160257947,154.0262888102415,0.03063001614227138,0.14002117061275418,-0.023160154779054178,0.14749103197597138,0.49869791666666663,0.33463541666666663,95.0,64.0,1.0035605293689596,48.0,1526.4728713972647
off0022,22.0,0.25,219834.0,428.0,3.547645293566147,1.935173804652492,1.4042317809895135,0.9057651960741845,0.0009104716612438335,0.004214291725101614,-0.0006372614277887333,0.0044875019585567145,1.5974388596477547,7.3940504181891,-1.1180866048193312,7.873402673017523,0.15801245059036484,0.7313907629769322,0.11059678643270301,0.15801245059036484,0.7313907629769322,0.11059678643270301,2.7228801625839885,2.722880162583989,1.0,24.885747499999997,3.547645293566147,225.34875786592974,163.52117150463084,0.031145657603755716,0.14416361617783946,-0.021799609014599423,0.15350966476699576,0.49869791666666663,0.33463541666666663,95.0,64.0,1.0035605293689596,48.0,1526.4728713972647
off0024,24.0,0.27,238468.0,428.0,3.6577251867738503,2.0709773142940784,1.490147805963152,0.8541724992610796,0.0008675988751280977,0.004163045958787762,-0.0005754796848225532,0.004455165149093306,1.5857059798827642,7.608777582153806,-1.0518012455807273,8.142682316455842,0.15475911607531329,0.7425889212543932,0.10265196267029361,0.15475911607531329,0.7425889212543931,0.10265196267029361,2.8848366778660517,2.8848366778660512,1.0,26.8766073,3.6577251867738503,241.16291995203798,173.52599353252327,0.03091689876665881,0.1483502044072913,-0.020507227093051115,0.15875987608089898,0.49869791666666663,0.33463541666666663,95.0,64.0,1.0035605293689596,48.0,1526.4728713972647
off0026,26.0,0.29,257062.0,428.0,3.7490019100379373,2.209878034534131,1.5715189986083058,0.7865525002626462,0.0008241141048581403,0.003986589421617166,-0.0005347124933266528,0.004275991033148654,1.5430909314906829,7.464585241060835,-1.0012084425483305,8.006467730003187,0.15417211715706136,0.745795913142952,0.10003196969998664,0.15417211715706136,0.745795913142952,0.10003196969998665,2.9338470610913165,2.933847061091316,1.0,28.867467099999995,3.7490019100379373,257.3377486405649,183.00157507696628,0.030086022706538477,0.14553885093504892,-0.019520806792239886,0.1561040668493475,0.49869791666666663,0.33463541666666663,95.0,64.0,1.0035605293689596,48.0,1526.4728713972647
off0028,28.0,0.31,275604.0,428.0,1.0042161491660884,4.543815462707999,4.491629581917328,0.005215466374423147,-11.84430285044731,-109.49747149094804,-0.12522050044288438,-121.46699484183823,-1319.8831741517236,-12201.973561289198,-13.954086929411783,-13535.810822370333,0.0975104625406246,0.9014586360148643,0.0010309014445111907,0.09751046254062459,0.9014586360148641,0.0010309014445111905,9.14802271410453,9.14802271410453,1.0,30.858326899999998,1.0042161491660884,529.1220706024008,523.0450849662558,-25.734086266157675,-237.90487400174678,-0.272066258468469,-263.9110265263729,0.49869791666666663,0.33463541666666663,95.0,64.0,1.0035605293689596,48.0,1526.4728713972647
off0030,30.0,0.33,294208.0,428.0,3.9653288932405566,2.4755922098404746,1.7424329619599053,0.6873939527861048,0.0006898367951394258,0.003316638871760623,-0.0004426810488839482,0.0035637946180161004,1.3946101529322037,6.705090648625248,-0.8949471666837555,7.204753634873695,0.1550488866108345,0.745453370971265,0.09949774241790048,0.1550488866108345,0.7454533709712651,0.09949774241790048,2.9285533020636194,2.92855330206362,1.0,32.8491867,3.9653288932405566,288.27985792743954,202.90430900744252,0.027191056516257365,0.13073079841708346,-0.017449004610498756,0.14047285032284207,0.49869791666666663,0.33463541666666663,95.0,64.0,1.0035605293689596,48.0,1526.4728713972647
off0032,32.0,0.35000000000000003,312821.0,428.0,4.092385595046904,2.5946036362438845,1.8286950895137737,0.6566350726224671,0.000617534068510641,0.002941238238085907,-0.00039373986357269045,0.0031650324430238575,1.3178144562359184,6.276586939942538,-0.8402387992355903,6.754162596942867,0.15623837243850905,0.7441440054971341,0.09961762206435695,0.15623837243850902,0.744144005497134,0.09961762206435694,2.9084485862565885,2.9084485862565885,1.0,34.8400465,4.092385595046904,302.1386012854693,212.94943428166945,0.02569375196510115,0.12237615641500142,-0.01638234213993839,0.1316875662401642,0.49869791666666663,0.33463541666666663,95.0,64.0,1.0035605293689596,48.0,1526.4728713972647
off0034,34.0,0.37,331404.0,428.0,4.22460653435126,2.7028025570603456,1.9115184398799052,0.6332091815982769,0.0005426273520624386,0.0025834154419582655,-0.0003484425464730614,0.002777600247547643,1.2278739789994835,5.845832477978365,-0.7884665864417383,6.2852398705361106,0.15617488602940108,0.7435390248591843,0.10028608911141458,0.15617488602940108,0.7435390248591843,0.10028608911141458,2.8992287206695972,2.899228720669597,1.0,36.8309063,4.22460653435126,314.73824083712293,222.59411791805942,0.023940160400825517,0.11397763092365054,-0.015372926597473333,0.12254486472700274,0.49869791666666663,0.33463541666666663,95.0,64.0,1.0035605293689596,48.0,1526.4728713972647
off0036,36.0,0.39,349938.0,428.0,1.004874380994281,6.968385945749701,6.925451025087602,0.0027291155192337153,-5.7914826795535355,-60.44931796104139,-0.06278012402538957,-66.30358076462032,-1285.5822593815253,-13418.424100064589,-13.93581197674143,-14717.942171422857,0.08734796239909683,0.9117051788747015,0.0009468587262015437,0.08734796239909684,0.9117051788747016,0.0009468587262015439,10.325692574663117,10.325692574663117,1.0,38.8217661,1.004874380994281,811.4605072835234,806.4607852859358,-25.06531291030994,-261.622308784169,-0.2717099472299148,-286.95933164170884,0.49869791666666663,0.33463541666666663,95.0,64.0,1.0035605293689596,48.0,1526.4728713972647
off0038,38.0,0.41000000000000003,368549.0,428.0,4.505389261551078,2.887560800626546,2.0678863015798767,0.6073291005896692,0.0004167489245233691,0.001952242294314217,-0.00026971804651475516,0.002099273172322831,1.0711632628268766,5.017817930059187,-0.6932520895607872,5.3957291033252766,0.1579366586518282,0.7398474397873985,0.10221590156077323,0.1579366586518282,0.7398474397873986,0.10221590156077323,2.843898361725834,2.843898361725834,1.0,40.81262590000001,4.505389261551078,336.2531252330549,240.80297508609442,0.02088473309650439,0.09783362801257453,-0.01351650617746309,0.10520185493161584,0.49869791666666663,0.33463541666666663,95.0,64.0,1.0035605293689596,48.0,1526.4728713972647
off0040,40.0,0.43,387173.0,428.0,4.6543967929127845,2.9633029299856046,2.14114222325887,0.6047197047832261,0.00037774001361988614,0.0016955635383069678,-0.0002362285978579292,0.0018370749540689247,1.038698576863684,4.662411634245472,-0.6495745739461081,5.051535637163048,0.16355694102595036,0.7341588808213695,0.10228417815268018,0.16355694102595036,0.7341588808213695,0.10228417815268019,2.761645313146817,2.761645313146817,1.0,42.803485699999996,4.6543967929127845,345.0732088493942,249.3335426852406,0.020251761144484886,0.09090418421397184,-0.0126649149330774,0.09849103042537932,0.49869791666666663,0.33463541666666663,95.0,64.0,1.0035605293689596,48.0,1526.4728713972647
off0042,42.0,0.45,405735.0,428.0,1.0055352457497868,7.895997410312913,7.877377921173714,0.0024147742451037695,-5.418846855035899,-290.52504173728613,-0.05679613972488864,-296.0006847320469,-1327.8508286221852,-71191.14596269479,-13.917500016843558,-72532.91429133381,0.018306872701802302,0.981501248891645,0.00019187840655268432,0.0183068727018023,0.9815012488916449,0.0001918784065526843,53.057703362923164,53.057703362923164,1.0,44.7943455,1.0055352457497868,919.4797925895547,917.3115745517077,-25.889433581357427,-1388.0312496354418,-0.27135291445236076,-1414.1920361312516,0.49869791666666663,0.33463541666666663,95.0,64.0,1.0035605293689596,48.0,1526.4728713972647
off0044,44.0,0.47000000000000003,424378.0,428.0,4.970827316316833,3.094549077804048,2.2811156287259178,0.6185580417167449,0.00032520426673022726,0.0014416464612199342,-0.00018014289213682063,0.0015867078358133408,1.0281052526122336,4.55764099927871,-0.569506222931145,5.016240028959799,0.16702893290204965,0.74044745003095,0.09252361706700032,0.16702893290204965,0.74044745003095,0.09252361706700032,2.8527843402780815,2.8527843402780815,1.0,46.7852053,4.970827316316833,360.35667140684933,265.6332843314064,0.020045220500986335,0.08886144542375461,-0.011103802637262045,0.0978028632874789,0.49869791666666663,0.33463541666666663,95.0,64.0,1.0035605293689596,48.0,1526.4728713972647
off0046,46.0,0.49,443047.0,428.0,4.970827316316833,3.1140936916176227,2.2835577746654603,0.5546152424296863,0.0002196773568675075,0.00046125055352174983,-0.00018010845944273763,0.0005008194509465196,0.6946237959071946,1.4584826352622702,-0.569506222931145,1.5836002082383194,0.2551313330822145,0.5356923002122999,0.20917636670548576,0.2551313330822144,0.5356923002122997,0.20917636670548573,1.1537441667610497,1.1537441667610497,1.0,48.7760651,4.970827316316833,362.63261914615293,265.9176694097286,0.01354325067284085,0.02843639398437984,-0.011103802637262045,0.030875842019958636,0.49869791666666663,0.33463541666666663,95.0,64.0,1.0035605293689596,48.0,1526.4728713972647
off0048,48.0,0.51,461625.0,428.0,1.0035605293689596,13.108527165692756,13.051053834549377,0.0028623303582110417,-5.360625277002577,-22.186835015196714,-0.060735022994476875,-27.60819531519377,-1233.232417191235,-5104.166540608025,-13.97232511978993,-6351.37128291905,0.19416789890835187,0.8036322099976781,0.0021998910939699215,0.19416789890835184,0.8036322099976781,0.002199891093969921,4.092484872331538,4.092484872331538,1.0,50.7669249,1.0035605293689596,1526.4728713972647,1519.7801682651534,-24.04463518569959,-99.51718807027036,-0.2724218529435872,-123.83424510891355,0.49869791666666663,0.33463541666666663,95.0,64.0,1.0035605293689596,48.0,1526.4728713972647
off0050,50.0,0.53,480378.0,428.0,4.970827316316833,3.0342358021650426,2.24492116150536,0.4843858128625702,0.00014614745460509414,-0.00032155659554145184,-0.00017230368276977443,-0.00034771282370613213,0.48305342941717255,-1.0628239584994787,-0.569506222931145,-1.149276752013451,0.22835263870819913,0.5024261098787296,0.2692212514130712,0.2283526387081992,0.5024261098787297,0.26922125141307124,1.0097517571837957,1.0097517571837957,1.0,52.7577847,4.970827316316833,353.33326001330994,261.41848036384414,0.009418211298718974,-0.02072213963280718,-0.011103802637262045,-0.022407730971350247,0.49869791666666663,0.33463541666666663,95.0,64.0,1.0035605293689596,48.0,1526.4728713972647
off0052,52.0,0.55,499059.0,428.0,1.0082051816573743,5.848328762271999,5.833543327606339,0.00241884503898722,-6.597112693864909,-163.18480806405856,-0.05084154249038182,-169.83276230041386,-1796.3591100959648,-44434.365486547154,-13.843884781422934,-46244.56848142455,0.03884475883513809,0.960855878769752,0.0002993623951098976,0.03884475883513809,0.9608558787697519,0.00029936239510989766,24.546620247723585,24.546620247723585,1.0,54.7486445,1.0082051816573743,681.0311399426208,679.3093931266998,-35.024054559918056,-866.3477321374947,-0.2699176201354714,-901.6417043175483,0.49869791666666663,0.33463541666666663,95.0,64.0,1.0035605293689596,48.0,1526.4728713972647
off0054,54.0,0.5700000000000001,517736.0,448.0,4.970827316316833,2.8994804128708354,2.2052924439930335,0.4475086778197166,0.00014777531952429174,-0.00041305692951538174,-0.00016323220507809654,-0.00042851381506918656,0.5155781852267302,-1.4411279420705865,-0.569506222931145,-1.4950559797750014,0.20409138811315808,0.5704698347865554,0.22543877710028645,0.20409138811315808,0.5704698347865554,0.22543877710028648,1.3281251958243128,1.3281251958243128,1.0,56.73950430000001,4.970827316316833,337.6411503329381,256.80376191026,0.010052354447279676,-0.028098025270796897,-0.011103802637262045,-0.029149473460779268,0.49869791666666663,0.33463541666666663,95.0,64.0,1.0035605293689596,48.0,1526.4728713972647
off0056,56.0,0.59,536486.0,448.0,1.0095561905010033,5.681959492896073,-5.618595601220484,0.004528131745977062,20.392835857955454,10.604732657116086,-0.08256736087597748,30.915001154195565,3410.0759700140784,1773.3160926878927,-13.80685723122768,5169.585205470744,0.6561372813603812,0.34120612276096707,0.0026565958786517146,0.6561372813603812,0.3412061227609671,0.002656595878651715,0.5179254612853147,0.5179254612853147,1.0,58.73036409999999,1.0095561905010033,661.6576303845687,-654.278978271608,66.48708833105098,34.574779192654574,-0.2691956848993763,100.7926718388062,0.49869791666666663,0.33463541666666663,95.0,64.0,1.0035605293689596,48.0,1526.4728713972647
off0058,58.0,0.61,555108.0,448.0,4.970827316316833,2.7813448178471916,2.1803332913458444,0.4126381548367855,0.00013028899946782198,-0.00025019035008039345,-0.0001544870809486872,-0.0002743884315612587,0.4803016247102427,-0.9223098812737102,-0.569506222931145,-1.0115144794946125,0.24354612185067998,0.46767485923930696,0.288779018910013,0.24354612185068,0.467674859239307,0.288779018910013,0.8785511399499172,0.8785511399499172,1.0,60.7212239,4.970827316316833,323.8843965290537,253.89729736794968,0.009364558686804086,-0.017982502174165096,-0.011103802637262045,-0.019721746124623057,0.49869791666666663,0.33463541666666663,95.0,64.0,1.0035605293689596,48.0,1526.4728713972647
off0060,60.0,0.63,573907.0,468.0,4.970827316316833,2.737278317108965,2.170496893030173,0.3941777411101567,0.00012477027631298265,-0.0002449775194117153,-0.00015018209126892724,-0.00027038933436765986,0.47314195851648716,-0.9289804170683647,-0.569506222931145,-1.0253446814830225,0.23997519556807562,0.4711741439374478,0.28885066049447666,0.23997519556807562,0.4711741439374478,0.28885066049447666,0.8909816691748803,0.8909816691748803,1.0,62.712083699999994,4.970827316316833,318.75290333656466,252.751860127645,0.009224964917389295,-0.0181125592481114,-0.011103802637262045,-0.019991396967984153,0.49869791666666663,0.33463541666666663,95.0,64.0,1.0035605293689596,48.0,1526.4728713972647
off0062,62.0,0.65,592558.0,468.0,1.0061987434326054,8.49524075042295,8.452346798725106,0.0032481765395183204,-8.952548398465428,16.648255062848843,-0.07077326164271011,7.624933402740705,-1758.1897823598667,3269.5485846956285,-13.899151386416815,1497.4596509493451,0.34873387385121346,0.6485092537366833,0.002756872412103174,0.34873387385121346,0.6485092537366833,0.002756872412103174,1.8450251126977253,1.845025112697725,1.0,64.7029435,1.0061987434326054,989.2609884845028,984.2660372755565,-34.279857806812785,63.74719140125888,-0.270995166700503,29.1963384277456,0.49869791666666663,0.33463541666666663,95.0,64.0,1.0035605293689596,48.0,1526.4728713972647
off0064,64.0,0.67,611285.0,468.0,4.970827316316833,2.6452910283049342,2.138581396537227,0.3641880537708703,0.00010436238457907972,-0.0002221250149861447,-0.00014126061528355695,-0.0002590232456906219,0.42074733525982055,-0.8955190946135452,-0.569506222931145,-1.0442779822848696,0.2231166809180775,0.47488179091033805,0.30200152817158443,0.2231166809180775,0.47488179091033805,0.30200152817158443,0.9043331247902962,0.9043331247902962,1.0,66.6938033,4.970827316316833,308.0410896371407,249.0353373667081,0.008203414085334445,-0.017460155629749147,-0.011103802637262045,-0.020360544181676744,0.49869791666666663,0.33463541666666663,95.0,64.0,1.0035605293689596,48.0,1526.4728713972647
off0066,66.0,0.6900000000000001,630000.0,468.0,1.0095561905010033,3.095806152326328,3.0861129827037295,0.010204708885178345,-30.245737545208982,-97.0421192377309,-0.20492055665422632,-127.49277733959411,-2037.8559718853396,-6538.3712966968,-13.806857231227681,-8590.034125813367,0.2372349099011735,0.7611577789951677,0.0016073111036587816,0.2372349099011735,0.7611577789951678,0.0016073111036587818,3.186864432062738,3.1868644320627384,1.0,68.68466310000001,1.0095561905010033,360.50305628528236,359.3742978611114,-39.73257815958304,-127.48023028439856,-0.26919568489937634,-167.482004128881,0.49869791666666663,0.33463541666666663,95.0,64.0,1.0035605293689596,48.0,1526.4728713972647
off0068,68.0,0.71,648641.0,468.0,4.970827316316833,2.5315838057061173,2.074922523172317,0.3420321915626826,8.338754142381624e-05,-0.0003560849030527778,-0.00013120579453712678,-0.00040390315616608836,0.36194837219901893,-1.5456067995762717,-0.569506222931145,-1.7531646503083977,0.14612006507893383,0.6239679011910185,0.22991203373004765,0.14612006507893383,0.6239679011910185,0.22991203373004768,1.6593474417937513,1.6593474417937513,1.0,70.67552289999999,4.970827316316833,294.8000146952289,241.62233497620548,0.007056996267909228,-0.03013507520422671,-0.011103802637262045,-0.03418188157357953,0.49869791666666663,0.33463541666666663,95.0,64.0,1.0035605293689596,48.0,1526.4728713972647
off0070,70.0,0.73,667418.0,468.0,4.970827316316833,2.4419321388881223,2.037804498163309,0.337255551821464,0.0001015583530190262,-0.00041073124028511213,-0.00012669844706377257,-0.0004358713343298585,0.45650215433075614,-1.846226238091617,-0.569506222931145,-1.9592303066920058,0.15893623448813193,0.6427839244825693,0.19827984102929885,0.1589362344881319,0.6427839244825693,0.19827984102929885,1.799426085602365,1.7994260856023647,1.0,72.6663827,4.970827316316833,284.3601814825872,237.2999837692458,0.008900534570254384,-0.03599632619639103,-0.011103802637262045,-0.03819959426339869,0.49869791666666663,0.33463541666666663,95.0,64.0,1.0035605293689596,48.0,1526.4728713972647
off0072,72.0,0.75,686137.0,468.0,4.970827316316833,2.3641868557309946,2.0098683181481554,0.3346418809916215,0.00010531335932555293,-0.00038865776598834414,-0.00012274891226100821,-0.00040609331892379943,0.4886121790322209,-1.8032177413533739,-0.569506222931145,-1.884111785252298,0.17076364137554365,0.6302012944425188,0.19903506418193756,0.17076364137554365,0.6302012944425188,0.19903506418193756,1.7041738788470715,1.7041738788470715,1.0,74.6572425,4.970827316316833,275.30683291654464,234.04684782311077,0.009526591604587758,-0.03515777897727747,-0.011103802637262045,-0.03673499000995176,0.49869791666666663,0.33463541666666663,95.0,64.0,1.0035605293689596,48.0,1526.4728713972647
off0074,74.0,0.77,704795.0,468.0,1.0042161491660884,5.997355338919413,5.915376596089759,0.004967903699747876,-12.673204857430866,21.726158439458544,-0.11536464033392167,8.937588941693756,-1532.9047249049959,2627.91703444712,-13.954086929411785,1081.058222612712,0.367182522211427,0.6294750020621598,0.0033424757264131173,0.367182522211427,0.62947500206216,0.0033424757264131173,1.698873235451071,1.6988732354510714,1.0,76.64810229999999,1.0042161491660884,698.3851129324202,688.8387828696326,-29.887419736113127,51.2371435511561,-0.272066258468469,21.0776575565745,0.49869791666666663,0.33463541666666663,95.0,64.0,1.0035605293689596,48.0,1526.4728713972647
off0076,76.0,0.79,723552.0,468.0,4.970827316316833,2.260188920328255,1.982678781233275,0.33131293059529593,0.00011614859321996615,-0.000242096358981625,-0.00011647229812616958,-0.00024242006388782843,0.5679234263224914,-1.183761162157659,-0.569506222931145,-1.1853439587663126,0.2446689964179167,0.5099801172476323,0.24535088633445107,0.24466899641791673,0.5099801172476323,0.24535088633445107,1.0407335195934313,1.0407335195934313,1.0,78.6389621,4.970827316316833,263.1963932716482,230.88065760495698,0.011072942463220468,-0.023080081981551547,-0.011103802637262045,-0.023110942155593128,0.49869791666666663,0.33463541666666663,95.0,64.0,1.0035605293689596,48.0,1526.4728713972647
off0078,78.0,0.81,742313.0,508.0,4.970827316316833,2.221473950195725,1.9669968978830887,0.3265907814704257,0.00011433792100259705,-0.00022556463349968705,-0.00011359352966064959,-0.00022482024215773959,0.5732382620957137,-1.1308783417067751,-0.569506222931145,-1.1271463025422064,0.2521254868465795,0.4973904767359477,0.2504840364174728,0.2521254868465795,0.49739047673594766,0.25048403641747274,0.9896161009958366,0.9896161009958367,1.0,80.6298219,4.970827316316833,258.68807964668736,229.05452037352757,0.011176567121036464,-0.022049012648952922,-0.011103802637262045,-0.021976248165178503,0.49869791666666663,0.33463541666666663,95.0,64.0,1.0035605293689596,48.0,1526.4728713972647
off0080,80.0,0.8300000000000001,761057.0,508.0,4.970827316316833,2.168883158064013,1.9426446160755528,0.32248461290559527,0.00010999712732461756,-0.00028104393013297707,-0.00011086475344663069,-0.0002819115562549902,0.5650492746197778,-1.4437074196426734,-0.569506222931145,-1.4481643679540404,0.2191589037920253,0.5599535291824035,0.22088756702557108,0.2191589037920253,0.5599535291824036,0.2208875670255711,1.272487262861176,1.2724872628611759,1.0,82.6206817,4.970827316316833,252.56394255183105,226.2187252406378,0.011016904421893674,-0.028148317978258952,-0.011103802637262045,-0.028235216193627323,0.49869791666666663,0.33463541666666663,95.0,64.0,1.0035605293689596,48.0,1526.4728713972647
off0082,82.0,0.85,779785.0,508.0,4.970827316316833,2.106792531903837,1.9172158580733512,0.31990013594540906,9.853694576975481e-05,-0.00032829873672349464,-0.00010793192106766191,-0.0003376937120214017,0.5199333362122261,-1.732278752152058,-0.569506222931145,-1.7818516388709766,0.1842612475281166,0.6139091720168135,0.20182958045506996,0.18426124752811657,0.6139091720168134,0.20182958045506996,1.5900641183932707,1.5900641183932707,1.0,84.61154149999999,4.970827316316833,245.3335607397818,223.2575756962957,0.01013726789519519,-0.0337746640899209,-0.011103802637262045,-0.03474119883198775,0.49869791666666663,0.33463541666666663,95.0,64.0,1.0035605293689596,48.0,1526.4728713972647
off0084,84.0,0.87,798481.0,508.0,1.004874380994281,4.311427905114256,4.266441081001532,0.005736805259853438,-15.25403459050187,12.633300564931822,-0.13244439505315228,-2.7531784206232004,-1605.0309856799372,1329.2770996303548,-13.93581197674143,-289.68969802632404,0.5444023770071678,0.450870805109968,0.004726817882864144,0.5444023770071679,0.45087080510996813,0.004726817882864145,0.8210650777732897,0.8210650777732897,1.0,86.60240129999998,1.004874380994281,502.06080751515503,496.8221437270434,-31.293683148805407,25.91724193734071,-0.2717099472299148,-5.648151158694619,0.49869791666666663,0.33463541666666663,95.0,64.0,1.0035605293689596,48.0,1526.4728713972647
off0086,86.0,0.89,817216.0,508.0,4.970827316316833,1.9690514017489174,1.8657097092063235,0.31929349487240755,8.369273261558344e-05,-0.00028580167827618866,-0.00010157852394226331,-0.0003036874696028685,0.46922843716235596,-1.6023646336401747,-0.569506222931145,-1.7026424194089635,0.17766406521544142,0.6067036697340296,0.21563226505052904,0.17766406521544142,0.6067036697340297,0.21563226505052904,1.5426120791001035,1.5426120791001032,1.0,88.5932611,4.970827316316833,229.29376497940333,217.2597440587769,0.009148662030812695,-0.031241696628520162,-0.011103802637262045,-0.03319683723496951,0.49869791666666663,0.33463541666666663,95.0,64.0,1.0035605293689596,48.0,1526.4728713972647
off0088,88.0,0.91,835979.0,508.0,4.970827316316833,1.9093126025039984,1.8431474580788343,0.3204460391685216,8.021097585432947e-05,-0.00022041861175216797,-9.834904369890855e-05,-0.00023855667959674705,0.4644747745211415,-1.2763700217259637,-0.569506222931145,-1.3814014701359671,0.201040781537321,0.5524571855665228,0.24650203289615616,0.20104078153732102,0.5524571855665229,0.2465020328961562,1.2344230937231149,1.2344230937231149,1.0,90.5841209,4.970827316316833,222.33725069945623,214.63239593427505,0.009055978703314529,-0.02488569965121606,-0.011103802637262045,-0.026933523585163578,0.49869791666666663,0.33463541666666663,95.0,64.0,1.0035605293689596,48.0,1526.4728713972647
off0090,90.0,0.93,854726.0,508.0,4.970827316316833,1.8637613713693784,1.8245479063237975,0.3218674643562238,8.031029481344373e-05,-0.00016118768228344478,-9.53117378998118e-05,-0.00017618912536981286,0.4798696747064704,-0.9631278386379242,-0.569506222931145,-1.0527643868625987,0.23844411618064676,0.4785719505894417,0.28298393322991167,0.2384441161806467,0.4785719505894416,0.2829839332299116,0.9178101391561829,0.917810139156183,1.0,92.5749807,4.970827316316833,217.03286236453155,212.46649958182144,0.009356136851540608,-0.018778339909345045,-0.011103802637262045,-0.020526005695066483,0.49869791666666663,0.33463541666666663,95.0,64.0,1.0035605293689596,48.0,1526.4728713972647
off0092,92.0,0.9500000000000001,873461.0,508.0,4.970827316316833,1.8305449916272212,1.8089188672762753,0.32302719791564644,8.025269492032035e-05,-0.00011735730385493635,-9.252614654359348e-05,-0.0001296307554782095,0.4939620947316075,-0.7223440870340148,-0.569506222931145,-0.7978882152335522,0.2766035746153767,0.40449046335114336,0.3189059620334801,0.2766035746153767,0.4044904633511433,0.31890596203348004,0.6792342329685508,0.6792342329685508,1.0,94.5658405,4.970827316316833,213.1648532494318,210.64651600849598,0.009630900224335992,-0.014083719994028358,-0.011103802637262045,-0.015556622406954412,0.49869791666666663,0.33463541666666663,95.0,64.0,1.0035605293689596,48.0,1526.4728713972647
off0094,94.0,0.97,892185.0,508.0,4.970827316316833,1.8059753745678377,1.7949490004775208,0.32361993334341244,7.908624772455606e-05,-8.799328650909906e-05,-8.997612915994009e-05,-9.888316794448309e-05,0.5005784383916563,-0.5569557693909628,-0.569506222931145,-0.6258835539304515,0.3076619541482803,0.3423121877473153,0.35002585810440434,0.3076619541482803,0.34231218774731537,0.3500258581044044,0.5204782289865492,0.5204782289865492,1.0,96.5567003,4.970827316316833,210.30374967710028,209.01974113014487,0.009759900700930194,-0.01085910336356305,-0.011103802637262045,-0.012203005299894902,0.49869791666666663,0.33463541666666663,95.0,64.0,1.0035605293689596,48.0,1526.4728713972647
off0096,96.0,0.99,910890.0,508.0,1.0061987434326054,2.2832699973906676,2.2493697547448823,0.009759519794290907,-21.608360214303968,17.053103146652845,-0.2163658528176737,-4.771622920468797,-1388.101985223724,1095.476292385393,-13.899151386416815,-306.52484422474777,0.5558016137034751,0.4386331102203334,0.005565276076191386,0.5558016137034751,0.4386331102203335,0.005565276076191387,0.7813661942058866,0.7813661942058866,1.0,98.5475601,1.0061987434326054,265.88415807795025,261.936513916369,-27.06416517274715,21.358770202441903,-0.270995166700503,-5.976390137005749,0.49869791666666663,0.33463541666666663,95.0,64.0,1.0035605293689596,48.0,1526.4728713972647
off0098,98.0,1.01,929572.0,508.0,1.0016092799727432,21.623841390394677,-3.9521594714787254,0.0031803979349434423,14.390055621845164,4380.874403894123,-0.21276037168514858,4395.051699144283,948.7043227068317,288821.2939149951,-14.026817520565698,289755.97142018133,0.0032738323740449204,0.996677763240938,4.8404385017057745e-05,0.00327383237404492,0.996677763240938,4.8404385017057745e-05,300.00202740588134,300.0020274058814,1.0,100.5384199,1.0016092799727432,2518.071392812373,-460.2244127347165,18.497121078390116,5631.21967055046,-0.27348430465891793,5649.443307324191,0.49869791666666663,0.33463541666666663,95.0,64.0,1.0035605293689596,48.0,1526.4728713972647
off0100,100.0,1.03,948323.0,508.0,4.970827316316833,1.7620835973348605,1.7609925920969276,0.3221295985634482,8.307434482622295e-05,-4.7742619864880776e-05,-8.343011988274252e-05,-4.809839492140034e-05,0.5670776502653458,-0.325898118692622,-0.569506222931145,-0.3283266913584211,0.38775017635112347,0.2228390643440702,0.3894107593048063,0.3877501763511235,0.22283906434407022,0.3894107593048063,0.2867347728382569,0.2867347728382569,1.0,102.52927969999999,4.970827316316833,205.19260283530244,205.06555653351685,0.01105645215980371,-0.006354115625274543,-0.011103802637262045,-0.0064014661027328775,0.49869791666666663,0.33463541666666663,95.0,64.0,1.0035605293689596,48.0,1526.4728713972647
off0102,102.0,1.05,967067.0,508.0,4.970827316316833,1.7537066492200757,1.7531808934877349,0.32093515584376536,8.782254450302555e-05,-4.369731053013432e-05,-8.1711067881614e-05,-3.758583390872277e-05,0.6121017250757846,-0.3045596015012524,-0.569506222931145,-0.2619640993566127,0.4118658931009143,0.204929519287405,0.38320458761168075,0.41186589310091426,0.20492951928740497,0.3832045876116807,0.2577501294020293,0.2577501294020293,1.0,104.5201395,4.970827316316833,204.21711688782025,204.15589323910248,0.011934297599397578,-0.0059380733171759395,-0.011103802637262045,-0.005107578355040407,0.49869791666666663,0.33463541666666663,95.0,64.0,1.0035605293689596,48.0,1526.4728713972647
off0104,104.0,1.07,985802.0,508.0,4.970827316316833,1.747335073290061,1.7470470255015909,0.31945811553172837,9.075398909841152e-05,-4.094164022908167e-05,-8.021382219055621e-05,-3.040147332122636e-05,0.6443398423851153,-0.2906795643284436,-0.569506222931145,-0.21584594487447326,0.4282677740340503,0.19320346466752317,0.3785287612984265,0.42826777403405036,0.1932034646675232,0.3785287612984265,0.23946987400969066,0.2394698740096907,1.0,106.51099930000001,4.970827316316833,203.47515421861436,203.44161138583019,0.012562852086752124,-0.005667450824990524,-0.011103802637262045,-0.004208401375500446,0.49869791666666663,0.33463541666666663,95.0,64.0,1.0035605293689596,48.0,1526.4728713972647
off0106,106.0,1.09,1004531.0,508.0,4.970827316316833,1.7421993536180134,1.741846045388857,0.31714842370269924,8.841848212525188e-05,-3.874296700758781e-05,-7.878880248884243e-05,-2.9113287371178364e-05,0.6391120844816506,-0.2800443731678992,-0.569506222931145,-0.21043851161739352,0.4293196120375282,0.18811808532652946,0.3825623026359424,0.4293196120375282,0.1881180853265295,0.3825623026359424,0.23170621481596665,0.23170621481596662,1.0,108.5018591,4.970827316316833,202.8771055854316,202.8359632495893,0.012460925207539641,-0.00546009389208741,-0.011103802637262045,-0.004102971321809813,0.49869791666666663,0.33463541666666663,95.0,64.0,1.0035605293689596,48.0,1526.4728713972647
off0108,108.0,1.11,1023254.0,508.0,4.970827316316833,1.7372868380725996,1.7364955662366974,0.31390331370596647,8.426052358233163e-05,-3.699677772208264e-05,-7.734115172382373e-05,-3.007740586357474e-05,0.6204574338242334,-0.272427998180898,-0.569506222931145,-0.22147678728780965,0.42427583043837175,0.18628935501739383,0.3894348145442345,0.4242758304383717,0.1862893550173938,0.3894348145442345,0.22893808280138195,0.22893808280138195,1.0,110.4927189,4.970827316316833,202.3050488153913,202.21290612261294,0.012097210904119159,-0.005311595559212714,-0.011103802637262045,-0.004318187292355601,0.49869791666666663,0.33463541666666663,95.0,64.0,1.0035605293689596,48.0,1526.4728713972647
off0110,110.0,1.1300000000000001,1041967.0,508.0,4.970827316316833,1.7323085340605904,1.730667422823082,0.3098383848342852,7.96399751428309e-05,-3.445640449986113e-05,-7.584806540967676e-05,-3.0664494766706984e-05,0.5979778283460003,-0.25871637828220834,-0.569506222931145,-0.23024477286735293,0.41928035916435297,0.18140253846518803,0.3993171023704589,0.419280359164353,0.18140253846518803,0.399317102370459,0.22160163815444922,0.2216016381544492,1.0,112.4835787,4.970827316316833,201.72533105428474,201.5342255432432,0.011658920517564432,-0.005044256739965759,-0.011103802637262045,-0.004489138859663372,0.49869791666666663,0.33463541666666663,95.0,64.0,1.0035605293689596,48.0,1526.4728713972647
off0112,112.0,1.1500000000000001,1060673.0,508.0,4.970827316316833,1.728005830996474,1.7250471223028694,0.3054795168445748,7.811489934096347e-05,-2.9312574079599955e-05,-7.435623818869128e-05,-2.5553912927327773e-05,0.5982944049082438,-0.22450965453765073,-0.569506222931145,-0.19572147256055183,0.429713414086692,0.16124972815280353,0.40903685776050447,0.429713414086692,0.16124972815280353,0.4090368577605045,0.19224998615819225,0.19224998615819228,1.0,114.4744385,4.970827316316833,201.2242862444421,200.8797480291211,0.011665092888515258,-0.004377319849668012,-0.011103802637262045,-0.0038160295984147998,0.49869791666666663,0.33463541666666663,95.0,64.0,1.0035605293689596,48.0,1526.4728713972647
off0114,114.0,1.17,1079369.0,508.0,1.0061987434326054,2.1113884127305416,2.090682225796853,0.008608828233754242,-14.27241996680987,7.84004763792478,-0.19043966943795013,-6.622811998323041,-1041.6659845854422,572.2022586882359,-13.899151386416815,-483.36287728362294,0.639935403548834,0.3515258141705937,0.008538782280572213,0.639935403548834,0.35152581417059364,0.008538782280572213,0.5420814303054916,0.5420814303054915,1.0,116.46529829999999,1.0061987434326054,245.86874576197866,243.45753417239,-20.309617421308523,11.156367908271136,-0.270995166700503,-9.424244679737889,0.49869791666666663,0.33463541666666663,95.0,64.0,1.0035605293689596,48.0,1526.4728713972647
off0116,116.0,1.19,1098060.0,508.0,1.0042161491660884,4.626705894345911,4.569754216888847,0.004734509797095382,-9.010095668661183,9.934404423450601,-0.11171496009347671,0.8125937946959417,-1125.4326018432357,1240.8861158860793,-13.954086929411785,101.49942711343164,0.4728166450671168,0.5213209651672646,0.005862389765618678,0.47281664506711674,0.5213209651672646,0.005862389765618678,1.089082510892564,1.0890825108925641,1.0,118.4561581,1.0042161491660884,538.7745657755299,532.1426086136072,-21.94283572195221,24.193861228068748,-0.272066258468469,1.9789592476480635,0.49869791666666663,0.33463541666666663,95.0,64.0,1.0035605293689596,48.0,1526.4728713972647
off0118,118.0,1.21,1116999.0,508.0,4.970827316316833,1.7236315262710207,1.715136034579006,0.2934357883956819,7.56390468353396e-05,-3.2571640985410803e-07,-7.011076716193342e-05,5.202563263552074e-06,0.6144121596874325,-0.002645777957246794,-0.569506222931145,0.04226015879904068,0.5178077849488275,0.0022297807781105003,0.4799624342730619,0.5178077849488276,0.0022297807781105007,0.47996243427306196,0.0022347638115010025,0.002234763811501002,1.0,120.44701789999999,4.970827316316833,200.71490350370942,199.72561329336597,0.01197934471021227,-5.1585382347680956e-05,-0.011103802637262045,0.0008239566906025438,0.49869791666666663,0.33463541666666663,95.0,64.0,1.0035605293689596,48.0,1526.4728713972647
off0120,120.0,1.23,1136054.0,508.0,4.970827316316833,1.7247235066314182,1.7144890831227393,0.28996327867869004,7.836000673894531e-05,1.0094188240379188e-05,-6.881465366227963e-05,1.963954131704488e-05,0.6485030308481751,0.08353893701982622,-0.569506222931145,0.1625357449368564,0.4982551052911812,0.06418428269531348,0.43756061201350527,0.4982551052911813,0.06418428269531348,0.43756061201350527,0.06858645511979163,0.06858645511979161,1.0,122.43787769999999,4.970827316316833,200.84206335738145,199.65027654236263,0.012644022794242584,0.0016287791631505386,-0.011103802637262045,0.0031689993201310797,0.49869791666666663,0.33463541666666663,95.0,64.0,1.0035605293689596,48.0,1526.4728713972647
off0122,122.0,1.25,1155099.0,508.0,4.970827316316833,1.7261628439259136,1.7150040767536185,0.28668748937662936,8.434522581081665e-05,1.6279927946265456e-05,-6.769809427104712e-05,3.2927059486034986e-05,0.7095492345984132,0.13695393310700685,-0.569506222931145,0.27699694477427517,0.5010907690940074,0.09671823789631748,0.40219099300967504,0.5010907690940074,0.09671823789631748,0.402190993009675,0.1070742728947247,0.10707427289472467,1.0,124.42873749999998,4.970827316316833,201.00967252544936,199.7102469567763,0.01383425561506759,0.0026702244547744843,-0.011103802637262045,0.0054006774325800295,0.49869791666666663,0.33463541666666663,95.0,64.0,1.0035605293689596,48.0,1526.4728713972647
off0124,124.0,1.27,1174135.0,508.0,4.970827316316833,1.7285578440698388,1.7166566164769106,0.2834143324538879,8.806458357658604e-05,2.1171143270023406e-05,-6.678235512275078e-05,4.245337172385865e-05,0.7509967007680429,0.18054316618039815,-0.569506222931145,0.3620336440172961,0.5003155504893844,0.12027822956114646,0.37940621994946916,0.5003155504893843,0.12027822956114646,0.3794062199494692,0.13672303403511893,0.13672303403511896,1.0,126.41959729999999,4.970827316316833,201.28856753024155,199.90268330180777,0.014642367037965608,0.003520094432780098,-0.011103802637262045,0.00705865883348366,0.49869791666666663,0.33463541666666663,95.0,64.0,1.0035605293689596,48.0,1526.4728713972647
off0126,126.0,1.29,1193151.0,528.0,4.970827316316833,1.7324277888957484,1.7187779416643851,0.28001922073467456,8.371224403900743e-05,2.799559640642236e-05,-6.587969305124405e-05,4.582814739418573e-05,0.7236622046593628,0.2420118496260246,-0.569506222931145,0.39616783135424244,0.4713858140305515,0.1576439283501097,0.3709702576193388,0.47138581403055146,0.1576439283501097,0.3709702576193388,0.18714642614415855,0.18714642614415855,1.0,128.4104571,4.970827316316833,201.73921814231153,200.14970917352937,0.014109419656956064,0.004718564443941141,-0.011103802637262045,0.007724181463635159,0.49869791666666663,0.33463541666666663,95.0,64.0,1.0035605293689596,48.0,1526.4728713972647
off0128,128.0,1.31,1212037.0,528.0,4.970827316316833,1.7357296840486593,1.719236348696131,0.2765385692230538,8.201244008797627e-05,2.974196693177752e-05,-6.489668209196342e-05,4.685772492779038e-05,0.7197069785737809,0.2610031006801995,-0.569506222931145,0.41120385632283546,0.4642622952418379,0.16836560182749954,0.3673721029306625,0.46426229524183793,0.16836560182749954,0.3673721029306626,0.20245146448665363,0.2024514644866536,1.0,130.4013169,4.970827316316833,202.12372002504844,200.20309014373092,0.014032303642992223,0.005088841527929648,-0.011103802637262045,0.008017342533659827,0.49869791666666663,0.33463541666666663,95.0,64.0,1.0035605293689596,48.0,1526.4728713972647
off0130,130.0,1.33,1230907.0,528.0,4.970827316316833,1.7361041341980832,1.7166067756929526,0.27305840657605596,8.260878944222954e-05,2.9588516498034885e-05,-6.402780775884933e-05,4.81694981814151e-05,0.7347779238881734,0.2631800910066728,-0.569506222931145,0.42845179196370126,0.46876854103368915,0.1679018153369118,0.363329643629399,0.46876854103368915,0.1679018153369118,0.36332964362939907,0.20178125422169296,0.20178125422169294,1.0,132.3921767,4.970827316316833,202.1673243131245,199.89687939999337,0.014326145563571582,0.0051312868427568934,-0.011103802637262045,0.00835362976906643,0.49869791666666663,0.33463541666666663,95.0,64.0,1.0035605293689596,48.0,1526.4728713972647
off0132,132.0,1.35,1249767.0,528.0,4.970827316316833,1.7327563777777686,1.7100801196858717,0.2695829596969332,7.87293487994876e-05,3.116881192028701e-05,-6.314828351632211e-05,4.674987720345249e-05,0.7100249060140446,0.28109762231915286,-0.569506222931145,0.4216163054020525,0.45496080053556515,0.18011818768007562,0.3649210117843592,0.4549608005355651,0.18011818768007562,0.36492101178435926,0.2196879903585324,0.21968799035853237,1.0,134.3830365,4.970827316316833,201.7774819386867,199.13685783465496,0.013843529897431307,0.005480629349352815,-0.011103802637262045,0.008220356609522077,0.49869791666666663,0.33463541666666663,95.0,64.0,1.0035605293689596,48.0,1526.4728713972647
off0134,134.0,1.37,1268625.0,528.0,4.970827316316833,1.7274684011780017,1.7025116164261722,0.2663518910115911,7.10900375451456e-05,3.17577041036235e-05,-6.210546661291297e-05,4.074227503585612e-05,0.6518946073251345,0.291217683392448,-0.569506222931145,0.37360606778643757,0.43097092984313606,0.1925255315631268,0.37650353859373714,0.4309709298431361,0.19252553156312682,0.37650353859373714,0.238429249578407,0.23842924957840705,1.0,136.3738963,4.970827316316833,201.16170316185713,198.25551435823073,0.012710149193416086,0.005677942664484919,-0.011103802637262045,0.0072842892206389604,0.49869791666666663,0.33463541666666663,95.0,64.0,1.0035605293689596,48.0,1526.4728713972647
off0136,136.0,1.3900000000000001,1287474.0,528.0,4.970827316316833,1.7211268016088268,1.6963160964946589,0.26333797475543147,6.992160949448973e-05,3.1694295061591884e-05,-6.097950490188961e-05,4.0636399654192005e-05,0.6530192691551252,0.2960027028430843,-0.569506222931145,0.3795157490670646,0.43003433939236485,0.1949273670594276,0.3750382935482075,0.4300343393923649,0.1949273670594276,0.37503829354820756,0.24212395140975612,0.24212395140975615,1.0,138.3647561,4.970827316316833,200.42323120530162,197.5340532070186,0.012732077001210013,0.005771237363394204,-0.011103802637262045,0.007399511727342172,0.49869791666666663,0.33463541666666663,95.0,64.0,1.0035605293689596,48.0,1526.4728713972647
off0138,138.0,1.41,1306313.0,528.0,1.0055352457497868,2.278700862291176,2.2479446255904896,0.009365412837004828,-18.012581677419455,10.367457304507205,-0.21348047369592926,-7.858604846608179,-1174.2999322549354,675.8889218862328,-13.91750001684356,-512.3285103855461,0.6299532908278447,0.36258066519574816,0.007466043976407065,0.6299532908278448,0.36258066519574816,0.007466043976407066,0.5688259602402785,0.5688259602402785,1.0,140.35561589999998,1.0055352457497868,265.35208756484354,261.77055926983087,-22.89561405948934,13.177972234807207,-0.27135291445236076,-9.988994739134492,0.49869791666666663,0.33463541666666663,95.0,64.0,1.0035605293689596,48.0,1526.4728713972647
off0140,140.0,1.43,1325149.0,528.0,1.0042161491660884,4.080988306625271,4.033298125991896,0.00541060399187819,-11.112997658314821,-27.528352705185387,-0.12972084154192715,-38.771071205042134,-1195.426529208522,-2961.228296900226,-13.954086929411785,-4170.608913038159,0.28663117404064886,0.7100230107030253,0.003345815256325884,0.2866311740406488,0.7100230107030253,0.0033458152563258835,2.4485494949941287,2.4485494949941287,1.0,142.34647569999998,1.0042161491660884,475.2263820192283,469.6729154818583,-23.307524506687333,-57.735795060190455,-0.272066258468469,-81.31538582534624,0.49869791666666663,0.33463541666666663,95.0,64.0,1.0035605293689596,48.0,1526.4728713972647
off0142,142.0,1.45,1343992.0,528.0,4.970827316316833,1.704657729554884,1.6897560799243425,0.25628935337178566,6.665258836371837e-05,1.828856524990582e-05,-5.787542794330409e-05,2.706572567032009e-05,0.6558753031561353,0.17996327782676333,-0.569506222931145,0.26633235805175354,0.4667006284361309,0.12805631566398887,0.40524305589988024,0.46670062843613086,0.12805631566398887,0.4052430558998802,0.1468630577461024,0.1468630577461024,1.0,144.33733549999997,4.970827316316833,198.5054267571234,196.77014684256358,0.012787761797258957,0.0035087882071917847,-0.011103802637262045,0.005192747367188694,0.49869791666666663,0.33463541666666663,95.0,64.0,1.0035605293689596,48.0,1526.4728713972647
off0144,144.0,1.47,1362857.0,528.0,4.092385595046904,1.7022061446097194,1.6929044346021973,0.28968112984718963,0.0002637257054030834,9.037126963166795e-05,-0.00015289556735800263,0.00020120140767674875,1.449306699105215,0.49663602675224355,-0.8402387992355903,1.1057039266218682,0.5201766956145519,0.17824970206693821,0.3015736023185098,0.5201766956145519,0.17824970206693821,0.3015736023185098,0.21691467896669767,0.21691467896669764,1.0,146.3281953,4.092385595046904,198.21994251748177,197.1367691140465,0.028257488504514035,0.00968303453336915,-0.01638234213993839,0.021558180897944795,0.49869791666666663,0.33463541666666663,95.0,64.0,1.0035605293689596,48.0,1526.4728713972647
off0146,146.0,1.49,1381719.0,528.0,3.8432347260168074,1.7089405981853123,1.7018265230227865,0.31206017928578283,0.0004238906536812564,0.0001629427106129651,-0.00021830764138994663,0.0003685257229042748,1.8498942827410398,0.711095623740525,-0.952712814445809,1.6082770920357559,0.5264800211250643,0.20237785613031178,0.2711421227446239,0.5264800211250643,0.20237785613031178,0.2711421227446239,0.25372647648480445,0.25372647648480445,1.0,148.31905509999999,3.8432347260168074,199.00416187003657,198.17573602147155,0.036067842963393555,0.013864405943796291,-0.018575275625874455,0.03135697328131539,0.49869791666666663,0.33463541666666663,95.0,64.0,1.0035605293689596,48.0,1526.4728713972647
off0148,148.0,1.51,1400583.0,528.0,3.891489466375404,1.7231967706031797,1.7157245350302033,0.3119330366577224,0.0003980959370335248,0.00015405873628552766,-0.00020474109080372547,0.00034741358251532697,1.8067865146354816,0.6992064507280681,-0.9292318947349053,1.5767610706286443,0.525958732897531,0.2035402278464032,0.2705010392560658,0.525958732897531,0.20354022784640322,0.2705010392560658,0.25555619374979627,0.25555619374979627,1.0,150.3099149,3.891489466375404,200.6642767075593,199.79414349223595,0.035227360226061204,0.013632599818884912,-0.0181174623699115,0.030742497675034612,0.49869791666666663,0.33463541666666663,95.0,64.0,1.0035605293689596,48.0,1526.4728713972647
off0150,150.0,1.53,1419567.0,528.0,3.9405193708831217,1.7373617202826068,1.729506487205056,0.3115976186538337,0.0003729478647031305,0.0001450140310234226,-0.00019193781153192086,0.00032602408419463223,1.7609072405441244,0.6846969278478128,-0.9062518224358023,1.539352345956135,0.5253528926549345,0.2042739693237021,0.2703731380213634,0.5253528926549345,0.2042739693237021,0.2703731380213634,0.2567139460677025,0.2567139460677025,1.0,152.3007747,3.9405193708831217,202.3137687623908,201.39903592934107,0.03433284075614336,0.013349704089328202,-0.017669414258890064,0.030013130586581498,0.49869791666666663,0.33463541666666663,95.0,64.0,1.0035605293689596,48.0,1526.4728713972647
off0152,152.0,1.55,1438573.0,528.0,3.9903368917768507,1.7512279346945074,1.7430062394488925,0.31107850825332156,0.0003482972848663354,0.00013508651579233934,-0.00017987941068283188,0.00030350438997584286,1.7112179713572397,0.6636930104137817,-0.8837647998196122,1.4911461819514091,0.5251267956832315,0.2036695439795542,0.27120366033721416,0.5251267956832316,0.2036695439795542,0.2712036603372142,0.25576008356802693,0.2557600835680269,1.0,154.2916345,3.9903368917768507,203.92847343982703,202.97106650991861,0.033364036876527704,0.012940185554839728,-0.017230979258575745,0.02907324317279168,0.49869791666666663,0.33463541666666663,95.0,64.0,1.0035605293689596,48.0,1526.4728713972647
off0154,154.0,1.57,1457577.0,528.0,4.040954681326217,1.7645679384744355,1.7560493044189982,0.3104241357838573,0.0003243242498212834,0.00012388256853998545,-0.00016854712719101367,0.00027965969117025517,1.6582344531619755,0.6333980373419579,-0.8617630456052048,1.4298694448987284,0.5258567896648993,0.2008622229875688,0.2732809873475318,0.5258567896648993,0.20086222298756884,0.27328098734753187,0.2513486769934595,0.2513486769934595,1.0,156.2824943,4.040954681326217,205.481901496008,204.48991638413224,0.03233100421528648,0.012349517027708689,-0.016802005655420112,0.02787851558757505,0.49869791666666663,0.33463541666666663,95.0,64.0,1.0035605293689596,48.0,1526.4728713972647
off0156,156.0,1.59,1476578.0,528.0,4.092385595046904,1.7772261442786816,1.768520879029317,0.3096894383747874,0.000301341208994642,0.00011163257000898133,-0.00015790741858511976,0.0002550663604185036,1.6034621924325407,0.5940063957753052,-0.8402387992355903,1.357229788972256,0.5278527481154234,0.1955443102356303,0.27660294164894644,0.5278527481154233,0.1955443102356303,0.27660294164894644,0.24307654569875248,0.2430765456987525,1.0,158.27335409999998,4.092385595046904,206.9559349641855,205.94221686500418,0.03126309600173596,0.01158148852178179,-0.01638234213993839,0.02646224238357937,0.49869791666666663,0.33463541666666663,95.0,64.0,1.0035605293689596,48.0,1526.4728713972647
off0158,158.0,1.61,1495579.0,528.0,4.144642694965601,1.789222365536025,1.7804651745231586,0.308902814613258,0.0002788568176713232,9.857591809390575e-05,-0.00014791990965960905,0.00022951282610561989,1.5443163430976559,0.5459160103006859,-0.8191843250040599,1.271048028394282,0.5307993023349478,0.18763761627999448,0.28156308138505776,0.5307993023349477,0.18763761627999445,0.28156308138505776,0.230977726246698,0.230977726246698,1.0,160.2642139,4.144642694965601,208.35288109529162,207.33311630083247,0.03010991485746741,0.010643858470416072,-0.015971837887157822,0.024781935440725662,0.49869791666666663,0.33463541666666663,95.0,64.0,1.0035605293689596,48.0,1526.4728713972647
off0160,160.0,1.6300000000000001,1514577.0,528.0,4.1977392529373905,1.80072283780198,1.7920612049475655,0.3080843194709526,0.0002603374699611813,8.530125343281633e-05,-0.000138546504893182,0.00020709221850081564,1.500603707838424,0.491682496582746,-0.7985919160302339,1.193694288390936,0.5376815622445427,0.1761748365074502,0.28614360124800703,0.5376815622445428,0.17617483650745022,0.2861436012480071,0.21384978793384896,0.2138497879338489,1.0,162.2550737,4.1977392529373905,209.6920978280594,208.68346067095217,0.02925763887675031,0.009586454339606325,-0.015570342634139677,0.02327375058221696,0.49869791666666663,0.33463541666666663,95.0,64.0,1.0035605293689596,48.0,1526.4728713972647
off0162,162.0,1.6500000000000001,1533571.0,528.0,4.25168875401644,1.8118545702577171,1.8033662848129361,0.3072191236409796,0.00024275945895660574,7.281229737623986e-05,-0.0001297423270874966,0.000185829429245349,1.4565566331692932,0.43687374809405516,-0.778453898086392,1.1149764831769562,0.5451421097936836,0.16350773552228004,0.2913501546840364,0.5451421097936836,0.16350773552228007,0.2913501546840364,0.19546831747974291,0.19546831747974291,1.0,164.2459335,4.25168875401644,210.98837523516633,209.99992418400282,0.028398842248756474,0.008517834715256167,-0.015177706754582137,0.021738970209430504,0.49869791666666663,0.33463541666666663,95.0,64.0,1.0035605293689596,48.0,1526.4728713972647
off0164,164.0,1.67,1552567.0,528.0,4.306504899880823,1.822669597795911,1.8143711924985484,0.306326513854788,0.00022637992725363897,6.125669725712511e-05,-0.00012147377583402542,0.00016616284867673867,1.4140387795156328,0.38262820594325214,-0.7587626332746769,1.0379043521842082,0.5533467911420751,0.14973145929680418,0.2969217495611207,0.5533467911420751,0.14973145929680418,0.2969217495611207,0.17609902298980987,0.1760990229898099,1.0,166.2367933,4.306504899880823,212.2477727198566,211.2814329928859,0.02756986121831159,0.0074601960631380144,-0.014793781330515642,0.020236275950933965,0.49869791666666663,0.33463541666666663,95.0,64.0,1.0035605293689596,48.0,1526.4728713972647
off0166,166.0,1.69,1571562.0,528.0,4.362201612312372,1.8332423746235507,1.8251072787650005,0.3054166380502154,0.0002114432864915262,5.091629638943673e-05,-0.00011372026894328275,0.00014863931393768018,1.3749926635657919,0.3311031300784412,-0.7395105235559655,0.9665852700882676,0.5622297644127464,0.13538692951100068,0.302383306076253,0.5622297644127463,0.13538692951100065,0.30238330607625297,0.15658672547528094,0.15658672547528094,1.0,168.22765309999997,4.362201612312372,213.47896038867177,212.53163785751866,0.02680856951015917,0.006455599010048419,-0.014418418221106157,0.018845750299101433,0.49869791666666663,0.33463541666666663,95.0,64.0,1.0035605293689596,48.0,1526.4728713972647
off0168,168.0,1.71,1590553.0,528.0,4.418793036732421,1.8436175927936052,1.8355751485778045,0.3044953885548345,0.00019748431389628434,4.188879816600856e-05,-0.00010645202775498177,0.00013292108430731112,1.3369869599875566,0.283591014458581,-0.7206900141314054,0.899887960314732,0.5710525093711524,0.1211271054155911,0.3078203852132565,0.5710525093711525,0.12112710541559112,0.3078203852132565,0.13782095927860907,0.13782095927860905,1.0,170.21851289999998,4.418793036732421,214.6871425796402,213.75060922543736,0.026067562977428044,0.005529243628001106,-0.01405147012858582,0.017545336476843323,0.49869791666666663,0.33463541666666663,95.0,64.0,1.0035605293689596,48.0,1526.4728713972647
off0170,170.0,1.73,1609542.0,528.0,4.476293545794353,1.8538028835635705,1.8457637732269727,0.3035649751409043,0.00018450199085304816,3.417693067156479e-05,-9.964000710655306e-05,0.00011903891441805989,1.300427112694156,0.24088958102013386,-0.7022935966777905,0.8390230970364995,0.5796136335543821,0.10736694427356964,0.3130194221720483,0.579613633554382,0.10736694427356962,0.31301942217204826,0.12028116546299504,0.12028116546299501,1.0,172.2093727,4.476293545794353,215.87320794389683,214.93706281608243,0.02535474665962735,0.0046966832974250075,-0.013692790661333854,0.016358639295718506,0.49869791666666663,0.33463541666666663,95.0,64.0,1.0035605293689596,48.0,1526.4728713972647
off0172,172.0,1.75,1628529.0,528.0,4.534717743033857,1.8639247182845229,1.8558059621579135,0.30264856937891926,0.00017258139654941895,2.788966423230951e-05,-9.325325677453295e-05,0.0001072178040071955,1.266441918636385,0.20466076058421798,-0.6843138124381378,0.786788866782465,0.5875625075419977,0.0949518394130489,0.3174856530449535,0.5875625075419977,0.0949518394130489,0.3174856530449535,0.10491357647914532,0.10491357647914532,1.0,174.20023249999997,4.534717743033857,217.05188392442483,216.10646413621288,0.02469212898801647,0.00399032109152888,-0.013342234394134301,0.015340215685411048,0.49869791666666663,0.33463541666666663,95.0,64.0,1.0035605293689596,48.0,1526.4728713972647
off0174,174.0,1.77,1647517.0,528.0,4.594080466577815,1.8740801612100562,1.8657742481022803,0.3017691391183327,0.00016117810869062908,2.278362696846702e-05,-8.72556410309374e-05,9.67060946281587e-05,1.2316042330405728,0.17409567370120635,-0.6667432551689892,0.7389566515727898,0.5942764827890615,0.08400504144137406,0.3217184757695646,0.5942764827890614,0.08400504144137405,0.3217184757695646,0.09170906526992367,0.09170906526992366,1.0,176.19109229999998,4.594080466577815,218.2344735416185,217.26725953878338,0.024012890079609224,0.0033943860891105454,-0.012999656925640294,0.014407619243079475,0.49869791666666663,0.33463541666666663,95.0,64.0,1.0035605293689596,48.0,1526.4728713972647
off0176,176.0,1.79,1666501.0,528.0,4.6543967929127845,1.8841503384702043,1.8755287276203652,0.3009120280363709,0.0001502604964960996,1.8392524021764376e-05,-8.160764177685585e-05,8.704537874100811e-05,1.1960325757148114,0.14639947552827637,-0.6495745739461081,0.6928574772969797,0.6004159627738263,0.07349346818280371,0.3260905690433701,0.6004159627738263,0.07349346818280372,0.3260905690433701,0.07932320567525614,0.07932320567525615,1.0,178.18195210000002,4.6543967929127845,219.4071340704084,218.40315742957972,0.023319340744199547,0.0028543865141596432,-0.0126649149330774,0.013508812325281791,0.49869791666666663,0.33463541666666663,95.0,64.0,1.0035605293689596,48.0,1526.4728713972647
off0178,178.0,1.81,1685482.0,528.0,4.684917334646457,1.8943121620156145,1.8854556004265666,0.30018165522070644,0.00013538313795086448,1.9299085793632228e-05,-7.882575724388192e-05,7.585646650061479e-05,1.10115482647432,0.15697140567027618,-0.6411386554734486,0.6169875766711476,0.5797794892398231,0.08264850611077279,0.3375720046494041,0.579779489239823,0.08264850611077279,0.3375720046494041,0.09009469833681094,0.09009469833681094,1.0,180.1728119,4.684917334646457,220.5904667034285,219.5591303199694,0.021469485975603934,0.0030605100314541685,-0.0125004377596721,0.012029558247386003,0.49869791666666663,0.33463541666666663,95.0,64.0,1.0035605293689596,48.0,1526.4728713972647
off0180,180.0,1.83,1704463.0,528.0,1.0061987434326054,1.9212693529268172,1.900816083368387,0.010627870394631412,-15.384428100339843,-31.29251546787131,-0.2390900071674924,-46.91603357537865,-894.3514523811581,-1819.1450780502096,-13.899151386416815,-2727.3956818177844,0.3279140824132569,0.6669897918287258,0.005096125758017316,0.3279140824132569,0.6669897918287258,0.005096125758017317,2.002910948260417,2.002910948260417,1.0,182.1636717,1.0061987434326054,223.7296004974006,221.3478408444908,-17.437389822498385,-35.46831817087688,-0.270995166700503,-53.17670316007577,0.49869791666666663,0.33463541666666663,95.0,64.0,1.0035605293689596,48.0,1526.4728713972647
off0000,-1.0,0.0,0.0,408.0,4.970827316316833,1.3662999233984987,1.3662999233984987,0.0946021571569004,0.00016836868289644633,0.0,-9.166908998199544e-05,7.669959291445089e-05,1.0460124855071629,0.0,-0.569506222931145,0.4765062625760179,0.6474777915251281,0.0,0.3525222084748719,0.6474777915251281,0.0,0.3525222084748719,0.0,0.0,2.0,0.0,4.970827316316833,159.10405043202647,159.10405043202647,0.020394362216807096,0.0,-0.011103802637262045,0.009290559579545051,0.20052083333333331,0.0859375,38.0,16.0,1.608344936754809,50.0,1503.2266520909113
off0002,2.0,0.04,22481.0,428.0,1.0576881400338358,7.203000129772735,7.025324773235443,0.0004013120809079324,-0.19161057847049712,-570.7170697088139,-0.11313190629314995,-571.0218121935776,-21.30467601381052,-63456.52918933047,-12.578838964109925,-63490.41270430839,0.00033555737167802045,0.9994663207634872,0.00019812186483482,0.00033555737167802045,0.9994663207634872,0.00019812186483482002,1872.784722325317,1872.784722325317,2.0,3.9817196,1.0576881400338358,838.7810584506644,818.0909680811046,-0.41538249835202223,-1237.2275276247033,-0.24525271127768739,-1237.8881628343331,0.20052083333333331,0.0859375,38.0,16.0,1.608344936754809,50.0,1503.2266520909113
off0004,4.0,0.07,47710.0,428.0,1.085410712160653,11.507871931037021,11.240933347084816,0.00026001606100016197,-0.035665894156965416,-377.01120509897135,-0.04629570337593717,-377.0931666965043,-9.201953816586364,-97270.50953463266,-11.944490231953344,-97291.65597868121,9.458112028232636e-05,0.9997826489452171,0.00012276993450055626,9.458112028232637e-05,0.9997826489452171,0.00012276993450055626,4599.851838510399,4599.851838510399,2.0,6.9680093,1.085410712160653,1340.0784152331366,1308.993724971467,-0.17941275256078928,-1896.5070034521134,-0.23288465831979077,-1896.9193008629945,0.20052083333333331,0.0859375,38.0,16.0,1.608344936754809,50.0,1503.2266520909113
off0006,6.0,0.09,67709.0,428.0,1.114451921875137,13.316779676503478,13.015896680255318,0.00028018073835828276,-0.0016033348901265398,-240.84055963581932,-0.0308564997147898,-240.87301947042423,-0.5887226374935985,-88433.35871836702,-11.330084567970585,-88445.27752557247,6.6563490325798255e-06,0.9998652408863546,0.00012810276461278194,6.656349032579825e-06,0.9998652408863546,0.00012810276461278194,7419.648392149904,7419.648392149904,2.0,8.958869099999998,1.114451921875137,1550.7236361197051,1515.6861581916294,-0.011478469789447126,-1724.2069045445085,-0.22090544025792716,-1724.4392884545557,0.20052083333333331,0.0859375,38.0,16.0,1.608344936754809,50.0,1503.2266520909113
off0008,8.0,0.11,87238.0,428.0,1.1493811471570115,14.054872728556584,13.748008787225046,0.0003799204663664892,0.007511660183775248,-138.1670261935247,-0.024203468023711906,-138.1837180013646,3.3058719067572855,-60807.129071140866,-10.651914893396288,-60814.4751141275,5.4354041953882956e-05,0.9997705107303861,0.00017513522766003542,5.435404195388296e-05,0.9997705107303861,0.00017513522766003542,4356.502212118029,4356.502212118028,2.0,10.949728899999998,1.1493811471570115,1636.6737208458203,1600.9397687601454,0.0644553961285514,-1185.5715231159118,-0.20768299962805603,-1185.714750719411,0.20052083333333331,0.0859375,38.0,16.0,1.608344936754809,50.0,1503.2266520909113
off0010,10.0,0.13,106521.0,428.0,1.188744939753042,14.603971083008373,14.29546094405181,0.0005122759549683002,0.01033230898849935,-74.63269832489982,-0.01837172865428552,-74.64073774456561,5.600487430907315,-40453.63813340678,-9.958145418114283,-40457.99579139399,0.00013838889521961402,0.9996155438187003,0.00024606728608010393,0.000138388895219614,0.9996155438187002,0.00024606728608010393,2600.0766600743264,2600.0766600743264,2.0,12.9405887,1.188744939753042,1700.6155909891881,1664.689941088511,0.10919407831085307,-788.73451369973,-0.19415640585417268,-788.8194760272734,0.20052083333333331,0.0859375,38.0,16.0,1.608344936754809,50.0,1503.2266520909113
off0012,12.0,0.15,125631.0,428.0,1.2331063063461736,14.92010946663485,14.616585266675546,0.0006937705097093345,0.010223460379738536,-38.41354769642479,-0.013684152817951892,-38.417008388863,6.914086228648307,-25978.931913087545,-9.254538975553777,-25981.272365834448,0.0002659765142459673,0.9993780125920119,0.00035601089374213025,0.0002659765142459673,0.9993780125920119,0.0003560108937421303,1606.7495897137778,1606.7495897137778,2.0,14.931448499999998,1.2331063063461736,1737.429541184614,1702.0844981302707,0.13480563654737152,-506.5176131089772,-0.1804380183143714,-506.5632454907441,0.20052083333333331,0.0859375,38.0,16.0,1.608344936754809,50.0,1503.2266520909113
off0014,14.0,0.17,144594.0,428.0,1.3394402559223786,15.16673062519534,14.891736518000119,0.0012014039737369522,0.005458387724093322,-9.0320770960589,-0.00684963950537461,-9.03346834784018,6.2503710285597585,-10342.583902520795,-7.843486114314712,-10344.177017606547,0.0006035112005611671,0.9986391526829419,0.0007573361164970173,0.000603511200561167,0.9986391526829418,0.0007573361164970172,733.8362946122074,733.8362946122076,2.0,16.9223083,1.3394402559223786,1766.1482906899291,1734.1255440364205,0.12186501835499548,-201.65189736091634,-0.15292637427771474,-201.682958716839,0.20052083333333331,0.0859375,38.0,16.0,1.608344936754809,50.0,1503.2266520909113
off0016,16.0,0.19,163513.0,428.0,1.3597673450940482,15.085311418417062,14.82516915924363,0.0013211771059360787,0.005403914783526587,-7.010125453268026,-0.006110393506011969,-7.010831931990512,6.7307881912843674,-8731.386691017806,-7.610735198811948,-8732.266638025334,0.0007696086622261965,0.9983601681828541,0.0008702231549196622,0.0007696086622261965,0.9983601681828542,0.0008702231549196622,608.8186347795767,608.8186347795767,2.0,18.9131681,1.3597673450940482,1756.667117955055,1726.373851876199,0.13123182971482925,-170.23798979348464,-0.1483883725398528,-170.25514633630968,0.20052083333333331,0.0859375,38.0,16.0,1.608344936754809,50.0,1503.2266520909113
off0018,18.0,0.21,182365.0,428.0,1.3984606439911182,14.799404106041408,14.563003098310503,0.001636555927068083,0.004992704980001789,-4.32548578122301,-0.005192627942652305,-4.325685704185661,6.918373860608981,-5993.8105462098365,-7.195406411996855,-5994.087578761224,0.0011515414450400697,0.9976508059180449,0.0011976526369148971,0.00115154144504007,0.997650805918045,0.0011976526369148971,424.6778985105452,424.6778985105452,2.0,20.9040279,1.3984606439911182,1723.3735411436378,1695.8449164163203,0.13488923356028476,-116.86279564727502,-0.14029060522375122,-116.86819701893847,0.20052083333333331,0.0859375,38.0,16.0,1.608344936754809,50.0,1503.2266520909113
off0020,20.0,0.23,201150.0,428.0,1.4644462956833275,14.501394285976263,14.289668860598006,0.002113876184339783,0.003910104309122156,-2.031161472927437,-0.0037585885507613096,-2.0310099571690765,6.826097441188628,-3545.9172024246245,-6.561587533349641,-3545.6526925167855,0.001917817567512897,0.9962386799113686,0.001843502521118468,0.0019178175675128967,0.9962386799113686,0.001843502521118468,264.8641052705171,264.86410527051714,2.0,22.8948877,1.4644462956833275,1688.6706412686628,1664.0154596498762,0.13309009755779597,-69.13561818718834,-0.12793288294980112,-69.13046097258034,0.20052083333333331,0.0859375,38.0,16.0,1.608344936754809,50.0,1503.2266520909113
off0022,22.0,0.25,219834.0,428.0,1.5162949609330854,14.100721566423497,13.913261525008396,0.0026483559769549282,0.0030574938703623977,-1.1755320081078173,-0.0031209988864747593,-1.1755955131239295,5.995983435309088,-2305.309756010946,-6.1205217143093416,-2305.4342942899457,0.0025873459431267113,0.9947715682036198,0.0026410858532535104,0.0025873459431267113,0.9947715682036199,0.002641085853253511,190.26193836789184,190.26193836789184,2.0,24.885747499999997,1.5162949609330854,1642.0127651415137,1620.1832595018514,0.11690516099946831,-44.947190246233895,-0.11933331439818944,-44.949618399632605,0.20052083333333331,0.0859375,38.0,16.0,1.608344936754809,50.0,1503.2266520909113
off0024,24.0,0.27,238468.0,428.0,1.5666257011701625,13.739069230382016,13.567093391056282,0.003247066436611287,0.0026712106523806706,-0.7389699941892917,-0.002661696780724837,-0.7389604803176358,5.754066688410338,-1591.8185349814285,-5.733572815370467,-1591.7980411083886,0.003588875774309208,0.9928350307092972,0.003576093516393653,0.003588875774309207,0.9928350307092971,0.003576093516393652,138.56793943242474,138.56793943242474,2.0,26.8766073,1.5666257011701625,1599.8987676750721,1579.872379511987,0.11218845079674773,-31.036076753996035,-0.11178887672302361,-31.03567717992231,0.20052083333333331,0.0859375,38.0,16.0,1.608344936754809,50.0,1503.2266520909113
off0026,26.0,0.29,257062.0,428.0,1.6144970636392173,13.4272376296811,13.266610231473239,0.003884314734801436,0.0023286989302118213,-0.5096697543320395,-0.0023193673695512014,-0.5096604227713789,5.4203222646258835,-1186.3166514020218,-5.398601953186627,-1186.2949310905826,0.00452774303513571,0.9909626574983282,0.00450959946653613,0.004527743035135709,0.9909626574983281,0.00450959946653613,109.65199751088416,109.65199751088416,2.0,28.867467099999995,1.6144970636392173,1563.5863373846491,1544.8814621024635,0.10568135383489877,-23.129906982699044,-0.10525786759062197,-23.12948349645477,0.20052083333333331,0.0859375,38.0,16.0,1.608344936754809,50.0,1503.2266520909113
off0028,28.0,0.31,275604.0,428.0,1.67212888748114,13.181264291815195,13.031536072472091,0.004633535064809484,0.0019162944675465768,-0.3424959445090695,-0.0019524659432248485,-0.34253211598474775,4.939637801282336,-882.852788511626,-5.032877118941751,-882.9460278292853,0.005532591630518658,0.9888303849791312,0.005637023390350084,0.005532591630518659,0.9888303849791313,0.005637023390350084,88.52860041565,88.52860041565002,2.0,30.858326899999998,1.67212888748114,1534.9430258521368,1517.5073473795746,0.09630933084927762,-17.213197550213177,-0.09812724071511643,-17.215015460079012,0.20052083333333331,0.0859375,38.0,16.0,1.608344936754809,50.0,1503.2266520909113
off0030,30.0,0.33,294208.0,428.0,1.7269445710155735,13.003119182817676,12.861100169125015,0.0053822475061361475,0.0015932403874548556,-0.2500345561353482,-0.0016750795258534692,-0.25011639527374685,4.487917926942476,-704.3096419539702,-4.718446439297973,-704.5401704663258,0.006289862998432014,0.9870971859289883,0.006612951072579634,0.006289862998432014,0.9870971859289883,0.006612951072579633,76.50247306490054,76.50247306490054,2.0,32.8491867,1.7269445710155735,1514.1982333503126,1497.6602829853155,0.08750203756601345,-13.73209799100493,-0.09199670856413272,-13.736592662003051,0.20052083333333331,0.0859375,38.0,16.0,1.608344936754809,50.0,1503.2266520909113
off0032,32.0,0.35000000000000003,312821.0,428.0,1.7704113695340682,12.873186058600398,12.73587659224223,0.006023777493434245,0.0013531848487081221,-0.20268969345229634,-0.0015007705269566168,-0.20283727913054486,4.048091130901226,-606.3520081330071,-4.489597903413604,-606.7935149055195,0.006583442769573146,0.9861150884888032,0.007301468741623603,0.006583442769573146,0.9861150884888034,0.007301468741623604,71.02062463225661,71.02062463225661,2.0,34.8400465,1.7704113695340682,1499.067670877005,1483.0781418679537,0.0789266265499835,-11.822193956659257,-0.0875347924796905,-11.830802122588965,0.20052083333333331,0.0859375,38.0,16.0,1.608344936754809,50.0,1503.2266520909113
off0034,34.0,0.37,331404.0,428.0,1.8005654491915268,12.779532897795338,12.643890252355629,0.006506482020670002,0.001253239551696879,-0.17817181575418664,-0.0014019013214859942,-0.17832047752397576,3.880204806967546,-551.6448431742011,-4.340482423459136,-552.1051207906928,0.006930601360943282,0.9853166755515644,0.007752723087492399,0.006930601360943283,0.9853166755515644,0.0077527230874924,67.10446799781347,67.10446799781347,2.0,36.8309063,1.8005654491915268,1488.1618683041822,1472.3664386688704,0.07565330567763123,-10.755554931329128,-0.08462745136047817,-10.764529077011977,0.20052083333333331,0.0859375,38.0,16.0,1.608344936754809,50.0,1503.2266520909113
off0036,36.0,0.39,349938.0,428.0,1.831696100443679,12.713404091177177,12.578308116916505,0.006967678552650807,0.001140380871083431,-0.15654765927967076,-0.0013008375225965403,-0.1567081159311839,3.6768494927237905,-504.74556019402297,-4.1941985404674815,-505.2629092417667,0.00717270847981197,0.9846453511125756,0.008181940407612444,0.007172708479811971,0.9846453511125757,0.008181940407612444,64.12685554268899,64.12685554268899,2.0,38.8217661,1.831696100443679,1480.4612450347208,1464.7294746277744,0.07168843719387795,-9.841148097702725,-0.081775318582382,-9.85123497909123,0.20052083333333331,0.0859375,38.0,16.0,1.608344936754809,50.0,1503.2266520909113
off0038,38.0,0.41000000000000003,368549.0,428.0,1.8476374843210692,12.669060899483242,12.529188842236863,0.00725713247034829,0.0010941208974602837,-0.14754756317060078,-0.0012626061987131248,-0.14771604847185363,3.5720677989448224,-481.7108424104584,-4.122135822138428,-482.26091043365204,0.0072987964221247655,0.984278454659441,0.00842274891843424,0.0072987964221247655,0.984278454659441,0.00842274891843424,62.6069787249326,62.606978724932596,2.0,40.81262590000001,1.8476374843210692,1475.2975314995258,1459.0095917367798,0.0696454827872843,-9.392034550255755,-0.0803702940723563,-9.402759361540827,0.20052083333333331,0.0859375,38.0,16.0,1.608344936754809,50.0,1503.2266520909113
off0040,40.0,0.43,387173.0,428.0,1.8557039515860076,12.647089032356977,12.500742247586876,0.00746234444785234,0.0010694477562637542,-0.14248213136887858,-0.0012511044042394987,-0.14266378801685434,3.493047264053838,-465.37740271987224,-4.086377095728545,-465.970732551547,0.007385552050537469,0.9839743842866532,0.008640063662809384,0.007385552050537469,0.9839743842866532,0.008640063662809384,61.400098560154234,61.400098560154234,2.0,42.803485699999996,1.8557039515860076,1472.7389329111224,1455.6970185950402,0.06810480001966782,-9.073577466892473,-0.07967309740508968,-9.085145764277895,0.20052083333333331,0.0859375,38.0,16.0,1.608344936754809,50.0,1503.2266520909113
off0042,42.0,0.45,405735.0,428.0,1.67212888748114,12.677661156039996,12.499096003978053,0.005602057855727986,0.0020538206077456156,-0.40621521716512826,-0.002310969019930134,-0.40647236557731276,4.472853878173775,-884.6640756344437,-5.032877118941751,-885.2240988752117,0.005002242130075419,0.9893692104937823,0.005628547376142322,0.005002242130075418,0.9893692104937822,0.005628547376142322,93.06639078077124,93.06639078077123,2.0,44.7943455,1.67212888748114,1476.299021457551,1455.5053154252778,0.08720833010907848,-17.248512659901827,-0.09812724071511643,-17.259431570507864,0.20052083333333331,0.0859375,38.0,16.0,1.608344936754809,50.0,1503.2266520909113
off0044,44.0,0.47000000000000003,424378.0,428.0,1.6396016944634537,12.73886855762186,12.553281787035687,0.005210956823332616,0.002280123056667721,-0.5040766138787409,-0.002583517048980264,-0.5043800078710535,4.619830735325312,-1021.3258564908597,-5.234547071138759,-1021.9405728266732,0.004480138953083599,0.9904435931967033,0.005076267850213141,0.004480138953083599,0.9904435931967033,0.005076267850213141,103.64184087004574,103.64184087004574,2.0,46.7852053,1.6396016944634537,1483.4265527860102,1461.8151873740783,0.09007397397448895,-19.91304095052573,-0.1020592492813027,-19.925026225832546,0.20052083333333331,0.0859375,38.0,16.0,1.608344936754809,50.0,1503.2266520909113
off0046,46.0,0.49,443047.0,428.0,1.658962299383973,12.790983261311004,12.607591522256483,0.005408514918113283,0.002098622025003341,-0.43840242309603117,-0.0023783596703268735,-0.4386821607413547,4.511692454559312,-942.4931601676742,-5.113082418366806,-943.0945501314817,0.004738585724012145,0.9898911946527763,0.0053702196232116705,0.004738585724012145,0.9898911946527761,0.00537021962321167,97.92365770744911,97.92365770744912,2.0,48.7760651,1.658962299383973,1489.4952499307653,1468.1394934093348,0.08796557536739653,-18.376020517578333,-0.09969102312770299,-18.38774596533864,0.20052083333333331,0.0859375,38.0,16.0,1.608344936754809,50.0,1503.2266520909113
off0048,48.0,0.51,461625.0,428.0,1.6396016944634537,12.837441784465959,12.651202254152974,0.005205561969970028,0.0022885960658886734,-0.5006576120781243,-0.0025475747068326696,-0.5009165907190684,4.702419050396114,-1028.7101021681658,-5.234547071138759,-1029.2422301889085,0.0045274465157249255,0.9904327789247047,0.005039774559570347,0.0045274465157249255,0.9904327789247047,0.005039774559570348,103.52355936273136,103.52355936273136,2.0,50.7669249,1.6396016944634537,1494.9052913751484,1473.2179128458065,0.09168421862813003,-20.057013401263596,-0.1020592492813027,-20.06738843191677,0.20052083333333331,0.0859375,38.0,16.0,1.608344936754809,50.0,1503.2266520909113
off0050,50.0,0.53,480378.0,428.0,1.608344936754809,12.908901150067562,12.718210564164677,0.004846908067096602,0.0025947648450899835,-0.6303523814711712,-0.0028554686573757345,-0.6306130852834569,4.9433122246102235,-1200.8905697312032,-5.439981641383499,-1201.3872391479763,0.004081085519281127,0.9914277900497598,0.004491124430959024,0.004081085519281127,0.9914277900497597,0.004491124430959023,115.65603220228932,115.65603220228934,2.0,52.7577847,1.608344936754809,1503.2266520909113,1481.0209532711829,0.09638097198294007,-23.414058246131983,-0.10606465752974624,-23.423741931678787,0.20052083333333331,0.0859375,38.0,16.0,1.608344936754809,50.0,1503.2266520909113
off0052,52.0,0.55,499059.0,428.0,1.5901799675555697,13.009953761518641,12.816385514281993,0.004596969284967273,0.002752258802252869,-0.7243655107774847,-0.003024794035850873,-0.7246380460110827,5.0635689908116515,-1332.677993575301,-5.564975674158748,-1333.1794002586482,0.003769481385421466,0.9920877741882402,0.00414274442633835,0.0037694813854214654,0.99208777418824,0.0041427444263383495,125.38668609706713,125.38668609706713,2.0,54.7486445,1.5901799675555697,1514.9941121582506,1492.453312994789,0.09872564767554873,-25.983550001474903,-0.10850169687170201,-25.99332605067106,0.20052083333333331,0.0859375,38.0,16.0,1.608344936754809,50.0,1503.2266520909113
off0054,54.0,0.5700000000000001,517736.0,428.0,1.5842208334972219,13.12100685257167,12.925097969775765,0.004462806112110623,0.0027667586881865436,-0.755971118296874,-0.003036777287404381,-0.7562411368960918,5.108374470118423,-1395.7789587301556,-5.606920340631485,-1396.2775046006686,0.003631990999791066,0.9923815580591434,0.003986450941065588,0.003631990999791066,0.9923815580591434,0.003986450941065589,130.26043458271144,130.26043458271144,2.0,56.73950430000001,1.5842208334972219,1527.9261165424593,1505.1127530673957,0.09959923110494433,-27.213845009831587,-0.10931950233096802,-27.22356528105761,0.20052083333333331,0.0859375,38.0,16.0,1.608344936754809,50.0,1503.2266520909113
off0056,56.0,0.59,536486.0,428.0,1.5961867746863843,13.222481007827456,13.026240615448728,0.004529335117125655,0.002558726910739134,-0.6822690801511418,-0.0028348613036574704,-0.6825452145440603,4.985176409120575,-1329.2671870400427,-5.5231699931743234,-1329.8051806240965,0.003720904199759468,0.9921566365857605,0.004122459214480075,0.003720904199759467,0.9921566365857604,0.004122459214480075,126.4963236032785,126.4963236032785,2.0,58.73036409999999,1.5961867746863843,1539.742664899723,1516.8906975160437,0.09719720826562783,-25.91704866913394,-0.10768660124662134,-25.927538062114934,0.20052083333333331,0.0859375,38.0,16.0,1.608344936754809,50.0,1503.2266520909113
off0058,58.0,0.61,555108.0,428.0,1.6144970636392173,13.302643392833705,13.107179195943456,0.004673191661969993,0.0023153352389277265,-0.5882484443035607,-0.0025885155404456856,-0.5885216246050787,4.8288577556713825,-1226.8495787471331,-5.398601953186627,-1227.4193229446487,0.003903441423258757,0.9917325603895915,0.00436399818714983,0.003903441423258757,0.9917325603895913,0.00436399818714983,119.95643235676187,119.95643235676185,2.0,60.7212239,1.6144970636392173,1549.0774821886396,1526.3159018744677,0.09414942510447308,-23.920187417624184,-0.10525786759062197,-23.93129586011034,0.20052083333333331,0.0859375,38.0,16.0,1.608344936754809,50.0,1503.2266520909113
off0060,60.0,0.63,573907.0,428.0,1.6396016944634537,13.353387434588997,13.159947723919108,0.004908571046585563,0.0020580686215388028,-0.48569535760724936,-0.0023167880491290578,-0.4859540770348396,4.6499968260490645,-1097.3792844729464,-5.234547071138759,-1097.9638347180362,0.004199538273451728,0.9910730002697392,0.004727461456809156,0.004199538273451728,0.9910730002697392,0.004727461456809157,111.01971885472163,111.01971885472162,2.0,62.712083699999994,1.6396016944634537,1554.986567331876,1532.460736103382,0.09066212965084017,-21.395873306340768,-0.1020592492813027,-21.407270425971234,0.20052083333333331,0.0859375,38.0,16.0,1.608344936754809,50.0,1503.2266520909113
off0062,62.0,0.65,592558.0,428.0,1.6655193651694147,13.376146329701735,13.18518937352728,0.0051779654936559465,0.0018379203856394369,-0.4040138767958564,-0.002084630823374812,-0.4042605872335917,4.472537525238404,-983.1585953370036,-5.072901773472998,-983.758959585238,0.004505408832028829,0.9903844056580124,0.005110185509958729,0.00450540883202883,0.9903844056580124,0.005110185509958729,102.99773164653892,102.99773164653891,2.0,64.7029435,1.6655193651694147,1557.6368144216856,1535.4000970910167,0.08720216209823568,-19.16888449008176,-0.09890761123021315,-19.180589939213732,0.20052083333333331,0.0859375,38.0,16.0,1.608344936754809,50.0,1503.2266520909113
off0064,64.0,0.67,611285.0,428.0,1.678791285971359,13.379090246176085,13.189360812055192,0.005331283202945203,0.0017463277337547711,-0.36985540948235657,-0.0019786435934162384,-0.37008772534201806,4.406772106975724,-933.3119268606937,-4.9930097475834545,-933.8981645013015,0.00467457024903336,0.9900289963860007,0.005296433364965873,0.004674570249033361,0.9900289963860008,0.005296433364965873,99.29080709548691,99.29080709548691,2.0,66.6938033,1.678791285971359,1557.9796301001331,1535.8858562969956,0.08591991759353591,-18.197011757880034,-0.09734993678865436,-18.20844177707515,0.20052083333333331,0.0859375,38.0,16.0,1.608344936754809,50.0,1503.2266520909113
off0066,66.0,0.6900000000000001,630000.0,428.0,1.6855069836494998,13.375460997872551,13.186181764932732,0.005429287857111886,0.0017028538923410802,-0.3540941612729791,-0.0019307756244587352,-0.35432208300509677,4.368579997358876,-908.4095101030922,-4.953300932238202,-908.9942310379716,0.004760194584216056,0.989842473494224,0.005397331921559787,0.004760194584216057,0.9898424734942242,0.005397331921559788,97.44916470868897,97.44916470868895,2.0,68.68466310000001,1.6855069836494998,1557.5570083205173,1535.5156599257336,0.0851752766565089,-17.71148322503258,-0.09657572426770272,-17.722883672643775,0.20052083333333331,0.0859375,38.0,16.0,1.608344936754809,50.0,1503.2266520909113
off0068,68.0,0.71,648641.0,428.0,1.67212888748114,13.378418998728208,13.187881241744288,0.0053038794855059905,0.001804626750187173,-0.38667637861377185,-0.0020291478118884126,-0.3869008996754731,4.475999543273636,-959.069953878515,-5.032877118941751,-959.6268314541832,0.004621203150573517,0.9901826507431442,0.005196146106282373,0.004621203150573517,0.9901826507431442,0.005196146106282373,100.86048940875315,100.86048940875315,2.0,70.67552289999999,1.67212888748114,1557.9014641089254,1535.7135620405645,0.0872696619137636,-18.699222334015793,-0.09812724071511643,-18.710079912817147,0.20052083333333331,0.0859375,38.0,16.0,1.608344936754809,50.0,1503.2266520909113
off0070,70.0,0.73,667418.0,428.0,1.6524572738031775,13.398406360742904,13.205792450056657,0.005090218253412624,0.001953439210833484,-0.44215680619694125,-0.0021802566504741795,-0.44238362363658196,4.617295070700113,-1045.1149083152454,-5.1534177410108795,-1045.6510309855562,0.004377057548445262,0.9907376566558252,0.004885285795729565,0.0043770575484452625,0.9907376566558254,0.004885285795729565,106.96403921140639,106.96403921140639,2.0,72.6663827,1.6524572738031775,1560.2289693656624,1537.7993015929328,0.09002453549880805,-20.37686193394897,-0.10047745081526176,-20.387314849265422,0.20052083333333331,0.0859375,38.0,16.0,1.608344936754809,50.0,1503.2266520909113
off0072,72.0,0.75,686137.0,428.0,1.6396016944634537,13.435248256540511,13.241095489958912,0.004932766150326499,0.0020462571957886033,-0.4838122834431272,-0.0022782253527635307,-0.4840442516001021,4.701567208010796,-1111.627595666144,-5.234547071138759,-1112.1605755292721,0.004191975156043631,0.9911408382858303,0.004667186558126139,0.004191975156043631,0.9911408382858303,0.00466718655812614,111.87749702102761,111.8774970210276,2.0,74.6572425,1.6396016944634537,1564.5191656443928,1541.9102998772926,0.09166761004802366,-21.673676127509744,-0.1020592492813027,-21.684067766743023,0.20052083333333331,0.0859375,38.0,16.0,1.608344936754809,50.0,1503.2266520909113
off0074,74.0,0.77,704795.0,428.0,1.6396016944634537,13.483925498147345,13.28948337872395,0.004905064501819767,0.00202271880150897,-0.4822062883909923,-0.0022599292619249604,-0.4824434988514083,4.6851098202770425,-1116.9073108207635,-5.234547071138759,-1117.4567480716253,0.004157789930950375,0.9911968233139149,0.004645386755134704,0.004157789930950375,0.9911968233139149,0.004645386755134704,112.59535718289858,112.59535718289858,2.0,76.64810229999999,1.6396016944634537,1570.1875742938214,1547.5450137219823,0.0913467363192346,-21.776616030003037,-0.1020592492813027,-21.787328542965103,0.20052083333333331,0.0859375,38.0,16.0,1.608344936754809,50.0,1503.2266520909113
off0076,76.0,0.79,723552.0,428.0,1.6460038754095312,13.53482183122495,13.340903260296196,0.004941618706616657,0.0019444293904171336,-0.45825345996697536,-0.002183830087782546,-0.4584928606643408,4.624528405188575,-1089.8858826334624,-5.193906409164741,-1090.4552606374386,0.004205247112170242,0.9910717502345178,0.004723002653312042,0.004205247112170242,0.9910717502345177,0.004723002653312041,111.00403508715934,111.00403508715934,2.0,78.6389621,1.6460038754095312,1576.1143935859152,1553.532799632509,0.09016556559704966,-21.24977261111204,-0.10126686831786987,-21.260873913832864,0.20052083333333331,0.0859375,38.0,16.0,1.608344936754809,50.0,1503.2266520909113
off0078,78.0,0.81,742313.0,428.0,1.6524572738031775,13.58007483388622,13.386951047187358,0.004978411366815841,0.0018741434131726575,-0.43537591838876805,-0.002110752777628726,-0.4356125277532241,4.575734314794069,-1062.973364580471,-5.1534177410108795,-1063.551048006688,0.0042656134798139695,0.9909302421641434,0.004804144356042619,0.00426561347981397,0.9909302421641435,0.00480414435604262,109.25652703168954,109.25652703168952,2.0,80.6298219,1.6524572738031775,1581.384053559042,1558.8950113126436,0.08921421523810753,-20.725052639846165,-0.10047745081526176,-20.736315875423323,0.20052083333333331,0.0859375,38.0,16.0,1.608344936754809,50.0,1503.2266520909113
off0080,80.0,0.8300000000000001,761057.0,428.0,1.67212888748114,13.616271637840212,13.425415550433815,0.005171281323984067,0.0017095662414918847,-0.37733971087854706,-0.0019450868819181797,-0.3775752315189734,4.423471722576598,-976.3596755513058,-5.032877118941751,-976.969080947671,0.004487116878933943,0.990407592687142,0.005105290433924077,0.004487116878933944,0.990407592687142,0.005105290433924078,103.24911780586743,103.24911780586741,2.0,82.6206817,1.67212888748114,1585.599129636518,1563.3741583575654,0.08624551409851504,-19.036324281944943,-0.09812724071511643,-19.048206008561547,0.20052083333333331,0.0859375,38.0,16.0,1.608344936754809,50.0,1503.2266520909113
off0082,82.0,0.85,779785.0,428.0,1.6855069836494998,13.642530420169575,13.453458342578514,0.00530065582514511,0.001609023614736499,-0.3428231900620048,-0.001839334253294025,-0.34305350070056234,4.3330776647008635,-923.2179653512675,-4.953300932238202,-923.8381886188048,0.0046467104339210814,0.990041463444963,0.005311826121115979,0.004646710433921081,0.9900414634449629,0.005311826121115978,99.41636082504479,99.4163608250448,2.0,84.61154149999999,1.6855069836494998,1588.6569345565554,1566.6397091632386,0.08448307896116493,-18.000207312351893,-0.09657572426770272,-18.01229995765843,0.20052083333333331,0.0859375,38.0,16.0,1.608344936754809,50.0,1503.2266520909113
off0084,84.0,0.87,798481.0,428.0,1.6922764069090659,13.660042296084576,13.472251093293723,0.005364490509180793,0.0015617486241534875,-0.3260526432393776,-0.0017851443915004245,-0.3262760390067245,4.298837307388475,-897.485834309471,-4.9137519256127895,-898.1007489276953,0.004741198612205491,0.9898394118774271,0.005419389510367463,0.004741198612205491,0.9898394118774271,0.005419389510367463,97.4194997313572,97.4194997313572,2.0,86.60240129999998,1.6922764069090659,1590.696172311769,1568.8281033118028,0.08381548630893844,-17.498501636417924,-0.09580462757659346,-17.51049077768558,0.20052083333333331,0.0859375,38.0,16.0,1.608344936754809,50.0,1503.2266520909113
off0086,86.0,0.89,817216.0,428.0,1.705978152829516,13.670304053044946,13.484388041114054,0.005515758394253729,0.0014731090852645456,-0.2968101406827429,-0.0016933832477135785,-0.29703041484519194,4.206186692159801,-847.4856861083258,-4.835138247742246,-848.1146376639082,0.0049107461153060665,0.989444203366293,0.005645050518400987,0.0049107461153060665,0.9894442033662929,0.005645050518400986,93.73467846157372,93.73467846157372,2.0,88.5932611,1.705978152829516,1591.8911420757156,1570.24143688888,0.08200905451891306,-16.523636472343163,-0.09427187740018432,-16.535899295224432,0.20052083333333331,0.0859375,38.0,16.0,1.608344936754809,50.0,1503.2266520909113
off0088,88.0,0.91,835979.0,428.0,1.7199000035964322,13.674863020560299,13.490852608294903,0.005676420994613598,0.0013915003649650828,-0.2705012502292062,-0.0016081123691212775,-0.27071786223336236,4.116388571772781,-800.2069443378798,-4.7571783271098065,-800.8477340932168,0.005087736652413563,0.9890325291789336,0.005879734168652723,0.005087736652413565,0.9890325291789337,0.005879734168652725,90.17872445844148,90.17872445844148,2.0,90.5841209,1.7199000035964322,1592.4220285853748,1570.9942282820057,0.08025823852107782,-15.601831237529106,-0.09275187368913816,-15.614324872697166,0.20052083333333331,0.0859375,38.0,16.0,1.608344936754809,50.0,1503.2266520909113
off0090,90.0,0.93,854726.0,428.0,1.7269445710155735,13.67516647109353,13.492603410257948,0.0057649569115449,0.0013537535974042156,-0.2576548956333187,-0.0015663517141049207,-0.25786749375001944,4.078020143138091,-776.1544319332158,-4.718446439297973,-776.7948582293758,0.005195255080094384,0.9887936091301123,0.006011135789793466,0.005195255080094383,0.9887936091301122,0.006011135789793465,88.23479571706282,88.23479571706282,2.0,92.5749807,1.7269445710155735,1592.4573650500236,1571.1981071515381,0.07951015984887519,-15.132873498494927,-0.09199670856413272,-15.145360047210184,0.20052083333333331,0.0859375,38.0,16.0,1.608344936754809,50.0,1503.2266520909113
off0092,92.0,0.9500000000000001,873461.0,428.0,1.7340454949740682,13.672711893291948,13.491665151303168,0.005858013587203146,0.0013164700890963832,-0.24544648032271071,-0.0015266415867484493,-0.24565665182036278,4.035605997250994,-752.4100214645741,-4.67988144520901,-753.0542969125322,0.005302155754897861,0.988549211213568,0.006148633031534124,0.005302155754897861,0.988549211213568,0.006148633031534124,86.33022839307785,86.33022839307785,2.0,94.5658405,1.7340454949740682,1592.1715322957036,1571.0888479782755,0.07868320083421433,-14.669922898543689,-0.09124479740701302,-14.682484495116489,0.20052083333333331,0.0859375,38.0,16.0,1.608344936754809,50.0,1503.2266520909113
off0094,94.0,0.97,892185.0,428.0,1.7412032263242307,13.668164922623623,13.48869514179464,0.005955213192254187,0.0012800917530955344,-0.2338317815724933,-0.0014887518636064274,-0.23404044168300417,3.990944438108796,-729.0177800639004,-4.641484452513894,-729.6683200783054,0.005410348142875456,0.9882973951802203,0.006292256676904223,0.005410348142875456,0.9882973951802203,0.006292256676904224,84.4510611440801,84.4510611440801,2.0,96.5567003,1.7412032263242307,1591.6420428050458,1570.742993796089,0.07781242345159857,-14.213838625365037,-0.09049616181431204,-14.226522363727748,0.20052083333333331,0.0859375,38.0,16.0,1.608344936754809,50.0,1503.2266520909113
off0096,96.0,0.99,910890.0,428.0,1.7412032263242307,13.662189412694506,13.483873768640613,0.0059717439544273426,0.0012821158858826454,-0.23255653726756378,-0.001488116550634254,-0.23276253793231538,3.99896160560073,-725.3514864798784,-4.641484452513894,-725.9940093267915,0.005448236456459602,0.9882281457396436,0.006323617803896831,0.005448236456459602,0.9882281457396437,0.006323617803896831,83.94838433123124,83.94838433123125,2.0,98.5475601,1.7412032263242307,1590.9462015648921,1570.1815504524182,0.07796873613433297,-14.1423559993145,-0.09049616181431204,-14.154883424994477,0.20052083333333331,0.0859375,38.0,16.0,1.608344936754809,50.0,1503.2266520909113
off0098,98.0,1.01,929572.0,428.0,1.7484182195251945,13.655134920387844,13.478457832895563,0.006073103170686621,0.0012480377676046053,-0.22154715575826833,-0.0014519202878810345,-0.22175103827854478,3.956854982595957,-702.4066017045362,-4.6032565476450635,-703.0530032695855,0.005565457438355927,0.9879598983034044,0.006474644258239646,0.005565457438355928,0.9879598983034045,0.0064746442582396466,82.05577686962205,82.05577686962206,2.0,100.5384199,1.7484182195251945,1590.1247140711803,1569.5508709806857,0.07714777296880294,-13.694993948082056,-0.08975082296846972,-13.707596998081726,0.20052083333333331,0.0859375,38.0,16.0,1.608344936754809,50.0,1503.2266520909113
off0100,100.0,1.03,948323.0,428.0,1.7484182195251945,13.647380718237473,13.471891307993412,0.006092184711850569,0.0012496164527367043,-0.22030427681928227,-0.0014519486019773443,-0.22050660896852292,3.9617828828592305,-698.4524819690523,-4.6032565476450635,-699.0939556338382,0.005603514429199428,0.9878856758548932,0.006510809715907489,0.005603514429199428,0.9878856758548931,0.006510809715907488,81.54690794318137,81.54690794318138,2.0,102.52927969999999,1.7484182195251945,1589.2217461730895,1568.786206728494,0.07724385344999221,-13.617899504897677,-0.08975082296846972,-13.630406474416153,0.20052083333333331,0.0859375,38.0,16.0,1.608344936754809,50.0,1503.2266520909113
off0102,102.0,1.05,967067.0,428.0,1.755690932671766,13.639299516031565,13.46549661129056,0.006197453111513657,0.0012159402772027594,-0.2098526473995764,-0.0014171630330437582,-0.2100538701554174,3.9169869377603432,-676.0118849007417,-4.565198795683608,-676.6600967586651,0.005722455614745127,0.9876080946536393,0.006669449731615555,0.005722455614745127,0.9876080946536393,0.006669449731615555,79.69784040867333,79.69784040867331,2.0,104.5201395,1.755690932671766,1588.2806994956352,1568.0415516719547,0.0763704559113883,-13.180369674887428,-0.08900880163563353,-13.193008020611675,0.20052083333333331,0.0859375,38.0,16.0,1.608344936754809,50.0,1503.2266520909113
off0104,104.0,1.07,985802.0,428.0,1.755690932671766,13.631158914368088,13.458563678592665,0.006218209253084397,0.0012176705942666538,-0.20868374956233518,-0.0014175701829939097,-0.20888364915106242,3.921434294522936,-672.0533583519972,-4.565198795683608,-672.6971228531578,0.005762239315594977,0.9875295600597671,0.00670820062463782,0.005762239315594978,0.9875295600597672,0.006708200624637822,79.18963282712639,79.18963282712639,2.0,106.51099930000001,1.755690932671766,1587.3327358198478,1567.2342196544982,0.07645716711797558,-13.103189310983073,-0.08900880163563353,-13.115740945500729,0.20052083333333331,0.0859375,38.0,16.0,1.608344936754809,50.0,1503.2266520909113
off0106,106.0,1.09,1004531.0,428.0,1.755690932671766,13.623623490370242,13.45220870956105,0.0062399625651854305,0.0012191058683764452,-0.20755076674555448,-0.0014182348253425198,-0.20774989570252053,3.9242165984598816,-668.0914143827912,-4.565198795683608,-668.7323965800148,0.0058000706282997656,0.9874524742343906,0.006747455137309658,0.005800070628299765,0.9874524742343905,0.006747455137309657,78.69698717342548,78.6969871734255,2.0,108.5018591,1.755690932671766,1586.4552443853188,1566.4941908394599,0.07651141438086538,-13.025942316793031,-0.08900880163563353,-13.038439704047796,0.20052083333333331,0.0859375,38.0,16.0,1.608344936754809,50.0,1503.2266520909113
off0108,108.0,1.11,1023254.0,428.0,1.755690932671766,13.617219954811357,13.446965274794861,0.0062603972929263845,0.0012199520778077289,-0.2064485791634319,-0.00141878223031442,-0.20664740931593858,3.925425366488645,-664.2871505083808,-4.565198795683608,-664.9269239375758,0.005834653750877626,0.9873797493290709,0.006785596920051502,0.005834653750877626,0.9873797493290709,0.0067855969200515025,78.23772879595093,78.23772879595093,2.0,110.4927189,1.755690932671766,1585.7095600541875,1565.8835989077836,0.0765349820278641,-12.9517696501203,-0.08900880163563353,-12.96424346972807,0.20052083333333331,0.0859375,38.0,16.0,1.608344936754809,50.0,1503.2266520909113
off0110,110.0,1.1300000000000001,1041967.0,428.0,1.755690932671766,13.611840068908664,13.44274684818949,0.006279070669738859,0.0012210674695817408,-0.20536881160061887,-0.001419173615466818,-0.20556691774650396,3.927930790729481,-660.6305537055274,-4.565198795683608,-661.2678217104815,0.005870261192078766,0.9873070856726686,0.006822653135252725,0.005870261192078765,0.9873070856726684,0.006822653135252724,77.78411326283931,77.78411326283931,2.0,112.4835787,1.755690932671766,1585.083078545024,1565.3923679943723,0.07658383089934732,-12.880476084592681,-0.08900880163563353,-12.892901055328966,0.20052083333333331,0.0859375,38.0,16.0,1.608344936754809,50.0,1503.2266520909113
off0112,112.0,1.1500000000000001,1060673.0,428.0,1.755690932671766,13.60734448503507,13.43942770872995,0.006296200831387073,0.0012223078983688573,-0.20431323669488965,-0.001419429351881934,-0.20451035814840274,3.931212594828892,-657.1165665026443,-4.565198795683608,-657.7505527034991,0.005906153764117147,0.9872352077367753,0.00685863849910752,0.005906153764117147,0.9872352077367753,0.00685863849910752,77.34048368190037,77.34048368190035,2.0,114.4744385,1.755690932671766,1584.559572987352,1565.005858032015,0.07664781703952761,-12.811963013445089,-0.08900880163563353,-12.824323998041196,0.20052083333333331,0.0859375,38.0,16.0,1.608344936754809,50.0,1503.2266520909113
off0114,114.0,1.17,1079369.0,428.0,1.755690932671766,13.603789334861057,13.437041415695699,0.006312204811763527,0.001223043042300545,-0.20328683807853148,-0.0014196043262053501,-0.2034833993624363,3.9330921445585987,-653.7348550177609,-4.565198795683608,-654.3669616688859,0.0059391351347551306,0.9871672220091787,0.0068936428560661634,0.0059391351347551306,0.9871672220091787,0.006893642856066163,76.92545002455859,76.92545002455859,2.0,116.46529829999999,1.755690932671766,1584.1455798494674,1564.7279769601032,0.07668446308202063,-12.746028954443862,-0.08900880163563353,-12.758353292997475,0.20052083333333331,0.0859375,38.0,16.0,1.608344936754809,50.0,1503.2266520909113
off0116,116.0,1.19,1098060.0,428.0,1.7630218275235103,13.60132582871248,13.436234758073523,0.006416210130288036,0.0012052225869540229,-0.19357390913660963,-0.0013853026092589943,-0.1937539891589146,3.9387920976081934,-632.6195607878119,-4.527312240252174,-633.2080809304559,0.006143940368462412,0.9867941138003753,0.007061945831162334,0.006143940368462412,0.9867941138003753,0.007061945831162335,74.72380867771038,74.72380867771037,2.0,118.4561581,1.7630218275235103,1583.8587073994358,1564.6340426102565,0.07679559646591698,-12.334338879223353,-0.08827011816357039,-12.345813400921006,0.20052083333333331,0.0859375,38.0,16.0,1.608344936754809,50.0,1503.2266520909113
off0118,118.0,1.21,1116999.0,428.0,1.7630218275235103,13.599784553867241,13.435805374759326,0.006429016074015065,0.0012052267929227598,-0.19269213501002358,-0.0013850226117035774,-0.1928719308288044,3.9396021160749606,-629.8651401497194,-4.527312240252174,-630.4528502738966,0.006171712807252801,0.9867358778294801,0.007092409363267044,0.006171712807252801,0.9867358778294801,0.007092409363267044,74.39134419483473,74.39134419483473,2.0,120.44701789999999,1.7630218275235103,1583.6792277211407,1564.5840414184927,0.07681138959481595,-12.280635263856398,-0.08827011816357039,-12.292093992425153,0.20052083333333331,0.0859375,38.0,16.0,1.608344936754809,50.0,1503.2266520909113
off0120,120.0,1.23,1136054.0,428.0,1.7630218275235103,13.598299983804614,13.435341599971975,0.0064397631686212205,0.0012046125713297403,-0.19182684222349702,-0.0013841371960280964,-0.1920063668481954,3.940113201633861,-627.4378098496906,-4.527312240252174,-628.0250088883089,0.0061960697647460514,0.9866844539532632,0.007119476281990825,0.006196069764746051,0.9866844539532632,0.007119476281990824,74.1001871414099,74.10018714140989,2.0,122.43787769999999,1.7630218275235103,1583.5063512493873,1564.5300353793411,0.07682135435542485,-12.233309009108476,-0.08827011816357039,-12.244757772916623,0.20052083333333331,0.0859375,38.0,16.0,1.608344936754809,50.0,1503.2266520909113
off0122,122.0,1.25,1155099.0,428.0,1.7484182195251945,13.602699792299768,13.43956847220654,0.006315615963989839,0.0013264065811477987,-0.20873614255417586,-0.0014622455333057449,-0.2088719815063338,4.175625529663651,-657.1167379601585,-4.6032565476450635,-657.5443689781399,0.0062706907869865625,0.9868164291622541,0.006912880050759393,0.006270690786986563,0.9868164291622541,0.006912880050759393,74.85198367781318,74.85198367781317,2.0,124.42873749999998,1.7484182195251945,1584.0187038746901,1565.0222497765324,0.08141319603122876,-12.811966356394334,-0.08975082296846972,-12.820303983331575,0.20052083333333331,0.0859375,38.0,16.0,1.608344936754809,50.0,1503.2266520909113
off0124,124.0,1.27,1174135.0,428.0,1.7129113454425222,13.657730402068955,13.491439765118342,0.0058217505514845625,0.0014062402537079535,-0.2599719272747634,-0.0016333624454235695,-0.26019904946647904,4.129172384003742,-763.3609547790113,-4.796075979853511,-764.027858374861,0.005346686716918947,0.9884430819461292,0.006210231336951988,0.005346686716918946,0.9884430819461291,0.006210231336951988,85.52825912052346,85.52825912052347,2.0,126.41959729999999,1.7129113454425222,1590.426954919778,1571.0626020169727,0.08050748764645844,-14.883435933733175,-0.09351027077371413,-14.896438716860429,0.20052083333333331,0.0859375,38.0,16.0,1.608344936754809,50.0,1503.2266520909113
off0126,126.0,1.29,1193151.0,428.0,1.755690932671766,13.675975712407153,13.51419622184046,0.0063106099341088935,0.0012016191596067385,-0.197933109119723,-0.001399232620524965,-0.19813072258064124,3.920456298573807,-645.7853955979507,-4.565198795683608,-646.4301380950606,0.005992098067652585,0.9870303674825904,0.006977534449757028,0.005992098067652586,0.9870303674825904,0.006977534449757028,76.10318689890892,76.10318689890892,2.0,128.4104571,1.755690932671766,1592.5516002677598,1573.712565159007,0.076438098890866,-12.591036392613386,-0.08900880163563353,-12.603607095358155,0.20052083333333331,0.0859375,38.0,16.0,1.608344936754809,50.0,1503.2266520909113
off0128,128.0,1.31,1212037.0,428.0,1.7630218275235103,13.68046531675546,13.520048058611877,0.00639890797741121,0.0011873659767046136,-0.18852230932342193,-0.0013624574020354165,-0.18869740074875274,3.945500616726099,-626.4411329744813,-4.527312240252174,-627.0229445980074,0.006214228940205778,0.9866551791583621,0.0071305919014322105,0.0062142289402057765,0.986655179158362,0.007130591901432209,73.93543838968891,73.93543838968893,2.0,130.4013169,1.7630218275235103,1593.0744095166078,1574.394004802569,0.07692639411004128,-12.213876555397107,-0.08827011816357039,-12.225220279450635,0.20052083333333331,0.0859375,38.0,16.0,1.608344936754809,50.0,1503.2266520909113
off0130,130.0,1.33,1230907.0,428.0,1.7630218275235103,13.683549310476051,13.523956428668834,0.0064018989782791535,0.0011870959551854546,-0.18773521373449398,-0.001360692489886546,-0.18790881026919506,3.949719784749504,-624.6348365878024,-4.527312240252174,-625.2124290433051,0.006238581174293318,0.9866105305471915,0.0071508882785152285,0.006238581174293318,0.9866105305471915,0.0071508882785152285,73.68555819366257,73.68555819366257,2.0,132.3921767,1.7630218275235103,1593.4335370288397,1574.8491299884815,0.07700865626476229,-12.178658751316137,-0.08827011816357039,-12.189920213214945,0.20052083333333331,0.0859375,38.0,16.0,1.608344936754809,50.0,1503.2266520909113
off0132,132.0,1.35,1249767.0,428.0,1.7929365890884492,13.68110155885094,13.524641956807947,0.006753889613919522,0.0010197586672075452,-0.15708187507573085,-0.0012289493694367035,-0.15729106577796,3.6323641468803074,-559.5231396387728,-4.377498099719033,-560.2682735916115,0.00640026947298821,0.9858865260346267,0.007713204492385064,0.00640026947298821,0.9858865260346269,0.0077132044923850646,69.85427744107876,69.85427744107878,2.0,134.3830365,1.7929365890884492,1593.1484991748978,1574.928958949715,0.07082109548520604,-10.909160011551439,-0.08534915508754065,-10.923688071153773,0.20052083333333331,0.0859375,38.0,16.0,1.608344936754809,50.0,1503.2266520909113
off0134,134.0,1.37,1268625.0,428.0,1.9226027221751216,13.656762084839384,13.507783061296294,0.008347464808115122,0.0006947228133767782,-0.08048533236464037,-0.0008317948817847779,-0.08062240443304837,3.1795966992096747,-368.36403266724534,-3.806946036055976,-368.9913820040917,0.008471005261681035,0.9813866204207264,0.01014237431759245,0.008471005261681035,0.9813866204207264,0.01014237431759245,52.72479488429536,52.72479488429536,2.0,136.3738963,1.9226027221751216,1590.3141954950795,1572.9657600094395,0.06199337740754176,-7.18208397504651,-0.07422496143678381,-7.194315559075752,0.20052083333333331,0.0859375,38.0,16.0,1.608344936754809,50.0,1503.2266520909113
off0136,136.0,1.3900000000000001,1287474.0,428.0,1.7853682754941262,13.641020975977248,13.486203291975038,0.006733762432138382,0.0010841231871213663,-0.16270122781728513,-0.00126903492548551,-0.1628861395556493,3.7714231113050376,-566.0013346427223,-4.414689865399516,-566.6446013968169,0.006568278576867719,0.9857431349106566,0.007688586512475599,0.006568278576867721,0.9857431349106567,0.007688586512475601,69.14164711058936,69.14164711058935,2.0,138.3647561,1.7853682754941262,1588.4811615210838,1570.4528207582534,0.07353236225234887,-11.035466969883393,-0.0860742920732647,-11.04800889970431,0.20052083333333331,0.0859375,38.0,16.0,1.608344936754809,50.0,1503.2266520909113
off0138,138.0,1.41,1306313.0,428.0,1.7853682754941262,13.636608944886959,13.482641571945095,0.0067480558045971435,0.0010825895250518094,-0.16204123939453113,-0.0012694108812556183,-0.16222806075073495,3.764972457071212,-563.5384317993431,-4.414689865399516,-564.1881492076715,0.006585365227690386,0.9856928398688605,0.007721794903449206,0.006585365227690387,0.9856928398688605,0.007721794903449207,68.89507287497929,68.89507287497929,2.0,140.35561589999998,1.7853682754941262,1587.9673855886729,1570.038062568222,0.07340659226317305,-10.987447148525021,-0.0860742920732647,-11.000114848335114,0.20052083333333331,0.0859375,38.0,16.0,1.608344936754809,50.0,1503.2266520909113
off0140,140.0,1.43,1325149.0,428.0,1.7853682754941262,13.63313517019026,13.479948221888508,0.006760084561995842,0.0010831944462034448,-0.16134273078638312,-0.0012692842064101252,-0.1615288205465898,3.767452174825424,-561.1651944153947,-4.414689865399516,-561.8124321059688,0.0066171420038233465,0.9856289096017178,0.007753948394458921,0.0066171420038233465,0.9856289096017178,0.007753948394458923,68.5841423500841,68.5841423500841,2.0,142.34647569999998,1.7853682754941262,1587.5628685312772,1569.724425060164,0.07345493992897584,-10.941175556641253,-0.0860742920732647,-10.953794908785543,0.20052083333333331,0.0859375,38.0,16.0,1.608344936754809,50.0,1503.2266520909113
off0142,142.0,1.45,1343992.0,428.0,1.7853682754941262,13.630049027783718,13.477888176677675,0.006771370943463917,0.0010835238583755125,-0.16066732652788937,-0.0012693142240582588,-0.16085311689357212,3.7685087788549088,-558.8028595911746,-4.414689865399516,-559.4490406777193,0.0066465633927282825,0.985567196008801,0.007786240598470604,0.0066465633927282825,0.9855671960088012,0.0077862405984706045,68.28660574963807,68.28660574963807,2.0,144.33733549999997,1.7853682754941262,1587.203490807044,1569.484535171053,0.0734755407971257,-10.895116534640994,-0.0860742920732647,-10.907715285917133,0.20052083333333331,0.0859375,38.0,16.0,1.608344936754809,50.0,1503.2266520909113
off0144,144.0,1.47,1362857.0,428.0,1.7853682754941262,13.627304662418721,13.475852500008033,0.006782090197771961,0.0010835654356290206,-0.16006878873079997,-0.0012690348038108781,-0.16025425809898183,3.769483179502727,-556.8437187495373,-4.414689865399516,-557.4889254354341,0.006671322308588064,0.9855154530178845,0.007813224673527455,0.006671322308588064,0.9855154530178846,0.007813224673527455,68.03909395542217,68.03909395542217,2.0,146.3281953,1.7853682754941262,1586.883912625154,1569.2474829704613,0.07349453892576302,-10.856918684699728,-0.0860742920732647,-10.86949843784723,0.20052083333333331,0.0859375,38.0,16.0,1.608344936754809,50.0,1503.2266520909113
off0146,146.0,1.49,1381719.0,428.0,1.7853682754941262,13.62490174869007,13.47413436297697,0.0067921956621456794,0.0010839676382481192,-0.15945566305729145,-0.0012686941996910685,-0.1596403896187344,3.7718947151805984,-554.8597131215687,-4.414689865399516,-555.5025082717876,0.006699084481283507,0.9854601928580468,0.007840722660669878,0.006699084481283507,0.9854601928580466,0.007840722660669878,67.77670317335811,67.7767031733581,2.0,148.31905509999999,1.7853682754941262,1586.6040960925463,1569.047407894588,0.0735415572288853,-10.818236039915277,-0.0860742920732647,-10.830768774759656,0.20052083333333331,0.0859375,38.0,16.0,1.608344936754809,50.0,1503.2266520909113
off0148,148.0,1.51,1400583.0,428.0,1.7853682754941262,13.622914531929865,13.47286406684166,0.006802239251256094,0.0010838478719089537,-0.15885595786076323,-0.0012684096566258232,-0.1590405196454801,3.7723240206793904,-552.8969158842704,-4.414689865399516,-553.5392817289904,0.006723279389276745,0.9854085753455283,0.00786814526519489,0.006723279389276746,0.9854085753455283,0.007868145265194889,67.53340394651208,67.53340394651207,2.0,150.3099149,1.7853682754941262,1586.3726869925235,1568.8994833745653,0.07354992750358597,-10.779966900330196,-0.0860742920732647,-10.792491264899875,0.20052083333333331,0.0859375,38.0,16.0,1.608344936754809,50.0,1503.2266520909113
off0150,150.0,1.53,1419567.0,428.0,1.7853682754941262,13.621208904410791,13.471910134749008,0.0068112826924146795,0.0010840653393578634,-0.15828086581100115,-0.001267975207335045,-0.15846477567897832,3.7743736939088754,-551.0840670545142,-4.414689865399516,-551.7243832260048,0.006748712726045614,0.9853576667444749,0.007893620529479456,0.006748712726045615,0.985357666744475,0.007893620529479457,67.29512636742265,67.29512636742267,2.0,152.3007747,1.7853682754941262,1586.1740686348953,1568.7883990824719,0.073589890485718,-10.744621341657982,-0.0860742920732647,-10.757105743245528,0.20052083333333331,0.0859375,38.0,16.0,1.608344936754809,50.0,1503.2266520909113
off0152,152.0,1.55,1438573.0,428.0,1.7929365890884492,13.619165212268273,13.471173132641855,0.006916397542040707,0.0010533545589691932,-0.15091240122574578,-0.0012366399646854956,-0.15109568663146208,3.728698499074236,-534.2045934588149,-4.377498099719033,-534.8533930594597,0.006875574979207304,0.9850524888174692,0.008071936203323603,0.006875574979207305,0.9850524888174692,0.008071936203323605,65.90076948520338,65.90076948520338,2.0,154.2916345,1.7929365890884492,1585.9360830417306,1568.7025760370213,0.07269934999916805,-10.415518101200185,-0.08534915508754065,-10.428167906288557,0.20052083333333331,0.0859375,38.0,16.0,1.608344936754809,50.0,1503.2266520909113
off0154,154.0,1.57,1457577.0,428.0,1.7704113695340682,13.61958095107415,13.47026496259082,0.0066575552864304,0.0011548384765763366,-0.1719499807259099,-0.0013340825926863662,-0.17212922484201992,3.8863863689115563,-578.6645273622452,-4.489597903413604,-579.2677388967472,0.0066203035257144435,0.9857318462587824,0.007647850215503281,0.0066203035257144435,0.9857318462587823,0.0076478502155032805,69.08615257005594,69.08615257005596,2.0,156.2824943,1.7704113695340682,1585.9844953462357,1568.5968206819002,0.07577382910837274,-11.28236434703847,-0.0875347924796905,-11.29412531040979,0.20052083333333331,0.0859375,38.0,16.0,1.608344936754809,50.0,1503.2266520909113
off0156,156.0,1.59,1476578.0,428.0,1.755690932671766,13.644953856411309,13.49444233543767,0.006455286434153175,0.0011946658519511322,-0.1874237656903517,-0.0013949386165141237,-0.1876240384549147,3.909768533185073,-613.3794987698064,-4.565198795683608,-614.034929032305,0.006287272579569567,0.9863714618276554,0.007341265592774898,0.006287272579569567,0.9863714618276554,0.007341265592774898,72.37544110411174,72.37544110411174,2.0,158.27335409999998,1.755690932671766,1588.9391409121442,1571.4122478680272,0.07622971690532937,-11.959210666792135,-0.08900880163563353,-11.971989751522438,0.20052083333333331,0.0859375,38.0,16.0,1.608344936754809,50.0,1503.2266520909113
off0158,158.0,1.61,1495579.0,428.0,1.7853682754941262,13.655768021736078,13.508469740363148,0.006809997575555744,0.0010755870443628773,-0.156230810163704,-0.0012578782969064498,-0.15641310141624756,3.7749146604895736,-548.3126435912699,-4.414689865399516,-548.9524187961798,0.006783287351059992,0.9852837889629422,0.007932923685997585,0.006783287351059992,0.9852837889629424,0.007932923685997587,66.95227368524775,66.95227368524773,2.0,160.2642139,1.7853682754941262,1590.1984379930755,1573.0457229948809,0.07360043784394442,-10.690586218035,-0.0860742920732647,-10.70306007226432,0.20052083333333331,0.0859375,38.0,16.0,1.608344936754809,50.0,1503.2266520909113
off0160,160.0,1.6300000000000001,1514577.0,428.0,1.7929365890884492,13.656835766531941,13.510632881467716,0.006909884510849622,0.0010481501862539926,-0.14908552960361282,-0.0012257947562355972,-0.14926317417359444,3.743102526101146,-532.406929639359,-4.377498099719033,-533.0413252129769,0.006924906348923256,0.9849765272421254,0.008098566408951386,0.006924906348923256,0.9849765272421255,0.008098566408951386,65.56250629374917,65.56250629374917,2.0,162.2550737,1.7929365890884492,1590.3227756432063,1573.297618281925,0.07298018885017378,-10.38046860840158,-0.08534915508754065,-10.392837574638948,0.20052083333333331,0.0859375,38.0,16.0,1.608344936754809,50.0,1503.2266520909113
off0162,162.0,1.6500000000000001,1533571.0,428.0,1.8005654491915268,13.656431610780237,13.511270575514658,0.007015891629707698,0.0010188110901542952,-0.14232430119486505,-0.0011954279844750115,-0.14250091808918577,3.6992037053423994,-516.7656569782511,-4.340482423459136,-517.4069356963678,0.007048715783725961,0.9846806320964582,0.008270652119816055,0.0070487157837259605,0.9846806320964582,0.008270652119816055,64.2768447299179,64.27684472991791,2.0,164.2459335,1.8005654491915268,1590.275712172002,1573.3718770182884,0.07212428276506574,-10.07550687553296,-0.08462745136047817,-10.088010044128373,0.20052083333333331,0.0859375,38.0,16.0,1.608344936754809,50.0,1503.2266520909113
off0164,164.0,1.67,1552567.0,428.0,1.8005654491915268,13.655932769076236,13.511116944454445,0.007024424154011747,0.0010189996224005023,-0.14203243317941946,-0.0011948453397460145,-0.14220827889676496,3.7016924311568666,-515.9573873447505,-4.340482423459136,-516.5961773370527,0.007064304434950044,0.9846523252407676,0.008283370324282273,0.007064304434950046,0.9846523252407677,0.008283370324282275,64.15644980021844,64.15644980021843,2.0,166.2367933,1.8005654491915268,1590.2176226308466,1573.3539868584974,0.07217280606323073,-10.059747844065507,-0.08462745136047817,-10.072202489362754,0.20052083333333331,0.0859375,38.0,16.0,1.608344936754809,50.0,1503.2266520909113
off0166,166.0,1.69,1571562.0,428.0,1.8005654491915268,13.655481374808742,13.510974736882691,0.007032779492660932,0.0010191557091069926,-0.14176777463770862,-0.0011943011292508776,-0.1419429200578525,3.703946461912535,-515.2306390381301,-4.340482423459136,-515.8671749996766,0.007078392778411563,0.9846267682553764,0.008294838966212081,0.007078392778411564,0.9846267682553764,0.008294838966212081,64.04813149321853,64.04813149321852,2.0,168.22765309999997,1.8005654491915268,1590.165058288955,1573.3374269507635,0.07221675345421874,-10.045578253921006,-0.08462745136047817,-10.057988951827264,0.20052083333333331,0.0859375,38.0,16.0,1.608344936754809,50.0,1503.2266520909113
off0168,168.0,1.71,1590553.0,428.0,1.8005654491915268,13.654983405927885,13.51076962408086,0.007040807188266054,0.0010193175824274765,-0.1415233499197005,-0.001193756231820596,-0.14169778856909362,3.7062257205575224,-514.5770941012639,-4.340482423459136,-515.2113508041655,0.007091574675005132,0.9846032497765186,0.008305175548476144,0.007091574675005133,0.9846032497765188,0.008305175548476144,63.94877071363539,63.94877071363539,2.0,170.21851289999998,1.8005654491915268,1590.107070387048,1573.3135418015308,0.07226119271955803,-10.032835927847387,-0.08462745136047817,-10.045202186488305,0.20052083333333331,0.0859375,38.0,16.0,1.608344936754809,50.0,1503.2266520909113
off0170,170.0,1.73,1609542.0,428.0,1.808255340175429,13.654289061994936,13.511033006564421,0.007148523709500983,0.0009906974396489132,-0.13517900374367536,-0.001164379426598402,-0.13535268573062484,3.661700599014125,-499.6329042273121,-4.303643749564998,-500.2748473778629,0.007213777055549992,0.9843077781081269,0.008478444836323266,0.007213777055549991,0.9843077781081266,0.008478444836323264,62.725838628236815,62.72583862823681,2.0,172.2093727,1.808255340175429,1590.026214836789,1573.3442123880031,0.07139307549430031,-9.741465389207647,-0.08390919869199341,-9.753981512405339,0.20052083333333331,0.0859375,38.0,16.0,1.608344936754809,50.0,1503.2266520909113
off0172,172.0,1.75,1628529.0,428.0,1.808255340175429,13.653373495477362,13.51039064627187,0.007156869401522103,0.0009909658916850347,-0.1349606404689183,-0.0011639392455283907,-0.13513361382276165,3.6640779853130048,-499.01446232932426,-4.303643749564998,-499.6540280935762,0.007227232239089885,0.9842840202568756,0.008488747504034583,0.007227232239089886,0.9842840202568757,0.008488747504034583,62.62950425903207,62.62950425903207,2.0,174.20023249999997,1.808255340175429,1589.9195981716693,1573.2694102727198,0.07143942797859701,-9.729407475700526,-0.08390919869199341,-9.741877246413921,0.20052083333333331,0.0859375,38.0,16.0,1.608344936754809,50.0,1503.2266520909113
off0174,174.0,1.77,1647517.0,428.0,1.808255340175429,13.652135858638813,13.509426852411021,0.0071653745418386785,0.000991308613730986,-0.13474505024300595,-0.0011635519635144883,-0.13491729359278945,3.6665651841514664,-498.3831504280843,-4.303643749564998,-499.0202289934978,0.007241119499577812,0.9842595910812917,0.008499289419130621,0.00724111949957781,0.9842595910812915,0.00849928941913062,62.530751022067754,62.530751022067754,2.0,176.19109229999998,1.808255340175429,1589.7754767890908,1573.1571775890927,0.07148792150493596,-9.717098632580527,-0.08390919869199341,-9.729519909767584,0.20052083333333331,0.0859375,38.0,16.0,1.608344936754809,50.0,1503.2266520909113
off0176,176.0,1.79,1666501.0,428.0,1.808255340175429,13.650623144327042,13.508178977640593,0.007174392491335806,0.0009916638701957456,-0.13453895127155446,-0.00116325243777103,-0.13471053983912973,3.668823617352613,-497.74898200284264,-4.303643749564998,-498.3838021350549,0.007254633201587103,0.9842354573315942,0.008509909466818703,0.007254633201587103,0.9842354573315943,0.008509909466818703,62.43349255567877,62.433492555678775,2.0,178.18195210000002,1.808255340175429,1589.5993229519813,1573.0118640111534,0.07153195473148423,-9.704734095110814,-0.08390919869199341,-9.717111339071321,0.20052083333333331,0.0859375,38.0,16.0,1.608344936754809,50.0,1503.2266520909113
off0178,178.0,1.81,1685482.0,428.0,1.808255340175429,13.648971820567763,13.506775680974371,0.007183718347279566,0.0009919605517480536,-0.13434627911282898,-0.0011630073111603752,-0.1345173258722413,3.6706947474699656,-497.1409197800924,-4.303643749564998,-497.77386878218744,0.007267043882202563,0.9842128338703642,0.008520122247433355,0.007267043882202562,0.9842128338703641,0.008520122247433355,62.342590544023246,62.34259054402324,2.0,180.1728119,1.808255340175429,1589.4070282045568,1572.8484517326851,0.07156843661472825,-9.69287855667992,-0.08390919869199341,-9.705219318757186,0.20052083333333331,0.0859375,38.0,16.0,1.608344936754809,50.0,1503.2266520909113
off0180,180.0,1.83,1704463.0,428.0,1.8160067502872024,13.647250715733287,13.505976127814302,0.0072948696479892185,0.0009640868546920978,-0.12834887249932952,-0.0011346326813109126,-0.12851941832594835,3.625615811446957,-482.6781936193667,-4.266982968935008,-483.3195607768548,0.0073906067536376515,0.9839113968816338,0.008697996364728528,0.007390606753637652,0.9839113968816339,0.00869799636472853,61.155800142675865,61.155800142675865,2.0,182.1636717,1.8160067502872024,1589.206607531399,1572.7553446892578,0.07068952153260497,-9.410895234252061,-0.083194414452151,-9.42340012717161,0.20052083333333331,0.0859375,38.0,16.0,1.608344936754809,50.0,1503.2266520909113
off0000,-1.0,0.0,0.0,408.0,4.970827316316833,1.3662999233984987,1.3662999233984987,0.04288571231864729,0.00016836868289644633,0.0,-9.166908998199544e-05,7.669959291445089e-05,1.0460124855071629,0.0,-0.569506222931145,0.4765062625760179,0.6474777915251281,0.0,0.3525222084748719,0.6474777915251281,0.0,0.3525222084748719,0.0,0.0,3.0,0.0,4.970827316316833,159.10405043202647,159.10405043202647,0.020394362216807096,0.0,-0.011103802637262045,0.009290559579545051,0.2109375,0.3515625,40.0,67.0,1.5162949609330854,50.0,1420.9917290589583
off0002,2.0,0.04,22481.0,428.0,1.0362012362251198,4.34360633464784,4.144365027851415,0.00038773377058905087,-0.30868009756987824,-1769.300671003127,-0.1570953576494675,-1769.7664464583463,-25.752114331676367,-147606.6436595244,-13.105923067323308,-147645.5016969234,0.00017441855007908436,0.9997368152977748,8.876615214614701e-05,0.00017441855007908438,0.9997368152977749,8.876615214614702e-05,3798.6129392969356,3798.612939296935,3.0,3.9817196,1.0362012362251198,505.80794852545404,482.6065281185559,-0.5020952950424803,-2877.922967563755,-0.2555293994325546,-2878.68059225823,0.2109375,0.3515625,40.0,67.0,1.5162949609330854,50.0,1420.9917290589583
off0004,4.0,0.07,47710.0,428.0,1.0739225966999015,7.191835384901434,6.84863499615915,0.0003515913975138031,-0.08986888979951635,-1055.9337007769875,-0.0813509300445217,-1056.1049205968316,-13.478970398564021,-158374.0394186529,-12.201405630045533,-158399.7197946815,8.509466062209915e-05,0.999837876127168,7.702921220985148e-05,8.509466062209913e-05,0.999837876127168,7.702921220985148e-05,6167.123068689268,6167.123068689269,3.0,6.9680093,1.0739225966999015,837.4809367858356,797.5156473031858,-0.2628027948295967,-3087.8575259805293,-0.2378938009068669,-3088.3582225762657,0.2109375,0.3515625,40.0,67.0,1.5162949609330854,50.0,1420.9917290589583
off0006,6.0,0.09,67709.0,428.0,1.0974614041007569,8.80278064317345,8.382856062052463,0.0003410089085701886,-0.030075567639690663,-768.5643219165595,-0.05643685357052906,-768.6508343377697,-6.226275802589418,-159108.99829426585,-11.683617079823184,-159126.90818714825,3.9127736933509265e-05,0.9998874489984979,7.34232645686935e-05,3.912773693350926e-05,0.9998874489984977,7.342326456869348e-05,8883.860966611912,8883.860966611914,3.0,8.958869099999998,1.0974614041007569,1025.0736543333937,976.173921128304,-0.12139522781908552,-3102.1871996043014,-0.22779835043064248,-3102.536393182551,0.2109375,0.3515625,40.0,67.0,1.5162949609330854,50.0,1420.9917290589583
off0008,8.0,0.11,87238.0,428.0,1.12336206468785,10.291036149716875,9.802937965102247,0.00033561849890462707,-0.004027912707782688,-545.1885106249251,-0.03887155184206454,-545.2314100894749,-1.155485472585482,-156397.97819610639,-11.15106426302977,-156410.284745842,7.38752873228945e-06,0.999921318794633,7.12936766348174e-05,7.38752873228945e-06,0.999921318794633,7.12936766348174e-05,12708.5155105244,12708.5155105244,3.0,10.949728899999998,1.12336206468785,1198.379291780732,1141.540821068137,-0.02252878392052948,-3049.3297752188737,-0.21741503742458426,-3049.5697190402184,0.2109375,0.3515625,40.0,67.0,1.5162949609330854,50.0,1420.9917290589583
off0010,10.0,0.13,106521.0,428.0,1.1543618236248046,11.188219454095421,10.664221277123671,0.0003834492268700488,0.006479684585555923,-365.58344731454434,-0.029423196194690145,-365.6063908261535,2.3256048990813727,-131210.50027542634,-10.5601944529115,-131218.73486498016,1.772248810708264e-05,0.9999018025693633,8.047494252963201e-05,1.772248810708264e-05,0.9999018025693633,8.047494252963201e-05,10182.565837883685,10182.565837883683,3.0,12.9405887,1.1543618236248046,1302.855252923696,1241.8362695017909,0.045342889632957295,-2558.243334894866,-0.2058947036833619,-2558.403886708916,0.2109375,0.3515625,40.0,67.0,1.5162949609330854,50.0,1420.9917290589583
off0012,12.0,0.15,125631.0,428.0,1.1859717979788413,11.77695400813766,11.233598221084128,0.00044251500814973505,0.010119938531066963,-245.51463168305673,-0.0228346175439954,-245.52734636206966,4.4339545334844,-107569.89391249482,-10.004769857915933,-107575.46472781926,4.121375691802339e-05,0.999865791569855,9.299467322703557e-05,4.1213756918023397e-05,0.999865791569855,9.299467322703559e-05,7450.096767312989,7450.096767312989,3.0,14.931448499999998,1.1859717979788413,1371.4127128000168,1308.1395580077185,0.08644990003622242,-2097.3166290756567,-0.19506545400287575,-2097.4252446296236,0.2109375,0.3515625,40.0,67.0,1.5162949609330854,50.0,1420.9917290589583
off0014,14.0,0.17,144594.0,428.0,1.220753475867963,12.1431738174735,11.592655110250082,0.0005203719184418234,0.010917816882075604,-161.17818010980173,-0.017723247524341994,-161.184985540444,5.816910615531447,-85874.22531440227,-9.442780345152384,-85877.85118413188,6.772552676463525e-05,0.999822333421143,0.00010994105209226454,6.772552676463525e-05,0.9998223334211431,0.00010994105209226457,5627.520605473258,5627.520605473258,3.0,16.9223083,1.220753475867963,1414.0585872642741,1349.9513186786328,0.1134137342714599,-1674.310852322644,-0.18410820650903761,-1674.3815467948814,0.2109375,0.3515625,40.0,67.0,1.5162949609330854,50.0,1420.9917290589583
off0016,16.0,0.19,163513.0,428.0,1.2590251018817353,12.335808744328203,11.796179510636387,0.0006258923672496317,0.00949301303025772,-103.03605025536478,-0.013853402410903907,-103.04041064474544,6.083236147136891,-66026.73180515291,-8.877425748625157,-66029.52599475441,9.211205709441966e-05,0.9997734664067972,0.00013442153610848973,9.211205709441965e-05,0.9997734664067971,0.0001344215361084897,4413.356325087228,4413.3563250872285,3.0,18.9131681,1.2590251018817353,1436.4907023455844,1373.651500394713,0.11860634854174906,-1287.3393989875515,-0.17308534915096058,-1287.393877988161,0.2109375,0.3515625,40.0,67.0,1.5162949609330854,50.0,1420.9917290589583
off0018,18.0,0.21,182365.0,428.0,1.2902284640059254,12.35727387512503,11.835260992925715,0.0007312552533470246,0.009178654759897875,-72.54011384149626,-0.011590605007453916,-72.54252579174383,6.694151207608278,-52904.7560208591,-8.45322811862917,-52906.51509777013,0.0001264959075413738,0.9997137678197995,0.0001597362726591743,0.0001264959075413738,0.9997137678197995,0.0001597362726591743,3492.667271441498,3492.6672714414976,3.0,20.9040279,1.2902284640059254,1438.9902920728043,1378.202493937663,0.13051750945003895,-1031.4970157914222,-0.16481466382213802,-1031.5313129457943,0.2109375,0.3515625,40.0,67.0,1.5162949609330854,50.0,1420.9917290589583
off0020,20.0,0.23,201150.0,428.0,1.3199070948280465,12.229298044617899,11.732090033050554,0.0008556795969874461,0.008734810637260004,-52.29570290693759,-0.010011384532201073,-52.29697948083253,7.047392361976371,-42193.05403810635,-8.077353684587047,-42194.083999428956,0.0001669674590324262,0.9996416631448634,0.00019136939610433265,0.00016696745903242615,0.9996416631448631,0.00019136939610433262,2789.670246905949,2789.670246905949,3.0,22.8948877,1.3199070948280465,1424.0876541948483,1366.1883546392662,0.13740473895435315,-822.648332604978,-0.157486147707748,-822.6684140137313,0.2109375,0.3515625,40.0,67.0,1.5162949609330854,50.0,1420.9917290589583
off0022,22.0,0.25,219834.0,428.0,1.3434411453601276,12.040285632343574,11.567537830481895,0.0009865417553135262,0.008303698866619968,-40.56751470660364,-0.009142962728284094,-40.5683539704653,7.081139949631639,-34594.7334628154,-7.796838453945422,-34595.44916131971,0.0002046003885844908,0.9995701200393756,0.00022527957203991112,0.00020460038858449074,0.9995701200393755,0.0002252795720399111,2325.2307890498014,2325.230789049802,3.0,24.885747499999997,1.3434411453601276,1402.077376758858,1347.026440415438,0.13806272395560415,-674.5020110275951,-0.15201687339190398,-674.5159651770314,0.2109375,0.3515625,40.0,67.0,1.5162949609330854,50.0,1420.9917290589583
off0024,24.0,0.27,238468.0,428.0,1.3723580541594358,11.833961660382363,11.390786315521659,0.0011553387767271502,0.007574646046960287,-29.871757187582553,-0.008136295559370479,-29.872318837094962,6.955952101002147,-27431.844456015973,-7.471726314299455,-27432.360230229267,0.00025343886655834486,0.9994743301259772,0.00027223100746444156,0.00025343886655834486,0.9994743301259772,0.0002722310074644416,1901.3346199151838,1901.3346199151838,3.0,26.8766073,1.3723580541594358,1378.0511881614088,1326.4439303321317,0.1356219057383581,-534.8454056357155,-0.14567808219305303,-534.85546181217,0.2109375,0.3515625,40.0,67.0,1.5162949609330854,50.0,1420.9917290589583
off0026,26.0,0.29,257062.0,428.0,1.3984606439911182,11.624331613928792,11.208025932831305,0.0013397264485762266,0.007123410534161934,-22.814873150605578,-0.00742775558996999,-22.815177495661384,6.900581637609027,-22101.196326173882,-7.195406411996855,-22101.491150948266,0.0003120276024192954,0.9993626135323321,0.00032535886524860067,0.0003120276024192955,0.9993626135323321,0.0003253588652486007,1567.906857497075,1567.906857497075,3.0,28.867467099999995,1.3984606439911182,1353.6400110019638,1305.161694531214,0.13454233422062023,-430.9124504209084,-0.14029060522375122,-430.9181986919114,0.2109375,0.3515625,40.0,67.0,1.5162949609330854,50.0,1420.9917290589583
off0028,28.0,0.31,275604.0,428.0,1.416568708073998,11.476229345438975,11.079386432144501,0.0014934647861900097,0.00655668836839465,-18.958784948263247,-0.007037246200830741,-18.959265506095683,6.533747332455002,-18892.450521120623,-7.0126237528907716,-18892.929397541062,0.00034559126237604273,0.9992834881354006,0.00037092060222340017,0.0003455912623760428,0.9992834881354007,0.0003709206022234003,1394.6503017002203,1394.6503017002203,3.0,30.858326899999998,1.416568708073998,1336.3936726311838,1290.1817730261944,0.12739007571843364,-368.3507457408849,-0.1367268468476232,-368.3600825120141,0.2109375,0.3515625,40.0,67.0,1.5162949609330854,50.0,1420.9917290589583
off0030,30.0,0.33,294208.0,428.0,1.4211866251289598,11.378189498095733,10.986501702436923,0.0015750329728373028,0.006800482512189926,-18.08671630266915,-0.007084679435647506,-18.087000499592605,6.687643700078999,-17786.60765906596,-6.967125010608959,-17786.88714037649,0.0003757047811634046,0.9992328894719339,0.00039140574690275465,0.0003757047811634046,0.9992328894719339,0.00039140574690275465,1302.5931113094505,1302.5931113094507,3.0,32.8491867,1.4211866251289598,1324.977045469815,1279.3654533685012,0.1303906309782047,-346.7898559846995,-0.13583974669981327,-346.79530510042105,0.2109375,0.3515625,40.0,67.0,1.5162949609330854,50.0,1420.9917290589583
off0032,32.0,0.35000000000000003,312821.0,428.0,1.4400306940209024,11.332277738858481,10.953244634120926,0.001718379419360907,0.006342504696878776,-14.999696796898917,-0.006578854836081804,-14.99993314703812,6.542185016416045,-15471.930463645886,-6.785976138885821,-15472.174254768355,0.0004224782533459327,0.9991393000609008,0.0004382216857532752,0.00042247825334593267,0.9991393000609007,0.0004382216857532752,1160.8450920846828,1160.8450920846826,3.0,34.8400465,1.4400306940209024,1319.6306740531081,1275.4927061159008,0.12755458731399938,-301.66002647268175,-0.13230784267737097,-301.6647797280451,0.2109375,0.3515625,40.0,67.0,1.5162949609330854,50.0,1420.9917290589583
off0034,34.0,0.37,331404.0,428.0,1.4496803648095171,11.335170266431003,10.960678822623425,0.0017982727794988369,0.0060130055808066685,-13.660067967349677,-0.006337081150707862,-13.660392042919579,6.353509029588573,-14433.607953463212,-6.695936295282225,-14433.950380728906,0.00043979093946822355,0.9990967152494413,0.00046349381109044236,0.00043979093946822355,0.9990967152494413,0.00046349381109044236,1106.070610216233,1106.0706102162328,3.0,36.8309063,1.4496803648095171,1319.9675055532005,1276.3584087937438,0.12387592528052727,-281.4155975925976,-0.13055231374264123,-281.4222739810597,0.2109375,0.3515625,40.0,67.0,1.5162949609330854,50.0,1420.9917290589583
off0036,36.0,0.39,349938.0,428.0,1.4594850479096801,11.371919728646345,11.001642957852619,0.0018571364194130263,0.005610546186662901,-12.432379937842706,-0.00603241273501106,-12.432801804391055,6.144274643374778,-13615.066032336337,-6.606273145778225,-13615.528030838741,0.00045086273411805775,0.9990643733928919,0.00048476387298994534,0.0004508627341180577,0.999064373392892,0.00048476387298994534,1067.8024393523538,1067.8024393523538,3.0,38.8217661,1.4594850479096801,1324.2469380478726,1281.1286351004235,0.11979643108731361,-265.4562848115377,-0.1288041293052464,-265.46529250975567,0.2109375,0.3515625,40.0,67.0,1.5162949609330854,50.0,1420.9917290589583
off0038,38.0,0.41000000000000003,368549.0,428.0,1.4694472334391642,11.42490276272228,11.058579194612621,0.00191365726193932,0.005294495035992497,-11.30757250056944,-0.005735156499359321,-11.308013162032807,6.016267077966417,-12849.077334934484,-6.517001715842105,-12849.578069572359,0.0004677693380191776,0.99902552882528,0.000506701836700994,0.0004677693380191775,0.9990255288252798,0.000506701836700994,1025.1976197368376,1025.1976197368376,3.0,40.81262590000001,1.4694472334391642,1330.4167512647914,1287.75879421098,0.1173006361598143,-250.52161513479928,-0.12706358232043025,-250.53137808095988,0.2109375,0.3515625,40.0,67.0,1.5162949609330854,50.0,1420.9917290589583
off0040,40.0,0.43,387173.0,428.0,1.4694472334391642,11.517537339392318,11.146552227471503,0.0018963398506042278,0.0051665552670137616,-11.325315639684135,-0.005671951532656714,-11.325821035949778,5.936307696964872,-13012.646710982042,-6.517001715842105,-13013.227405000918,0.0004557590872753172,0.9990438991337258,0.0005003417789988338,0.00045575908727531715,0.9990438991337258,0.0005003417789988338,1044.9147515438622,1044.9147515438622,3.0,42.803485699999996,1.4694472334391642,1341.2039408897451,1298.0031524349215,0.11574164847910173,-253.71076741444307,-0.12706358232043025,-253.72208934828438,0.2109375,0.3515625,40.0,67.0,1.5162949609330854,50.0,1420.9917290589583
off0042,42.0,0.45,405735.0,428.0,1.4694472334391642,11.658746604065716,11.281325103551174,0.00185492861164771,0.004958214942098693,-11.33855830327112,-0.005541368618896045,-11.339141456947917,5.8311759255619595,-13334.865265165254,-6.517001715842104,-13335.551090955534,0.00043688339521569665,0.9990748497658843,0.0004882668388999485,0.00043688339521569665,0.9990748497658845,0.0004882668388999485,1079.9055255289472,1079.9055255289475,3.0,44.7943455,1.4694472334391642,1357.6475969152698,1313.6972984312943,0.11369186852313305,-259.9931416671769,-0.12706358232043025,-260.0065133809742,0.2109375,0.3515625,40.0,67.0,1.5162949609330854,50.0,1420.9917290589583
off0044,44.0,0.47000000000000003,424378.0,428.0,1.4795694515169937,11.81054988076151,11.43373091012422,0.0018589902812793096,0.004571015713288384,-10.299695043507418,-0.005133012743056633,-10.300257040537186,5.724340862368,-12898.438532179896,-6.428136859542001,-12899.14232817707,0.00044338333217880605,0.9990587202621019,0.0004978964057192988,0.0004433833321788061,0.999058720262102,0.0004978964057192988,1061.3834336783011,1061.3834336783011,3.0,46.7852053,1.4795694515169937,1375.3249134235502,1331.44477884893,0.11160887906897117,-251.48402251523328,-0.12533096240160577,-251.4977445985659,0.2109375,0.3515625,40.0,67.0,1.5162949609330854,50.0,1420.9917290589583
off0046,46.0,0.49,443047.0,428.0,1.4898542729060256,11.952835958427135,11.577303686379667,0.0018646350559116465,0.004247297632473668,-9.348498409319381,-0.004758819158144923,-9.349009930845053,5.658244878514614,-12454.058515208457,-6.339693249532983,-12454.739963579477,0.0004538921269685251,0.9990375514363378,0.0005085564366938337,0.0004538921269685251,0.9990375514363378,0.0005085564366938337,1038.016564370722,1038.0165643707219,3.0,48.7760651,1.4898542729060256,1391.893963080215,1348.1636630725295,0.11032018944579844,-242.8198362329517,-0.12360655562513083,-242.83312259913106,0.2109375,0.3515625,40.0,67.0,1.5162949609330854,50.0,1420.9917290589583
off0048,48.0,0.51,461625.0,428.0,1.5055921115335478,12.083783653842469,11.714208336016792,0.0019038658386123168,0.0038413553070448664,-8.070658921330024,-0.004316931009972917,-8.07113449703295,5.523960141667938,-11605.79916069271,-6.207849294671398,-11606.483049845712,0.0004754848647161881,0.9989901632742357,0.0005343518610480141,0.00047548486471618817,0.9989901632742357,0.000534351861048014,989.2590928679502,989.2590928679501,3.0,50.7669249,1.5055921115335478,1407.1426711995098,1364.106051641259,0.10770200696577585,-226.28111535774025,-0.12103596167066208,-226.29444931244512,0.2109375,0.3515625,40.0,67.0,1.5162949609330854,50.0,1420.9917290589583
off0050,50.0,0.53,480378.0,428.0,1.5162949609330854,12.20271190639874,11.8357404457855,0.001918147011037822,0.0035260545317177313,-7.317384298611472,-0.0040167106594738485,-7.317874954739228,5.372877251269122,-11149.971528560218,-6.1205217143093416,-11150.719173023257,0.00048137742546848174,0.998970260710381,0.0005483618641505781,0.00048137742546848174,0.998970260710381,0.000548361864150578,970.119593164148,970.1195931641479,3.0,52.7577847,1.5162949609330854,1420.9917290589583,1378.258325670269,0.1047563067621481,-217.3937321123747,-0.11933331439818944,-217.40830912001073,0.2109375,0.3515625,40.0,67.0,1.5162949609330854,50.0,1420.9917290589583
off0052,52.0,0.55,499059.0,428.0,1.5271697409053773,12.310467952609518,11.946529548646712,0.0019376183061023823,0.0033344300217027084,-6.626985577767531,-0.0037454233613611492,-6.62739657110719,5.371578144023116,-10675.698892644587,-6.033665165276904,-10676.360979665842,0.0005026224200391092,0.9989328032024194,0.0005645743775414577,0.0005026224200391093,0.9989328032024196,0.0005645743775414578,936.0342960802467,936.0342960802467,3.0,54.7486445,1.5271697409053773,1433.5397963735131,1391.1595889339778,0.1047309777492533,-208.14672210016292,-0.11763985093918441,-208.15963097335288,0.2109375,0.3515625,40.0,67.0,1.5162949609330854,50.0,1420.9917290589583
off0054,54.0,0.5700000000000001,517736.0,428.0,1.5382192133431443,12.407219939870258,12.046838479580362,0.0019612898327554325,0.0031192031466848597,-6.002754156581567,-0.0034992964267725546,-6.003134249861654,5.301298883271338,-10202.090857935817,-5.947293384594343,-10202.73685243714,0.0005190563683032795,0.9988986371869152,0.0005823064447814606,0.0005190563683032797,0.9988986371869154,0.0005823064447814607,906.9660109452586,906.9660109452585,3.0,56.73950430000001,1.5382192133431443,1444.8064537134635,1402.8404482626916,0.10336072574943492,-198.91266998083506,-0.11595583912770331,-198.92526509421333,0.2109375,0.3515625,40.0,67.0,1.5162949609330854,50.0,1420.9917290589583
off0056,56.0,0.59,536486.0,428.0,1.5494461845061513,12.494593811455175,12.138385301838431,0.0019885503382637295,0.0029183924649175963,-5.434701222090736,-0.0032741190623460995,-5.435056948688164,5.224588133238822,-9729.354723178234,-5.861419876036945,-9729.991554921031,0.0005363810814546032,0.9988618576597074,0.0006017612588380636,0.0005363810814546032,0.9988618576597074,0.0006017612588380636,877.6247243405913,877.6247243405915,3.0,58.73036409999999,1.5494461845061513,1454.9810402980181,1413.5009701407942,0.10186507742423588,-189.69561750889932,-0.11428154225016794,-189.7080339737252,0.2109375,0.3515625,40.0,67.0,1.5162949609330854,50.0,1420.9917290589583
off0058,58.0,0.61,555108.0,428.0,1.5666257011701625,12.573205365426924,12.226216235397981,0.0020486796246264303,0.0026573734909581676,-4.672340420537155,-0.002992864018666047,-4.672675911064863,5.090857557516038,-8951.026124898483,-5.733572815370467,-8951.668840156337,0.0005680587425686976,0.9987921657133056,0.0006397755441255349,0.0005680587425686977,0.9987921657133058,0.0006397755441255349,826.9281446273046,826.9281446273047,3.0,60.7212239,1.5666257011701625,1464.1352651014204,1423.7287810652003,0.09925769955968751,-174.52035375540726,-0.11178887672302361,-174.53288493257057,0.2109375,0.3515625,40.0,67.0,1.5162949609330854,50.0,1420.9917290589583
off0060,60.0,0.63,573907.0,428.0,1.5783089941536228,12.643015129411154,12.301079289281112,0.0020819736006459717,0.0024873396606579917,-4.224452810873853,-0.0028060092677131125,-4.224771480480908,5.007463096104046,-8504.58499346562,-5.649002457381455,-8505.226532826897,0.0005880588495585502,0.9987485421752546,0.0006633989751868033,0.0005880588495585503,0.9987485421752547,0.0006633989751868033,798.0680790249403,798.0680790249403,3.0,62.712083699999994,1.5783089941536228,1472.2645316111975,1432.4464973561376,0.0976317372729304,-165.81598141848582,-0.11013998769203207,-165.8284896689049,0.2109375,0.3515625,40.0,67.0,1.5162949609330854,50.0,1420.9917290589583
off0062,62.0,0.65,592558.0,428.0,1.5901799675555697,12.703258617487084,12.366697520869065,0.002119266983735598,0.002331166240175153,-3.817359831293807,-0.0026344157782490357,-3.8176630808318808,4.924387230787565,-8063.8427601508965,-5.564975674158748,-8064.483348594268,0.0006098816788482392,0.9987009002422633,0.0006892180788883138,0.0006098816788482393,0.9987009002422634,0.0006892180788883138,768.7638260993288,768.7638260993286,3.0,64.7029435,1.5901799675555697,1479.2798163234975,1440.0876647521377,0.09601198673246002,-157.22272189720314,-0.10850169687170201,-157.2352116073424,0.2109375,0.3515625,40.0,67.0,1.5162949609330854,50.0,1420.9917290589583
off0064,64.0,0.67,611285.0,428.0,1.602241636274245,12.753098150564684,12.42260610003299,0.0021618053937741796,0.0021904770997260015,-3.4464028090152725,-0.0024781247888632798,-3.4466904567044097,4.845240572375481,-7623.293902994191,-5.4815048155087815,-7623.930167237324,0.0006347237825346241,0.9986472021778979,0.0007180740395673934,0.0006347237825346241,0.9986472021778979,0.0007180740395673934,738.2087595514976,738.2087595514977,3.0,66.6938033,1.602241636274245,1485.083572474316,1446.5981543207486,0.09446884490359042,-148.6332326783455,-0.10687424504924127,-148.64563807849115,0.2109375,0.3515625,40.0,67.0,1.5162949609330854,50.0,1420.9917290589583
off0066,66.0,0.6900000000000001,630000.0,428.0,1.608344936754809,12.792882162537747,12.464759294744846,0.002177462806215278,0.002116919060378121,-3.2748207854731257,-0.0023939861679623067,-3.27509785258071,4.810387369344694,-7441.548823550008,-5.439981641383499,-7442.178417822047,0.0006455336818720222,0.9986244437422628,0.0007300225758652125,0.0006455336818720222,0.9986244437422628,0.0007300225758652125,725.9786272827416,725.9786272827416,3.0,68.68466310000001,1.608344936754809,1489.7163747887641,1451.5068452329344,0.09378930344794409,-145.08970424760224,-0.10606465752974624,-145.10197960168404,0.2109375,0.3515625,40.0,67.0,1.5162949609330854,50.0,1420.9917290589583
off0068,68.0,0.71,648641.0,428.0,1.620698407538701,12.822491821567384,12.502045046329645,0.0022295869953351077,0.0019938744247851997,-2.9509181669973357,-0.0022604541149516327,-2.951184746687502,4.725562622139683,-6993.794803530732,-5.3573672152538085,-6994.426608123846,0.0006747066128276324,0.9985603789470288,0.0007649144401436432,0.0006747066128276325,0.9985603789470289,0.0007649144401436433,693.6272409229297,693.6272409229297,3.0,70.67552289999999,1.620698407538701,1493.1643854362421,1455.8487280062188,0.09213545452795789,-136.35973419960888,-0.10445390378237998,-136.3720526488633,0.2109375,0.3515625,40.0,67.0,1.5162949609330854,50.0,1420.9917290589583
off0070,70.0,0.73,667418.0,428.0,1.6332503244772656,12.843005098978656,12.530302472010815,0.0022876312959172478,0.0018581058512223824,-2.6587653502484465,-0.0021384336201227543,-2.659045678017347,4.5837930035250105,-6558.953572244554,-5.275338355978406,-6559.645117597008,0.0006978114935458667,0.9984990999432676,0.0008030885631864689,0.0006978114935458667,0.9984990999432677,0.0008030885631864688,665.2668813386125,665.2668813386126,3.0,72.6663827,1.6332503244772656,1495.553132934413,1459.1392726396937,0.08937133747063197,-127.88152796352092,-0.1028545669757233,-127.89501119302602,0.2109375,0.3515625,40.0,67.0,1.5162949609330854,50.0,1420.9917290589583
off0072,72.0,0.75,686137.0,428.0,1.6396016944634537,12.8592661185796,12.546154743605738,0.0023157501380650074,0.001826072168319627,-2.524451763044346,-0.0020764821613668363,-2.5247021730373933,4.603295370509494,-6363.821384228292,-5.234547071138759,-6364.452635928922,0.0007222374474065799,0.9984564844005962,0.0008212781519971006,0.0007222374474065799,0.9984564844005962,0.0008212781519971007,646.871651174979,646.871651174979,3.0,74.6572425,1.6396016944634537,1497.44670991437,1460.9852513857272,0.08975157990738819,-124.07698779053032,-0.1020592492813027,-124.08929545990425,0.2109375,0.3515625,40.0,67.0,1.5162949609330854,50.0,1420.9917290589583
off0074,74.0,0.77,704795.0,428.0,1.6332503244772656,12.877419596007325,12.556475358398623,0.0022836915635050894,0.0018609295792405556,-2.6713300886752402,-0.0021271813676518904,-2.6715963404636516,4.615042862085187,-6624.80891031096,-5.275338355978408,-6625.469205804852,0.0006955918662323597,0.9985092947270887,0.0007951134066790028,0.0006955918662323596,0.9985092947270887,0.0007951134066790028,669.8234137033606,669.8234137033606,3.0,76.64810229999999,1.6332503244772656,1499.5606614258313,1462.1870750763942,0.08998062363454543,-129.16552565670847,-0.10285456697572333,-129.17839960004963,0.2109375,0.3515625,40.0,67.0,1.5162949609330854,50.0,1420.9917290589583
off0076,76.0,0.79,723552.0,428.0,1.6144970636392173,12.905771591788854,12.567644579555703,0.002199128775148592,0.0020491691346984572,-3.136089200342334,-0.002301627104413117,-3.1363416583120483,4.8064469139164325,-7355.881954063385,-5.398601953186627,-7356.474109102654,0.0006525102014141646,0.9986145902345379,0.0007328995640478959,0.0006525102014141646,0.9986145902345379,0.0007328995640478959,720.8081068358002,720.8081068358003,3.0,78.6389621,1.6144970636392173,1502.8622186384328,1463.4877179995397,0.09371247542111209,-143.41943626275784,-0.10525786759062197,-143.43098165492734,0.2109375,0.3515625,40.0,67.0,1.5162949609330854,50.0,1420.9917290589583
off0078,78.0,0.81,742313.0,428.0,1.6269493621893805,12.952883325502096,12.621000242376248,0.0022503835526824917,0.0019517062958406533,-2.8277776355307656,-0.0021741785025091815,-2.8280001077374344,4.772292126051313,-6914.452739649955,-5.316278873653709,-6914.996726397559,0.000689185306572108,0.9985430701403731,0.0007677445530547259,0.000689185306572108,0.9985430701403732,0.0007677445530547259,685.374840485548,685.374840485548,3.0,80.6298219,1.6269493621893805,1508.3483256990314,1469.7009234040445,0.09304655113740554,-134.81278250234587,-0.10365279429937602,-134.82338874550786,0.2109375,0.3515625,40.0,67.0,1.5162949609330854,50.0,1420.9917290589583
off0080,80.0,0.8300000000000001,761057.0,428.0,1.620698407538701,12.993115046499655,12.653929474303784,0.0022051291803215226,0.001948360819502823,-2.9867146630576404,-0.002212978205763132,-2.986979280443901,4.716758778150713,-7230.49471319353,-5.3573672152538085,-7231.1353216306325,0.0006514348365314861,0.9986086554499859,0.0007399097134825948,0.0006514348365314862,0.998608655449986,0.0007399097134825949,717.729232086962,717.7292320869619,3.0,82.6206817,1.620698407538701,1513.0332632130737,1473.535494487277,0.09196380382043862,-140.9747304460524,-0.10445390378237998,-140.98722054601436,0.2109375,0.3515625,40.0,67.0,1.5162949609330854,50.0,1420.9917290589583
off0082,82.0,0.85,779785.0,428.0,1.6269493621893805,13.029972526481798,12.69362127545638,0.002223862491100746,0.001909548060703982,-2.835614630392822,-0.0021424362623752467,-2.8358475185944934,4.738386010182704,-7036.343819473854,-5.316278873653709,-7036.921712337325,0.0006724550166587164,0.9985730774513879,0.0007544675319534262,0.0006724550166587163,0.9985730774513879,0.0007544675319534262,699.8088848078144,699.8088848078145,3.0,84.61154149999999,1.6269493621893805,1517.3252742521213,1478.1575589580211,0.09238547527266176,-137.18932280886148,-0.10365279429937602,-137.20059012788818,0.2109375,0.3515625,40.0,67.0,1.5162949609330854,50.0,1420.9917290589583
off0084,84.0,0.87,798481.0,428.0,1.6332503244772656,13.062981516874096,12.729706567758585,0.0022435643915045453,0.0017906459177634752,-2.6952060623175416,-0.002074661584883269,-2.6954900779846613,4.553158529941793,-6853.2256158824275,-5.275338355978407,-6853.947795708465,0.0006634303700841996,0.9985679120804782,0.000768657549437636,0.0006634303700841997,0.9985679120804782,0.0007686575494376361,697.2811504575034,697.2811504575035,3.0,86.60240129999998,1.6332503244772656,1521.169133116596,1482.359649632244,0.08877404961868592,-133.6190222395295,-0.10285456697572332,-133.63310275688656,0.2109375,0.3515625,40.0,67.0,1.5162949609330854,50.0,1420.9917290589583
off0086,86.0,0.89,817216.0,428.0,1.6396016944634537,13.090116591702213,12.76106069065759,0.002264447112565067,0.0017592095891677886,-2.556953802075274,-0.002009515159997327,-2.5572041076461036,4.582530943687788,-6660.559373788472,-5.234547071138759,-6661.211389915924,0.0006869973496696617,0.9985282572751688,0.0007847453751614916,0.0006869973496696617,0.9985282572751688,0.0007847453751614916,678.4665827987876,678.4665827987876,3.0,88.5932611,1.6396016944634537,1524.328981287553,1486.0108010855552,0.08934673078016105,-129.86256121955415,-0.1020592492813027,-129.8752737380553,0.2109375,0.3515625,40.0,67.0,1.5162949609330854,50.0,1420.9917290589583
off0088,88.0,0.91,835979.0,428.0,1.6460038754095312,13.109925169552776,12.78529991122428,0.0022887050092092855,0.0017057695408969967,-2.426115341124532,-0.0019485166869294267,-2.426358088270564,4.546847050606652,-6466.97875577188,-5.193906409164741,-6467.625815130437,0.0007020293289103785,0.998496035925921,0.000801934745168686,0.0007020293289103784,0.998496035925921,0.000801934745168686,663.9094996583204,663.9094996583204,3.0,90.5841209,1.6460038754095312,1526.6356673345547,1488.8334303673332,0.08865099315667595,-126.08827238774393,-0.10126686831786987,-126.10088826290512,0.2109375,0.3515625,40.0,67.0,1.5162949609330854,50.0,1420.9917290589583
off0090,90.0,0.93,854726.0,428.0,1.658962299383973,13.12203772176353,12.805768891530011,0.0023505781384642035,0.0016112601287025866,-2.1825033350543643,-0.0018453024853254995,-2.1827373774109873,4.464582853488876,-6047.420148857036,-5.113082418366806,-6048.068648421914,0.0007370950082026677,0.9984187438124025,0.0008441611793948059,0.0007370950082026678,0.9984187438124026,0.0008441611793948059,631.4085925123735,631.4085925123735,3.0,92.5749807,1.658962299383973,1528.04616007103,1491.2170195186482,0.08704706791033312,-117.90803523077386,-0.09969102312770299,-117.92067918599123,0.2109375,0.3515625,40.0,67.0,1.5162949609330854,50.0,1420.9917290589583
off0092,92.0,0.9500000000000001,873461.0,428.0,1.6655193651694147,13.128579027764907,12.8152707958681,0.0023826516785046842,0.0015662273936671925,-2.0718213263872083,-0.001794259549168222,-2.072049358542709,4.428187508702162,-5857.650909992991,-5.072901773472998,-5858.295624257761,0.0007547422513085095,0.998380630110938,0.0008646276377533273,0.0007547422513085096,0.9983806301109382,0.0008646276377533274,616.5241411826784,616.5241411826784,3.0,94.5658405,1.6655193651694147,1528.8078876113095,1492.3235053210094,0.08633745893828922,-114.20805779396092,-0.09890761123021315,-114.22062794625283,0.2109375,0.3515625,40.0,67.0,1.5162949609330854,50.0,1420.9917290589583
off0094,94.0,0.97,892185.0,428.0,1.67212888748114,13.132554085399384,12.822369505197619,0.002417767529953864,0.0015215483430022075,-1.9668631704499047,-0.0017465070028383411,-1.9670881291097408,4.384617884963818,-5667.873435697192,-5.032877118941751,-5668.52169493117,0.0007723081199261979,0.9983411991531068,0.000886492726966915,0.0007723081199261979,0.9983411991531069,0.0008864927269669151,601.8451226516864,601.8451226516866,3.0,96.5567003,1.67212888748114,1529.2707784887186,1493.150141836041,0.08548797128830295,-110.50791978891334,-0.09812724071511643,-110.52055905834015,0.2109375,0.3515625,40.0,67.0,1.5162949609330854,50.0,1420.9917290589583
off0096,96.0,0.99,910890.0,428.0,1.678791285971359,13.134249734749186,12.827527690032829,0.0024538140077464796,0.0014822720255242283,-1.8667380451911488,-0.0017001922355838021,-1.8669559654012082,4.3530363903064355,-5482.1102348016675,-4.9930097475834545,-5482.750208158944,0.0007926925332020772,0.9982980751079947,0.0009092323588032242,0.0007926925332020772,0.9982980751079947,0.0009092323588032242,586.5699948319958,586.5699948319959,3.0,98.5475601,1.678791285971359,1529.4682349000423,1493.7508065115667,0.08487221913398853,-106.88604905781978,-0.09734993678865436,-106.89852677547442,0.2109375,0.3515625,40.0,67.0,1.5162949609330854,50.0,1420.9917290589583
off0098,98.0,1.01,929572.0,428.0,1.6855069836494998,13.132621996611508,12.82966374744948,0.002492979689348873,0.0014423767264746049,-1.7709691146639526,-0.0016566215434263055,-1.7711833594809043,4.312708603987298,-5295.200344000746,-4.953300932238202,-5295.840936328997,0.0008130334545550699,0.9982531683832725,0.0009337981621724086,0.0008130334545550698,0.9982531683832724,0.0009337981621724085,571.4650220571368,571.4650220571368,3.0,100.5384199,1.6855069836494998,1529.278686671054,1493.9995479343863,0.08408593838400712,-103.24182103213838,-0.09657572426770272,-103.25431081802208,0.2109375,0.3515625,40.0,67.0,1.5162949609330854,50.0,1420.9917290589583
off0100,100.0,1.03,948323.0,428.0,1.6855069836494998,13.128720610796984,12.824863395806972,0.002498237068554393,0.001445034835302679,-1.7731931004651957,-0.001656170375748601,-1.7734042360056415,4.321833370305339,-5303.294374893374,-4.953300932238202,-5303.925842455306,0.000813510931541575,0.9982541152098832,0.0009323738585752466,0.000813510931541575,0.9982541152098832,0.0009323738585752466,571.7754807538518,571.7754807538516,3.0,102.52927969999999,1.6855069836494998,1528.824374792118,1493.4405525214895,0.08426384619295992,-103.39963233946541,-0.09657572426770272,-103.41194421754015,0.2109375,0.3515625,40.0,67.0,1.5162949609330854,50.0,1420.9917290589583
off0102,102.0,1.05,967067.0,428.0,1.6922764069090659,13.123542875428594,12.82383966050605,0.002540821786393278,0.001406658675050583,-1.6811177694031647,-0.001615339841771252,-1.6813264505698855,4.278958269010825,-5113.8438259089635,-4.9137519256127895,-5114.478619565565,0.0008352386790247764,0.998205612993419,0.0009591483275561466,0.0008352386790247762,0.998205612993419,0.0009591483275561464,556.2933800414822,556.2933800414824,3.0,104.5201395,1.6922764069090659,1528.2214334795497,1493.3213397262916,0.08342789981756016,-99.70586847747128,-0.09580462757659346,-99.7182452052303,0.2109375,0.3515625,40.0,67.0,1.5162949609330854,50.0,1420.9917290589583
off0104,104.0,1.07,985802.0,428.0,1.6922764069090659,13.11795600082829,12.817692375526534,0.0025476807750310585,0.0014086339188352504,-1.6825230240781697,-0.0016160396182101238,-1.6827304297775445,4.28311135021952,-5115.902268911446,-4.9137519256127895,-5116.532909486839,0.0008357128788632003,0.9982055248028134,0.0009587623183233354,0.0008357128788632002,0.9982055248028134,0.0009587623183233353,556.2659915098565,556.2659915098565,3.0,106.51099930000001,1.6922764069090659,1527.5708483752535,1492.6054954796139,0.08350887346143102,-99.74600244602036,-0.09580462757659346,-99.75829820013551,0.2109375,0.3515625,40.0,67.0,1.5162949609330854,50.0,1420.9917290589583
off0106,106.0,1.09,1004531.0,428.0,1.6922764069090659,13.112720865848454,12.812020641931968,0.002554939833111989,0.001409935563829505,-1.6836799709550105,-0.0016169938844312099,-1.6838870292756123,4.284539142950555,-5116.398880077414,-4.9137519256127895,-5117.028092860076,0.0008359102363857089,0.99820542060536,0.0009586691582542326,0.0008359102363857089,0.99820542060536,0.0009586691582542324,556.2336353503249,556.2336353503249,3.0,108.5018591,1.6922764069090659,1526.9612229441266,1491.9450286432973,0.08353671148681857,-99.75568499583692,-0.09580462757659346,-99.76795291192668,0.2109375,0.3515625,40.0,67.0,1.5162949609330854,50.0,1420.9917290589583
off0108,108.0,1.11,1023254.0,428.0,1.6922764069090659,13.110498387318655,12.809024546015511,0.002562658300403587,0.0014099947038246144,-1.685620451882806,-0.0016187434585378075,-1.685829200637519,4.280087838798339,-5116.759358998816,-4.9137519256127895,-5117.39302308563,0.000834983791859634,0.9982064136351012,0.0009586025730391693,0.0008349837918596339,0.9982064136351013,0.0009586025730391692,556.5421510613578,556.5421510613578,3.0,110.4927189,1.6922764069090659,1526.7024178823438,1491.5961367289908,0.08344992331700676,-99.7627133418619,-0.09580462757659346,-99.77506804612148,0.2109375,0.3515625,40.0,67.0,1.5162949609330854,50.0,1420.9917290589583
off0110,110.0,1.1300000000000001,1041967.0,428.0,1.6990999855547084,13.108442444733113,12.8112603534806,0.0026028597342669154,0.0013726944717114345,-1.5979553395538135,-0.0015775737782671492,-1.5981602188603692,4.2413309306649944,-4937.3386045774205,-4.874363960123147,-4937.971637606878,0.0008574487246593947,0.9981571254197642,0.0009854258555764255,0.0008574487246593946,0.9981571254197642,0.0009854258555764253,541.630524466856,541.630524466856,3.0,112.4835787,1.6990999855547084,1526.4630057392164,1491.8564939299172,0.08269427036465056,-96.2645028466893,-0.09503667074404246,-96.27684524706868,0.2109375,0.3515625,40.0,67.0,1.5162949609330854,50.0,1420.9917290589583
off0112,112.0,1.1500000000000001,1060673.0,428.0,1.6922764069090659,13.106080853395348,12.803455607234705,0.0025707546013484027,0.0014130295809410207,-1.6889507904987542,-0.001618151674656903,-1.6891559125924702,4.290868979120241,-5128.743695079234,-4.9137519256127895,-5129.366578025728,0.0008351327641369037,0.9982085026281604,0.0009563646077027066,0.0008351327641369037,0.9982085026281604,0.0009563646077027068,557.1922785480526,557.1922785480526,3.0,114.4744385,1.6922764069090659,1526.1880011513738,1490.9476402301912,0.08366012585653809,-99.99637488447101,-0.09580462757659346,-100.00851938619108,0.2109375,0.3515625,40.0,67.0,1.5162949609330854,50.0,1420.9917290589583
off0114,114.0,1.17,1079369.0,428.0,1.6922764069090659,13.106676888468654,12.803395217117906,0.0025753154046267435,0.0014111484582899972,-1.6903548615076238,-0.0016182319567607274,-1.6905619450060947,4.2849440868341855,-5132.752706434257,-4.9137519256127895,-5133.3815142730355,0.000833330335404429,0.9982110496011164,0.0009556200634791434,0.000833330335404429,0.9982110496011165,0.0009556200634791435,557.9869907092273,557.9869907092274,3.0,116.46529829999999,1.6922764069090659,1526.2574087482992,1490.9406078707332,0.08354460677712788,-100.07453956303694,-0.09580462757659346,-100.08679958383641,0.2109375,0.3515625,40.0,67.0,1.5162949609330854,50.0,1420.9917290589583
off0116,116.0,1.19,1098060.0,428.0,1.6922764069090659,13.109093110780949,12.805203637444157,0.0025771991857845645,0.0014105418122700025,-1.6917861331425537,-0.0016168276135220172,-1.6919924189438056,4.286822224108863,-5141.56073283878,-4.9137519256127895,-5142.187662540283,0.0008322696332855777,0.9982137448036588,0.000953985563055671,0.0008322696332855778,0.9982137448036588,0.0009539855630556711,558.8304217943104,558.8304217943103,3.0,118.4561581,1.6922764069090659,1526.5387750501243,1491.151196332214,0.08358122528063847,-100.24627181613901,-0.09580462757659346,-100.25849521843496,0.2109375,0.3515625,40.0,67.0,1.5162949609330854,50.0,1420.9917290589583
off0118,118.0,1.21,1116999.0,428.0,1.6990999855547084,13.110980503874258,12.811378600171073,0.0026169921168690156,0.0013701467400556167,-1.6029953038334581,-0.001575382455353109,-1.6032005395487556,4.239347637212555,-4959.800403198671,-4.874363960123147,-4960.435419521582,0.0008531738603790694,0.9981658544730735,0.000980971666547563,0.0008531738603790692,0.9981658544730733,0.0009809716665475628,544.2130080842823,544.2130080842823,3.0,120.44701789999999,1.6990999855547084,1526.758559799256,1491.870263620658,0.08265560160532723,-96.702446048582,-0.09503667074404246,-96.71482711772073,0.2109375,0.3515625,40.0,67.0,1.5162949609330854,50.0,1420.9917290589583
off0120,120.0,1.23,1136054.0,428.0,1.6990999855547084,13.11159298506566,12.811386924815086,0.0026192139094384508,0.0013711629452844223,-1.6035990398309,-0.0015741383639605894,-1.6038020152495762,4.2458448361138,-4965.589776093862,-4.874363960123147,-4966.218295217872,0.0008534859014917227,0.9981666853296095,0.0009798287688987423,0.0008534859014917226,0.9981666853296094,0.0009798287688987423,544.4600981221718,544.4600981221718,3.0,122.43787769999999,1.6990999855547084,1526.8298825276677,1491.871233015853,0.08278227908731005,-96.81532287315973,-0.09503667074404246,-96.82757726481645,0.2109375,0.3515625,40.0,67.0,1.5162949609330854,50.0,1420.9917290589583
off0122,122.0,1.25,1155099.0,428.0,1.6855069836494998,13.115240491790791,12.80465359573984,0.0025548888277847014,0.0014991857319301624,-1.7886363527227045,-0.0016598421489009824,-1.7887970091396752,4.47387005353777,-5337.648594622494,-4.953300932238202,-5338.128025501194,0.0008366947186933742,0.9982369483061359,0.000926356975170844,0.000836694718693374,0.9982369483061356,0.0009263569751708438,566.1983433498889,566.1983433498889,3.0,124.42873749999998,1.6855069836494998,1527.2546304794228,1491.0871446100668,0.0872281427296124,-104.06944499518315,-0.09657572426770272,-104.07879257672123,0.2109375,0.3515625,40.0,67.0,1.5162949609330854,50.0,1420.9917290589583
off0124,124.0,1.27,1174135.0,428.0,1.658962299383973,13.161259061641609,12.829055122993259,0.0023970858913946796,0.0015856717800832795,-2.2192167142583714,-0.0018232646796306781,-2.219454307157919,4.446787452541728,-6223.472703106768,-5.113082418366806,-6224.1389980725935,0.0007134227842511317,0.9984662570331571,0.0008203201825919801,0.0007134227842511316,0.998466257033157,0.0008203201825919801,650.9997298232379,650.9997298232378,3.0,126.41959729999999,1.658962299383973,1532.613439868903,1493.9286743183388,0.08670010660945202,-121.34057510033598,-0.09969102312770299,-121.35356601685424,0.2109375,0.3515625,40.0,67.0,1.5162949609330854,50.0,1420.9917290589583
off0126,126.0,1.29,1193151.0,428.0,1.6855069836494998,13.186330681697354,12.872505034774084,0.0025237622049662637,0.0014226144046330241,-1.790809241927804,-0.0016342919252866838,-1.7910209194484579,4.31173717966461,-5427.682135763934,-4.953300932238202,-5428.323699516508,0.0007930437875839987,0.9982959116916896,0.0009110445207263513,0.0007930437875839986,0.9982959116916896,0.0009110445207263513,585.8240484505919,585.8240484505919,3.0,128.4104571,1.6855069836494998,1535.5330011112399,1498.9883664378028,0.08406699828551153,-105.82485104926103,-0.09657572426770272,-105.83735977524323,0.2109375,0.3515625,40.0,67.0,1.5162949609330854,50.0,1420.9917290589583
off0128,128.0,1.31,1212037.0,428.0,1.6922764069090659,13.195476521313292,12.885612317216601,0.0025568082806770413,0.001387641018786863,-1.6979641227332942,-0.0015889022686021513,-1.6981653839831095,4.291342433617323,-5251.030628235116,-4.9137519256127895,-5251.653037727111,0.0008158080093606212,0.9982500604830898,0.0009341315075494999,0.0008158080093606213,0.9982500604830898,0.0009341315075494999,570.4483216915439,570.4483216915439,3.0,130.4013169,1.6922764069090659,1536.5980235873283,1500.5146943626216,0.08366935691509662,-102.38063324057879,-0.09580462757659346,-102.39276851124028,0.2109375,0.3515625,40.0,67.0,1.5162949609330854,50.0,1420.9917290589583
off0130,130.0,1.33,1230907.0,428.0,1.6922764069090659,13.202166858508694,12.891470584297243,0.002555961821143733,0.0013868656256183429,-1.6998180327805594,-0.0015864022778087562,-1.7000175694327497,4.2957033873282455,-5265.04799482753,-4.9137519256127895,-5265.6660433658135,0.000814466003591432,0.9982538858976829,0.0009316480987256169,0.000814466003591432,0.9982538858976829,0.0009316480987256169,571.7002597785709,571.7002597785709,3.0,132.3921767,1.6922764069090659,1537.377105638286,1501.1968828082772,0.0837543835001743,-102.65393327817141,-0.09580462757659346,-102.66598352224781,0.2109375,0.3515625,40.0,67.0,1.5162949609330854,50.0,1420.9917290589583
off0132,132.0,1.35,1249767.0,428.0,1.6990999855547084,13.207527086872966,12.900890498787174,0.002590648655449845,0.0013405536720508537,-1.611273309164275,-0.0015432144116169898,-1.6114759699038412,4.23424409237385,-5089.333335002557,-4.874363960123147,-5089.973454870306,0.0008304976578465529,0.9982134526284242,0.0009560497137292818,0.0008304976578465528,0.9982134526284241,0.0009560497137292817,558.7388661001158,558.7388661001158,3.0,134.3830365,1.6990999855547084,1538.0012980497697,1502.293820987373,0.08255609653873158,-99.22798141915892,-0.09503667074404246,-99.24046199336424,0.2109375,0.3515625,40.0,67.0,1.5162949609330854,50.0,1420.9917290589583
off0134,134.0,1.37,1268625.0,428.0,1.7269445710155735,13.20216800181147,12.914554795502752,0.002744279082650776,0.0012071153232533563,-1.2950796607822341,-0.0013925074759776096,-1.2952650529349583,4.090253802643429,-4388.3168452902555,-4.718446439297973,-4388.945037926909,0.0009302108298452902,0.9979967139553495,0.0010730752148053319,0.0009302108298452902,0.9979967139553495,0.0010730752148053319,498.17983638447527,498.17983638447527,3.0,136.3738963,1.7269445710155735,1537.3772387745757,1503.8850125819285,0.07974868251150666,-85.56009082584976,-0.09199670856413272,-85.57233885190236,0.2109375,0.3515625,40.0,67.0,1.5162949609330854,50.0,1420.9917290589583
off0136,136.0,1.3900000000000001,1287474.0,428.0,1.7412032263242307,13.18474676174147,12.90663887418551,0.002830595415407304,0.0011541018570978764,-1.160353714389949,-0.0013252105729449504,-1.1605248231057959,4.042184642726757,-4064.0814635135134,-4.641484452513894,-4064.6807633233,0.0009924914673725836,0.9978678689262697,0.0011396396063577707,0.0009924914673725836,0.9978678689262697,0.0011396396063577707,468.0143173282543,468.0143173282544,3.0,138.3647561,1.7412032263242307,1535.3485554589893,1502.9632126733538,0.07881146630005494,-79.23839399041142,-0.09049616181431204,-79.25007868592567,0.2109375,0.3515625,40.0,67.0,1.5162949609330854,50.0,1420.9917290589583
off0138,138.0,1.41,1306313.0,428.0,1.7199000035964322,13.172063131808086,12.879228129799841,0.0027249084568509376,0.0012479145165505273,-1.370676029128051,-0.0014352986106572155,-1.3708634132221578,4.136109272412355,-4542.992134766416,-4.7571783271098065,-4543.6132038211135,0.0009086584763512185,0.9980462408926586,0.0010451006309902158,0.0009086584763512182,0.9980462408926585,0.0010451006309902158,510.83382651546225,510.8338265154623,3.0,140.35561589999998,1.7199000035964322,1533.871561380293,1499.771263100328,0.08064273786270632,-88.57583291619089,-0.09275187368913816,-88.58794205201733,0.2109375,0.3515625,40.0,67.0,1.5162949609330854,50.0,1420.9917290589583
off0140,140.0,1.43,1325149.0,428.0,1.7129113454425222,13.166588229859903,12.868474614030202,0.002691467191277946,0.0012828261464241583,-1.4490204689682367,-0.0014733433593378629,-1.4492109861811504,4.175898054040822,-4716.899303539037,-4.796075979853511,-4717.519481464849,0.0008836250098173306,0.9981015195914303,0.0010148553987523407,0.0008836250098173306,0.9981015195914303,0.0010148553987523409,525.7370658585869,525.7370658585869,3.0,142.34647569999998,1.7129113454425222,1533.234015362207,1498.5190285901492,0.0814185095059128,-91.9665436784325,-0.09351027077371413,-91.97863543970031,0.2109375,0.3515625,40.0,67.0,1.5162949609330854,50.0,1420.9917290589583
off0142,142.0,1.45,1343992.0,428.0,1.7199000035964322,13.162330939409731,12.868655434617036,0.0027353431517568613,0.0012470700129804807,-1.3725215463168083,-0.0014369868078802197,-1.372711463111708,4.128454350176467,-4543.764575863673,-4.7571783271098065,-4544.393299840606,0.0009068244123898024,0.9980482505199681,0.0010449250676419514,0.0009068244123898026,0.9980482505199684,0.0010449250676419517,511.36083843287633,511.36083843287633,3.0,144.33733549999997,1.7199000035964322,1532.7382587988875,1498.5400849389598,0.08049348796465707,-88.59089338989162,-0.09275187368913816,-88.6031517756161,0.2109375,0.3515625,40.0,67.0,1.5162949609330854,50.0,1420.9917290589583
off0144,144.0,1.47,1362857.0,428.0,1.7199000035964322,13.15836339686256,12.864265422317983,0.0027396112533277276,0.001248349068916764,-1.3733967619506788,-0.0014374139248483299,-1.3735858268066103,4.131460696643213,-4545.310990474747,-4.7571783271098065,-4545.936708105213,0.0009071760205422004,0.998048254414194,0.0010445695652638,0.0009071760205422004,0.998048254414194,0.0010445695652637997,511.36186072224984,511.36186072224996,3.0,146.3281953,1.7199000035964322,1532.2762430447285,1498.0288730693956,0.08055210343975085,-88.62104421519493,-0.09275187368913816,-88.63324398544431,0.2109375,0.3515625,40.0,67.0,1.5162949609330854,50.0,1420.9917290589583
off0146,146.0,1.49,1381719.0,428.0,1.7129113454425222,13.15576392396764,12.856344701609315,0.0027036569680558833,0.0012845499332594518,-1.4517688442128964,-0.0014744553718670178,-1.451958749651504,4.178355749097393,-4722.281742045935,-4.796075979853511,-4722.899462276691,0.0008831387681474125,0.9981031608944162,0.0010137003374363703,0.0008831387681474125,0.9981031608944163,0.0010137003374363703,526.1928425854727,526.1928425854727,3.0,148.31905509999999,1.7129113454425222,1531.9735374238855,1497.106514277224,0.08146642778977331,-92.07148640334286,-0.09351027077371413,-92.0835302463268,0.2109375,0.3515625,40.0,67.0,1.5162949609330854,50.0,1420.9917290589583
off0148,148.0,1.51,1400583.0,428.0,1.7199000035964322,13.153680860236776,12.85868241438452,0.00274632440639912,0.0012484744443296697,-1.3750809560296007,-0.001437382020450747,-1.3752698636057217,4.131967343415838,-4550.985909782082,-4.7571783271098065,-4551.611120765775,0.0009061580181840541,0.9980505725348995,0.001043269446916373,0.0009061580181840542,0.9980505725348997,0.001043269446916373,511.9711250623443,511.97112506234436,3.0,150.3099149,1.7199000035964322,1531.7309670546622,1497.3787382339938,0.08056198165625406,-88.73168951007285,-0.09275187368913816,-88.74387940210573,0.2109375,0.3515625,40.0,67.0,1.5162949609330854,50.0,1420.9917290589583
off0150,150.0,1.53,1419567.0,428.0,1.7199000035964322,13.151353534471976,12.85590883721268,0.0027491776582844398,0.0012492491527486133,-1.3754934671835948,-0.0014371902888857993,-1.375681408319732,4.135082904869406,-4552.958478615821,-4.7571783271098065,-4553.580574038061,0.000906448531678037,0.9980507338492455,0.001042817619076358,0.000906448531678037,0.9980507338492456,0.0010428176190763582,512.0135767314201,512.0135767314201,3.0,152.3007747,1.7199000035964322,1531.4599526532756,1497.0557583708846,0.08062272652275722,-88.77014916887259,-0.09275187368913816,-88.78227831603897,0.2109375,0.3515625,40.0,67.0,1.5162949609330854,50.0,1420.9917290589583
off0152,152.0,1.55,1438573.0,428.0,1.7199000035964322,13.148359435776339,12.852513480331574,0.0027517615705792294,0.0012497571390409357,-1.3759514971682756,-0.0014368124333134936,-1.3761385524625482,4.137852261123291,-4555.6723269633885,-4.7571783271098065,-4556.291653029375,0.000906515763049838,0.9980512872543075,0.0010421969826427317,0.000906515763049838,0.9980512872543075,0.0010421969826427317,512.159264858506,512.159264858506,3.0,154.2916345,1.7199000035964322,1531.1112933130303,1496.6603729776814,0.08067672134149184,-88.82306173633104,-0.09275187368913816,-88.83513688867868,0.2109375,0.3515625,40.0,67.0,1.5162949609330854,50.0,1420.9917290589583
off0154,154.0,1.57,1457577.0,428.0,1.7129113454425222,13.145786924466151,12.844684979876162,0.0027176199416368897,0.0012974531541146972,-1.4542240288426211,-0.0014751195275243697,-1.4544016952160308,4.218426908006527,-4728.138163666654,-4.796075979853511,-4728.715812738501,0.0008904984079972086,0.9980970630413697,0.0010124385506329594,0.0008904984079972088,0.9980970630413699,0.0010124385506329596,524.5034831631266,524.5034831631266,3.0,156.2824943,1.7129113454425222,1530.8117273376367,1495.748753127651,0.08224770501214211,-92.18567049338206,-0.09351027077371413,-92.19693305914363,0.2109375,0.3515625,40.0,67.0,1.5162949609330854,50.0,1420.9917290589583
off0156,156.0,1.59,1476578.0,428.0,1.6922764069090659,13.164142238110736,12.847320145147009,0.002600787728286353,0.0013845298673514847,-1.7131125550160184,-0.00158960856633817,-1.7133176337150053,4.279818595491559,-5295.523875662494,-4.9137519256127895,-5296.157808992615,0.0008067948272288494,0.9982669066516033,0.00092629852116778,0.0008067948272288492,0.9982669066516033,0.0009262985211677799,576.0029646268907,576.0029646268908,3.0,158.27335409999998,1.6922764069090659,1532.9491824437891,1496.0556150845096,0.0834446738141576,-103.24812900837166,-0.09580462757659346,-103.2604889621341,0.2109375,0.3515625,40.0,67.0,1.5162949609330854,50.0,1420.9917290589583
off0158,158.0,1.61,1495579.0,428.0,1.7129113454425222,13.175666675196304,12.87278453412676,0.0027081281244156637,0.0012749361600345177,-1.4555018365432866,-0.0014662324509825287,-1.4556931328342344,4.170341946047328,-4760.975923156067,-4.796075979853511,-4761.601657189873,0.0008742960916171929,0.9981202250918892,0.0010054788164935375,0.0008742960916171929,0.9981202250918892,0.0010054788164935377,530.978587268755,530.978587268755,3.0,160.2642139,1.7129113454425222,1534.291189852164,1499.020913815097,0.08131018070438796,-92.82591635152858,-0.09351027077371413,-92.83811644159788,0.2109375,0.3515625,40.0,67.0,1.5162949609330854,50.0,1420.9917290589583
off0160,160.0,1.6300000000000001,1514577.0,428.0,1.7199000035964322,13.176420418204597,12.877956815858708,0.0027476844313018135,0.0012435007184822405,-1.3784936715962186,-0.0014277587715662199,-1.3786779296493026,4.143245193457964,-4593.030944143216,-4.7571783271098065,-4593.644877276868,0.0009003274630671692,0.9980659373620587,0.001033735174873943,0.0009003274630671694,0.998065937362059,0.0010337351748739433,516.0463357197884,516.0463357197884,3.0,162.2550737,1.7199000035964322,1534.3789623562463,1499.623220057991,0.08078186866713846,-89.55145186669839,-0.09275187368913816,-89.56342187172038,0.2109375,0.3515625,40.0,67.0,1.5162949609330854,50.0,1420.9917290589583
off0162,162.0,1.6500000000000001,1533571.0,428.0,1.7269445710155735,13.174489275681706,12.880533194164338,0.0027910014582081637,0.0012088221739541133,-1.3052802963728176,-0.0013918627567551035,-1.3054633369556186,4.097934695612946,-4424.929927045799,-4.718446439297973,-4425.550438789483,0.0009242600750637994,0.9980115278317472,0.0010642120931889953,0.0009242600750637996,0.9980115278317473,0.0010642120931889955,501.8986656014739,501.8986656014739,3.0,164.2459335,1.7269445710155735,1534.1540830364927,1499.9232363405442,0.07989843876732508,-86.27394506902743,-0.09199670856413272,-86.28604333882423,0.2109375,0.3515625,40.0,67.0,1.5162949609330854,50.0,1420.9917290589583
off0164,164.0,1.67,1552567.0,428.0,1.7269445710155735,13.1720524409597,12.87776556987073,0.0027939910343708135,0.0012096050202919928,-1.3058033147399817,-0.0013918787646099752,-1.3059855884842997,4.100541402076077,-4426.652060163344,-4.718446439297973,-4427.269965200566,0.0009244883706141409,0.9980117133567267,0.0010637982726593494,0.0009244883706141408,0.9980117133567264,0.0010637982726593494,501.9455905581162,501.94559055811624,3.0,166.2367933,1.7269445710155735,1533.8703164433275,1499.60094968324,0.07994926236316027,-86.30752192118875,-0.09199670856413272,-86.31956936738973,0.2109375,0.3515625,40.0,67.0,1.5162949609330854,50.0,1420.9917290589583
off0166,166.0,1.69,1571562.0,428.0,1.7269445710155735,13.16905220633102,12.874459783584344,0.002797206488934115,0.001210542336957783,-1.3062911777011306,-0.0013919598356702955,-1.306472595199843,4.103479879997654,-4428.04799259323,-4.718446439297973,-4428.662959152531,0.0009248591811326789,0.9980116779440183,0.001063462874849047,0.000924859181132679,0.9980116779440185,0.0010634628748490472,501.93663292200125,501.9366329220012,3.0,168.22765309999997,1.7269445710155735,1533.5209425807557,1499.2159946824972,0.08000655458856777,-86.3347387584634,-0.09199670856413272,-86.34672891243896,0.2109375,0.3515625,40.0,67.0,1.5162949609330854,50.0,1420.9917290589583
off0168,168.0,1.71,1590553.0,428.0,1.7269445710155735,13.165452946267393,12.870572563237014,0.002800704584732341,0.0012116499986131665,-1.3067644405897993,-0.0013922014764026387,-1.3069449920675889,4.106521734486543,-4428.883409630077,-4.718446439297973,-4429.495334334889,0.0009253698947470681,0.9980113681606648,0.0010632619445879502,0.0009253698947470683,0.998011368160665,0.0010632619445879506,501.8582868985902,501.85828689859017,3.0,170.21851289999998,1.7269445710155735,1533.1018128970939,1498.7633323558803,0.08006586237228618,-86.35102708951834,-0.09199670856413272,-86.3629579357102,0.2109375,0.3515625,40.0,67.0,1.5162949609330854,50.0,1420.9917290589583
off0170,170.0,1.73,1609542.0,428.0,1.7340454949740682,13.1613869502511,12.871088055603963,0.0028460533242850253,0.0011782243489419503,-1.2370529637334415,-0.0013577625032929834,-1.2372325018877925,4.061056521692054,-4263.824636249892,-4.67988144520901,-4264.443461173409,0.0009504960078784722,0.9979541711379109,0.001095332854210642,0.0009504960078784722,0.997954171137911,0.001095332854210642,487.799438961303,487.79943896130305,3.0,172.2093727,1.7340454949740682,1532.6283323499943,1498.823360847534,0.07917941595712179,-83.13283566444638,-0.09124479740701302,-83.14490104589626,0.2109375,0.3515625,40.0,67.0,1.5162949609330854,50.0,1420.9917290589583
off0172,172.0,1.75,1628529.0,428.0,1.7340454949740682,13.157009570094596,12.866457200603993,0.00285011320562526,0.001179364457958243,-1.23746093416576,-0.0013582392477601334,-1.237639808955562,4.063559386197678,-4263.7337085668405,-4.67988144520901,-4264.350030625852,0.0009511014907990802,0.9979535429855632,0.0010953555236376496,0.0009511014907990804,0.9979535429855633,0.0010953555236376498,487.64940379665956,487.64940379665956,3.0,174.20023249999997,1.7340454949740682,1532.1185914788625,1498.2841031231935,0.07922821492081919,-83.13106282508797,-0.09124479740701302,-83.14307940757416,0.2109375,0.3515625,40.0,67.0,1.5162949609330854,50.0,1420.9917290589583
off0174,174.0,1.77,1647517.0,428.0,1.7340454949740682,13.152372229131608,12.861582913852196,0.002854293521645028,0.0011805116156956771,-1.2378424228292455,-0.0013587792654090334,-1.2380206904789588,4.065895430399302,-4263.353095064561,-4.67988144520901,-4263.9670810793705,0.0009517325212449448,0.9979528149657181,0.001095452513036911,0.000951732521244945,0.9979528149657183,0.001095452513036911,487.4756303187786,487.47563031877866,3.0,176.19109229999998,1.7340454949740682,1531.5785784716081,1497.7164980520838,0.07927376134809658,-83.12364191019675,-0.09124479740701302,-83.13561294625566,0.2109375,0.3515625,40.0,67.0,1.5162949609330854,50.0,1420.9917290589583
off0176,176.0,1.79,1666501.0,428.0,1.7340454949740682,13.147512551170594,12.856499404108856,0.0028585658949088996,0.0011816372117025992,-1.2382036146544353,-0.0013593611869507421,-1.2383813386296834,4.068029979890759,-4262.771496816316,-4.67988144520901,-4263.383348281634,0.0009523613475902632,0.9979520375330095,0.0010956011194002083,0.0009523613475902634,0.9979520375330097,0.0010956011194002083,487.2901987308016,487.2901987308016,3.0,178.18195210000002,1.7340454949740682,1531.0126745773377,1497.1245292048893,0.07931537918354466,-83.11230234637347,-0.09124479740701302,-83.12423176459693,0.2109375,0.3515625,40.0,67.0,1.5162949609330854,50.0,1420.9917290589583
off0178,178.0,1.81,1685482.0,428.0,1.7340454949740682,13.142493855624329,12.851263748985785,0.0028629160661112125,0.0011827579400921703,-1.238551629833282,-0.001359981152630103,-1.2387288530458198,4.070032093684809,-4262.025823064229,-4.67988144520901,-4262.635672415754,0.0009529959765393859,0.997951212126663,0.0010957918967974842,0.000952995976539386,0.9979512121266633,0.0010957918967974846,487.0934785948803,487.0934785948803,3.0,180.1728119,1.7340454949740682,1530.4282532686475,1496.5148432036826,0.07935441488768859,-83.09776376217268,-0.09124479740701302,-83.10965414469202,0.2109375,0.3515625,40.0,67.0,1.5162949609330854,50.0,1420.9917290589583
off0180,180.0,1.83,1704463.0,428.0,1.7340454949740682,13.137374051703299,12.84592610839959,0.0028673263753869675,0.0011838578675959777,-1.238894759052015,-0.0013606383521622223,-1.2390715395365812,4.071849407686383,-4261.147413815482,-4.67988144520901,-4261.755445853005,0.0009536172330371574,0.9979503659088006,0.0010960168581622257,0.0009536172330371574,0.9979503659088007,0.001096016858162226,486.89196290877004,486.89196290877004,3.0,182.1636717,1.7340454949740682,1529.8320580063162,1495.893281112907,0.07938984750491189,-83.0806372014081,-0.09124479740701302,-83.0924921513102,0.2109375,0.3515625,40.0,67.0,1.5162949609330854,50.0,1420.9917290589583
