frame,idx,time_code,it,line_id,theta_rad,phi_rad,jt,kp,r_fixed_Rs,r_mode_count,r_sample_Rs,dr_abs_Rs,v_km_s,vr_km_s,beta,f_pres_code,f_jxb_code,f_grav_code,f_res_code,a_pres_code,a_jxb_code,a_grav_code,a_res_code,level,a_pres_km_s2,a_jxb_km_s2,a_grav_km_s2,a_res_km_s2,dv_dt_km_s2,dvr_dt_km_s2
off0000,-1.0,0.0,0.0,1.0,0.49869791666666663,0.33463541666666663,95.0,64.0,4.971,44.0,4.970827316316833,0.00017268368316702976,159.10405043202647,159.10405043202647,2.512448458367824,0.00016836868289644633,-0.0,-9.166908998199544e-05,7.669959291445089e-05,1.0460124855071629,-0.0,-0.569506222931145,0.4765062625760179,1.0,0.020394362216807096,-0.0,-0.011103802637262045,0.009290559579545051,0.006155351418770678,0.004835158458473772
off0002,2.0,0.04,22481.0,1.0,0.49869791666666663,0.33463541666666663,95.0,64.0,4.971,44.0,4.970827316316833,0.00017268368316702976,160.5745834353669,160.25918514421912,2.6300619030226917,0.00016328474280002427,1.2380310629002392e-06,-9.034793140297285e-05,7.417484245995167e-05,1.0292618291343132,0.00780390191070325,-0.569506222931145,0.46755950811387154,1.0,0.020067770557366693,0.00015215459134232794,-0.011103802637262045,0.009116122511446978,0.0077347041860605925,0.004784106791913545
off0004,4.0,0.07,47710.0,1.0,0.49869791666666663,0.33463541666666663,95.0,64.0,4.971,44.0,4.970827316316833,0.00017268368316702976,162.17270570254274,161.10952839643184,2.6959660743915377,0.0001612803992156039,4.897424209589526e-06,-8.937302426784676e-05,7.680479915734668e-05,1.0277171634567839,0.0312075549254777,-0.569506222931145,0.4894184954511166,1.0,0.020037653831450054,0.000608461359562554,-0.011103802637262045,0.009542312553750562,0.010361976555261498,0.004897270508841034
off0006,6.0,0.09,67709.0,1.0,0.49869791666666663,0.33463541666666663,95.0,64.0,4.971,44.0,4.970827316316833,0.00017268368316702976,163.52535339659474,161.7065759606928,2.710101800150368,0.0001620871191947192,9.452648738842345e-06,-8.918313677227057e-05,8.235663116129097e-05,1.035056921961466,0.060362782413667916,-0.569506222931145,0.525913481443989,1.0,0.02018075890486206,0.0011769079872519616,-0.011103802637262045,0.010253864254851978,0.012313113164150624,0.0051979212316217716
off0008,8.0,0.11,87238.0,1.0,0.49869791666666663,0.33463541666666663,95.0,64.0,4.971,44.0,4.970827316316833,0.00017268368316702976,165.11434754390572,162.3513282872641,2.7027519642714695,0.00016533593682740468,1.71425719382338e-05,-8.926611965758538e-05,9.32123891080531e-05,1.0548217538585078,0.10936737738033149,-0.569506222931145,0.5946829083076943,1.0,0.020566118684451243,0.0021323626055144655,-0.011103802637262045,0.011594678652703663,0.0143960882389913,0.005865032238482892
off0010,10.0,0.13,106521.0,1.0,0.49869791666666663,0.33463541666666663,95.0,64.0,4.971,44.0,4.970827316316833,0.00017268368316702976,166.964624598866,163.10775078980876,2.665170359168445,0.00016982696307705786,2.8008981925834988e-05,-9.00409380944401e-05,0.00010779500690845275,1.074150429135238,0.17715596752222154,-0.569506222931145,0.6818001737263146,1.0,0.02094297461134159,0.003454053389014121,-0.011103802637262045,0.013293225363093669,0.016506957117401355,0.006879765904587054
off0012,12.0,0.15,125631.0,1.0,0.49869791666666663,0.33463541666666663,95.0,64.0,4.971,44.0,4.970827316316833,0.00017268368316702976,169.0579120253487,163.99492621200645,2.6094868542604366,0.00017837478302324457,4.128895241063978e-05,-9.13161582757212e-05,0.00012834757715816315,1.1124597318144045,0.2575044305430351,-0.569506222931145,0.8004579394262947,1.0,0.02168990049027449,0.0050206270973725785,-0.011103802637262045,0.015606724950385021,0.017845608827186887,0.007957891569510989
off0014,14.0,0.17,144594.0,1.0,0.49869791666666663,0.33463541666666663,95.0,64.0,4.971,44.0,4.970827316316833,0.00017268368316702976,171.22799722533458,165.00891636002856,2.5431905950869877,0.00018374006083660566,5.618399551328056e-05,-9.2918641268145e-05,0.00014700541508174122,1.1261583964214494,0.3443564675209934,-0.569506222931145,0.9010086410112977,1.0,0.021956986717019834,0.006714002583743745,-0.011103802637262045,0.01756718666350153,0.017947158711969835,0.008894336724052265
off0016,16.0,0.19,163513.0,1.0,0.49869791666666663,0.33463541666666663,95.0,64.0,4.971,44.0,4.970827316316833,0.00017268368316702976,173.3455452418144,166.11981150379597,2.4710396917877597,0.00018865900616121725,7.32048553118318e-05,-9.451378393360134e-05,0.00016735007753944768,1.1367916249792716,0.44110624835580764,-0.569506222931145,1.008391650403934,1.0,0.02216430538457587,0.008600356811901178,-0.011103802637262045,0.019660859559215,0.017954996174010973,0.009764449774648853
off0018,18.0,0.21,182365.0,1.0,0.49869791666666663,0.33463541666666663,95.0,64.0,4.971,44.0,4.970827316316833,0.00017268368316702976,175.51750283637364,167.34167442308467,2.392689711413686,0.00019352984036489617,9.27160843391575e-05,-9.60567060005259e-05,0.00019018921870352773,1.1474102433834867,0.5497001635332985,-0.569506222931145,1.12760418398564,1.0,0.022371339194380366,0.010717639034968687,-0.011103802637262045,0.021985175592087004,0.019241026479339007,0.010929879971241285
off0020,20.0,0.23,201150.0,1.0,0.49869791666666663,0.33463541666666663,95.0,64.0,4.971,44.0,4.970827316316833,0.00017268368316702976,177.94228757722857,168.7309945422243,2.3088586922327514,0.000198506594251943,0.00011552487397926565,-9.756430374807307e-05,0.0002164671644831356,1.158730564113539,0.6743463757442897,-0.569506222931145,1.2635707169266839,1.0,0.022592054266693463,0.01314789683399622,-0.011103802637262045,0.02463614846342764,0.022124555594357553,0.012513685852701295
off0022,22.0,0.25,219834.0,1.0,0.49869791666666663,0.33463541666666663,95.0,64.0,4.971,44.0,4.970827316316833,0.00017268368316702976,180.80312943545425,170.3312337167613,2.220028189866792,0.00020477923812231135,0.00014283585760358871,-9.909497574563016e-05,0.0002485201199802699,1.176881568013279,0.8208883361731669,-0.569506222931145,1.428263681255301,1.0,0.022945948845638657,0.01600506141124167,-0.011103802637262045,0.027847207619618283,0.026498098929953806,0.014534509996888545
off0024,24.0,0.27,238468.0,1.0,0.49869791666666663,0.33463541666666663,95.0,64.0,4.971,44.0,4.970827316316833,0.00017268368316702976,184.27276756955672,172.2033351420847,2.124495242215141,0.0002143355983005189,0.00017485430409407008,-0.00010082672995060079,0.00028836317244398816,1.2106457988632637,0.9876410187720694,-0.569506222931145,1.628780594704188,1.0,0.0236042583433428,0.019256279400190805,-0.011103802637262045,0.031756735106271555,0.03190656533055214,0.016819288891227635
off0026,26.0,0.29,257062.0,1.0,0.49869791666666663,0.33463541666666663,95.0,64.0,4.971,44.0,4.970827316316833,0.00017268368316702976,188.4257092281746,174.34941525093708,2.021720122615618,0.00022601194436431844,0.00021241329069690334,-0.00010289954762832687,0.00033552568743289493,1.2508821636142304,1.1756192682412445,-0.569506222931145,1.8569952089243302,1.0,0.024388756624566393,0.0229213374770998,-0.011103802637262045,0.03620629146440415,0.038173000714168404,0.01931745764476933
off0028,28.0,0.31,275604.0,1.0,0.49869791666666663,0.33463541666666663,95.0,64.0,4.971,44.0,4.970827316316833,0.00017268368316702976,193.3924186776218,176.81833712566558,1.9128333119671912,0.00024148488768569766,0.00025815109141258684,-0.00010539846867637014,0.0003942375104219143,1.3048305920185195,1.3948841464420247,-0.569506222931145,2.130208515529399,1.0,0.025440602377029945,0.027196398634981345,-0.011103802637262045,0.04153319837474924,0.045883133186266356,0.02244027325779807
off0030,30.0,0.33,294208.0,1.0,0.49869791666666663,0.33463541666666663,95.0,64.0,4.971,44.0,4.970827316316833,0.00017268368316702976,199.38733547120464,179.71046780253292,1.7976456943055275,0.0002605451692589437,0.0003178809046909587,-0.00010844527485354079,0.00046998079909636156,1.3682670402008037,1.669368754120247,-0.569506222931145,2.4681295713899054,1.0,0.026677438380330556,0.03254809241444295,-0.011103802637262045,0.04812172815751146,0.05493570758400934,0.026422157983614802
off0032,32.0,0.35000000000000003,312821.0,1.0,0.49869791666666663,0.33463541666666663,95.0,64.0,4.971,44.0,4.970827316316833,0.00017268368316702976,206.51673369524894,183.13067458472491,1.677582471188226,0.00028582458699916245,0.00039035193295765735,-0.00011213964709707882,0.0005640368728597409,1.4515729733109508,1.9824197837909727,-0.569506222931145,2.864486534170778,1.0,0.02830167460905367,0.03865172519121011,-0.011103802637262045,0.05584959716300173,0.06695149807822964,0.03159993501050706
off0034,34.0,0.37,331404.0,1.0,0.49869791666666663,0.33463541666666663,95.0,64.0,4.971,44.0,4.970827316316833,0.00017268368316702976,215.3822610000516,187.25979263793667,1.5658876413155352,0.00032678182283251735,0.0005246786527497057,-0.00011685073011809255,0.0007346097454641305,1.5926668276340203,2.55717493145403,-0.569506222931145,3.5803355361569054,1.0,0.03105261612409201,0.04985786740253516,-0.011103802637262045,0.06980668088936512,0.09619434864919596,0.04401784951191989
off0036,36.0,0.39,349938.0,1.0,0.49869791666666663,0.33463541666666663,95.0,64.0,4.971,44.0,4.970827316316833,0.00017268368316702976,229.49786910079314,193.6466786338126,1.4351990686750768,0.00042392964482778055,0.0009937895678966764,-0.0001238718000980615,0.0012938474126263956,1.9490357823434048,4.568992642015121,-0.569506222931145,5.948522201427381,1.0,0.03800082911950787,0.08908277118891496,-0.011103802637262045,0.11597979767116079,0.17665578894906286,0.08498234908375901
off0038,38.0,0.41000000000000003,368549.0,1.0,0.49869791666666663,0.33463541666666663,95.0,64.0,4.971,44.0,4.970827316316833,0.00017268368316702976,257.5858900387685,207.56234573798744,1.2100952556376783,0.0006230577456200455,0.0021883790892062915,-0.00013646405321512272,0.0026749727816112144,2.6002104951162623,9.132775116027856,-0.569506222931145,11.163479388212975,1.0,0.050696942352110426,0.17806395845323694,-0.011103802637262045,0.21765709816808534,0.3082001306041645,0.16469056512960245
off0040,40.0,0.43,387173.0,1.0,0.49869791666666663,0.33463541666666663,95.0,64.0,4.971,44.0,4.970827316316833,0.00017268368316702976,303.12785914574266,232.99177770050937,0.9341809384458358,0.0007318484517271004,0.0033701334242335905,-0.0001562194538003964,0.003945762422160294,2.6679919649037314,12.285998385717106,-0.569506222931145,14.38448412768969,1.0,0.05201849430831195,0.23954312663097377,-0.011103802637262045,0.28045781830202365,0.3581786138388645,0.20577681992354857
off0042,42.0,0.45,405735.0,1.0,0.49869791666666663,0.33463541666666663,95.0,64.0,4.971,44.0,4.970827316316833,0.00017268368316702976,343.1558984601507,256.72308156490317,0.7304446787792467,0.0005651316475825015,0.0028287977183548553,-0.00017317038628850612,0.0032207589796488505,1.858550973821598,9.303079692462653,-0.569506222931145,10.592124443353105,1.0,0.03623662459453279,0.18138442858826323,-0.011103802637262045,0.20651725054553396,0.2395481433913902,0.13663069356138224
off0044,44.0,0.47000000000000003,424378.0,1.0,0.49869791666666663,0.33463541666666663,95.0,64.0,4.971,44.0,4.970827316316833,0.00017268368316702976,360.35667140684933,265.6332843314064,0.6185580417167449,0.00032520426673022726,0.0014416464612199342,-0.00018014289213682063,0.0015867078358133408,1.0281052526122336,4.55764099927871,-0.569506222931145,5.016240028959799,1.0,0.020045220500986335,0.08886144542375461,-0.011103802637262045,0.0978028632874789,0.08152558292486778,0.03848667062017386
off0046,46.0,0.49,443047.0,1.0,0.49869791666666663,0.33463541666666663,95.0,64.0,4.971,44.0,4.970827316316833,0.00017268368316702976,362.63261914615293,265.9176694097286,0.5546152424296863,0.0002196773568675075,0.00046125055352174983,-0.00018010845944273763,0.0005008194509465196,0.6946237959071946,1.4584826352622702,-0.569506222931145,1.5836002082383194,1.0,0.01354325067284085,0.02843639398437984,-0.011103802637262045,0.030875842019958636,-0.0040357269465634005,-0.007229090849506736
off0048,48.0,0.51,461625.0,1.0,0.49869791666666663,0.33463541666666663,95.0,64.0,4.971,44.0,4.970827316316833,0.00017268368316702976,359.3925234218466,263.9062315678667,0.5125453418706711,0.0001641386862966214,-8.87583894205604e-05,-0.00017700856891974913,-0.00010162827204368812,0.5280987459542104,-0.28557066711991974,-0.569506222931145,-0.3269781440968543,1.0,0.010296470893470999,-0.005567841401926561,-0.011103802637262045,-0.006375173145717606,-0.038925221876677574,-0.01883268829328788
off0050,50.0,0.53,480378.0,1.0,0.49869791666666663,0.33463541666666663,95.0,64.0,4.971,44.0,4.970827316316833,0.00017268368316702976,353.33326001330994,261.41848036384414,0.4843858128625702,0.00014614745460509414,-0.00032155659554145184,-0.00017230368276977443,-0.00034771282370613213,0.48305342941717255,-1.0628239584994787,-0.569506222931145,-1.149276752013451,1.0,0.009418211298718974,-0.02072213963280718,-0.011103802637262045,-0.022407730971350247,-0.05608126012641379,-0.020706407891899703
off0052,52.0,0.55,499059.0,1.0,0.49869791666666663,0.33463541666666663,95.0,64.0,4.971,44.0,4.970827316316833,0.00017268368316702976,345.99453226356417,258.9594049589404,0.4642698466306058,0.0001453610167520391,-0.0003426329771129701,-0.00016745415033450183,-0.00036472611069543286,0.49436818046323494,-1.1652838240047887,-0.569506222931145,-1.2404218664726987,1.0,0.009638817777536012,-0.02271982478356088,-0.011103802637262045,-0.02418480964328691,-0.06568397265832848,-0.019316270845993966
off0054,54.0,0.5700000000000001,517736.0,1.0,0.49869791666666663,0.33463541666666663,95.0,64.0,4.971,44.0,4.970827316316833,0.00017268368316702976,337.6411503329381,256.80376191026,0.4475086778197166,0.00014777531952429174,-0.00041305692951538174,-0.00016323220507809654,-0.00042851381506918656,0.5155781852267302,-1.4411279420705865,-0.569506222931145,-1.4950559797750014,1.0,0.010052354447279676,-0.028098025270796897,-0.011103802637262045,-0.029149473460779268,-0.0672612980040479,-0.016208771530370925
off0056,56.0,0.59,536486.0,1.0,0.49869791666666663,0.33463541666666663,95.0,64.0,4.971,44.0,4.970827316316833,0.00017268368316702976,329.9255945485147,255.08707796127646,0.43104401286016925,0.00013292508784599685,-0.0003423010198970505,-0.00015891513985718348,-0.00036829107190823715,0.4763653405207153,-1.2267085510055378,-0.569506222931145,-1.3198494334159674,1.0,0.00928781198763769,-0.023917437765125227,-0.011103802637262045,-0.02573342841474958,-0.057582967435662935,-0.012165868160372684
off0058,58.0,0.61,555108.0,1.0,0.49869791666666663,0.33463541666666663,95.0,64.0,4.971,44.0,4.970827316316833,0.00017268368316702976,323.8843965290537,253.89729736794968,0.4126381548367855,0.00013028899946782198,-0.00025019035008039345,-0.0001544870809486872,-0.0002743884315612587,0.4803016247102427,-0.9223098812737102,-0.569506222931145,-1.0115144794946125,1.0,0.009364558686804086,-0.017982502174165096,-0.011103802637262045,-0.019721746124623057,-0.046766608125586195,-0.009774745872911383
off0060,60.0,0.63,573907.0,1.0,0.49869791666666663,0.33463541666666663,95.0,64.0,4.971,44.0,4.970827316316833,0.00017268368316702976,318.75290333656466,252.751860127645,0.3941777411101567,0.00012477027631298265,-0.0002449775194117153,-0.00015018209126892724,-0.00027038933436765986,0.47314195851648716,-0.9289804170683647,-0.569506222931145,-1.0253446814830225,1.0,0.009224964917389295,-0.0181125592481114,-0.011103802637262045,-0.019991396967984153,-0.04403858707289743,-0.011704821148765143
off0062,62.0,0.65,592558.0,1.0,0.49869791666666663,0.33463541666666663,95.0,64.0,4.971,44.0,4.970827316316833,0.00017268368316702976,313.36343821078594,251.10097842099773,0.37797285291320054,0.0001137347703330932,-0.00023823712507589845,-0.00014581881049378963,-0.0002703211652365949,0.4441996149125067,-0.9304528325563878,-0.569506222931145,-1.055759440575026,1.0,0.00866066893905145,-0.018141267294346453,-0.011103802637262045,-0.020584400992557046,-0.044837468797082725,-0.015556606752422875
off0064,64.0,0.67,611285.0,1.0,0.49869791666666663,0.33463541666666663,95.0,64.0,4.971,44.0,4.970827316316833,0.00017268368316702976,308.0410896371407,249.0353373667081,0.3641880537708703,0.00010436238457907972,-0.0002221250149861447,-0.00014126061528355695,-0.0002590232456906219,0.42074733525982055,-0.8955190946135452,-0.569506222931145,-1.0442779822848696,1.0,0.008203414085334445,-0.017460155629749147,-0.011103802637262045,-0.020360544181676744,-0.04267448466904211,-0.019789413162197844
off0066,66.0,0.6900000000000001,630000.0,1.0,0.49869791666666663,0.33463541666666663,95.0,64.0,4.971,44.0,4.970827316316833,0.00017268368316702976,303.1683682891885,246.37322476537247,0.3521602801470825,8.13349244333109e-05,-0.00020390703435756955,-0.0001364833974420939,-0.00025905550736635255,0.3393874015046965,-0.8508457962100467,-0.569506222931145,-1.0809646176364953,1.0,0.00661711948376196,-0.016589149363873918,-0.011103802637262045,-0.021075832517374007,-0.05542444082832909,-0.031029317042242655
off0068,68.0,0.71,648641.0,1.0,0.49869791666666663,0.33463541666666663,95.0,64.0,4.971,44.0,4.970827316316833,0.00017268368316702976,294.8000146952289,241.62233497620548,0.3420321915626826,8.338754142381624e-05,-0.0003560849030527778,-0.00013120579453712678,-0.00040390315616608836,0.36194837219901893,-1.5456067995762717,-0.569506222931145,-1.7531646503083977,1.0,0.007056996267909228,-0.03013507520422671,-0.011103802637262045,-0.03418188157357953,-0.07872723637044188,-0.037978737445192534
off0070,70.0,0.73,667418.0,1.0,0.49869791666666663,0.33463541666666663,95.0,64.0,4.971,44.0,4.970827316316833,0.00017268368316702976,284.3601814825872,237.2999837692458,0.337255551821464,0.0001015583530190262,-0.00041073124028511213,-0.00012669844706377257,-0.0004358713343298585,0.45650215433075614,-1.846226238091617,-0.569506222931145,-1.9592303066920058,1.0,0.008900534570254384,-0.03599632619639103,-0.011103802637262045,-0.03819959426339869,-0.08159448570363192,-0.03170944513979457
off0072,72.0,0.75,686137.0,1.0,0.49869791666666663,0.33463541666666663,95.0,64.0,4.971,44.0,4.970827316316833,0.00017268368316702976,275.30683291654464,234.04684782311077,0.3346418809916215,0.00010531335932555293,-0.00038865776598834414,-0.00012274891226100821,-0.00040609331892379943,0.4886121790322209,-1.8032177413533739,-0.569506222931145,-1.884111785252298,1.0,0.009526591604587758,-0.03515777897727747,-0.011103802637262045,-0.03673499000995176,-0.07077532414269405,-0.023743223659533075
off0074,74.0,0.77,704795.0,1.0,0.49869791666666663,0.33463541666666663,95.0,64.0,4.971,44.0,4.970827316316833,0.00017268368316702976,267.4517317624681,231.62765222850504,0.33341588126018623,0.00011827034422631864,-0.00035613655310458325,-0.00011928022519156654,-0.00035714643406983116,0.5646845226601678,-1.7003822962320199,-0.569506222931145,-1.705203996502997,1.0,0.011009792763393755,-0.03315277105854826,-0.011103802637262045,-0.03324678093241655,-0.05069183192816329,-0.01325302690054564
off0076,76.0,0.79,723552.0,1.0,0.49869791666666663,0.33463541666666663,95.0,64.0,4.971,44.0,4.970827316316833,0.00017268368316702976,263.1963932716482,230.88065760495698,0.33131293059529593,0.00011614859321996615,-0.000242096358981625,-0.00011647229812616958,-0.00024242006388782843,0.5679234263224914,-1.183761162157659,-0.569506222931145,-1.1853439587663126,1.0,0.011072942463220468,-0.023080081981551547,-0.011103802637262045,-0.023110942155593128,-0.03668286149440214,-0.010770605473145567
off0078,78.0,0.81,742313.0,1.0,0.49869791666666663,0.33463541666666663,95.0,64.0,4.971,44.0,4.970827316316833,0.00017268368316702976,258.68807964668736,229.05452037352757,0.3265907814704257,0.00011433792100259705,-0.00022556463349968705,-0.00011359352966064959,-0.00022482024215773959,0.5732382620957137,-1.1308783417067751,-0.569506222931145,-1.1271463025422064,1.0,0.011176567121036464,-0.022049012648952922,-0.011103802637262045,-0.021976248165178503,-0.04450527154070616,-0.019513898652896544
off0080,80.0,0.8300000000000001,761057.0,1.0,0.49869791666666663,0.33463541666666663,95.0,64.0,4.971,44.0,4.970827316316833,0.00017268368316702976,252.56394255183105,226.2187252406378,0.32248461290559527,0.00010999712732461756,-0.00028104393013297707,-0.00011086475344663069,-0.0002819115562549902,0.5650492746197778,-1.4437074196426734,-0.569506222931145,-1.4481643679540404,1.0,0.011016904421893674,-0.028148317978258952,-0.011103802637262045,-0.028235216193627323,-0.05589929414293593,-0.024264828849457687
off0082,82.0,0.85,779785.0,1.0,0.49869791666666663,0.33463541666666663,95.0,64.0,4.971,44.0,4.970827316316833,0.00017268368316702976,245.3335607397818,223.2575756962957,0.31990013594540906,9.853694576975481e-05,-0.00032829873672349464,-0.00010793192106766191,-0.0003376937120214017,0.5199333362122261,-1.732278752152058,-0.569506222931145,-1.7818516388709766,1.0,0.01013726789519519,-0.0337746640899209,-0.011103802637262045,-0.03474119883198775,-0.06392251983745334,-0.02522286755258485
off0084,84.0,0.87,798481.0,1.0,0.49869791666666663,0.33463541666666663,95.0,64.0,4.971,44.0,4.970827316316833,0.00017268368316702976,237.29264954474056,220.192902074498,0.318920838085745,9.036340774350692e-05,-0.00032809719993307114,-0.00010478842472833674,-0.00034252221691790096,0.4911088526104656,-1.7831492130221842,-0.569506222931145,-1.8615465833428635,1.0,0.00957526986225422,-0.03476649795375689,-0.011103802637262045,-0.03629503072876472,-0.06713931572168974,-0.025105700719184942
off0086,86.0,0.89,817216.0,1.0,0.49869791666666663,0.33463541666666663,95.0,64.0,4.971,44.0,4.970827316316833,0.00017268368316702976,229.29376497940333,217.2597440587769,0.31929349487240755,8.369273261558344e-05,-0.00028580167827618866,-0.00010157852394226331,-0.0003036874696028685,0.46922843716235596,-1.6023646336401747,-0.569506222931145,-1.7026424194089635,1.0,0.009148662030812695,-0.031241696628520162,-0.011103802637262045,-0.03319683723496951,-0.06260025126365132,-0.023275145325916236
off0088,88.0,0.91,835979.0,1.0,0.49869791666666663,0.33463541666666663,95.0,64.0,4.971,44.0,4.970827316316833,0.00017268368316702976,222.33725069945623,214.63239593427505,0.3204460391685216,8.021097585432947e-05,-0.00022041861175216797,-9.834904369890855e-05,-0.00023855667959674705,0.4644747745211415,-1.2763700217259637,-0.569506222931145,-1.3814014701359671,1.0,0.009055978703314529,-0.02488569965121606,-0.011103802637262045,-0.026933523585163578,-0.05132163925217881,-0.020063544391538235
off0090,90.0,0.93,854726.0,1.0,0.49869791666666663,0.33463541666666663,95.0,64.0,4.971,44.0,4.970827316316833,0.00017268368316702976,217.03286236453155,212.46649958182144,0.3218674643562238,8.031029481344373e-05,-0.00016118768228344478,-9.53117378998118e-05,-0.00017618912536981286,0.4798696747064704,-0.9631278386379242,-0.569506222931145,-1.0527643868625987,1.0,0.009356136851540608,-0.018778339909345045,-0.011103802637262045,-0.020526005695066483,-0.0383937861505218,-0.016684080942394375
off0092,92.0,0.9500000000000001,873461.0,1.0,0.49869791666666663,0.33463541666666663,95.0,64.0,4.971,44.0,4.970827316316833,0.00017268368316702976,213.1648532494318,210.64651600849598,0.32302719791564644,8.025269492032035e-05,-0.00011735730385493635,-9.252614654359348e-05,-0.0001296307554782095,0.4939620947316075,-0.7223440870340148,-0.569506222931145,-0.7978882152335522,1.0,0.009630900224335992,-0.014083719994028358,-0.011103802637262045,-0.015556622406954412,-0.028166694139852178,-0.01442742833890398
off0094,94.0,0.97,892185.0,1.0,0.49869791666666663,0.33463541666666663,95.0,64.0,4.971,44.0,4.970827316316833,0.00017268368316702976,210.30374967710028,209.01974113014487,0.32361993334341244,7.908624772455606e-05,-8.799328650909906e-05,-8.997612915994009e-05,-9.888316794448309e-05,0.5005784383916563,-0.5569557693909628,-0.569506222931145,-0.6258835539304515,1.0,0.009759900700930194,-0.01085910336356305,-0.011103802637262045,-0.012203005299894902,-0.021059138360612017,-0.01306401499130605
off0096,96.0,0.99,910890.0,1.0,0.49869791666666663,0.33463541666666663,95.0,64.0,4.971,44.0,4.970827316316833,0.00017268368316702976,208.13375821125814,207.52548133576136,0.3236039754218521,7.809127283159821e-05,-6.813329126444947e-05,-8.759949946988675e-05,-7.764151790273801e-05,0.507690866995162,-0.4429515419460005,-0.569506222931145,-0.5047668978819835,1.0,0.00989857346745147,-0.00863633495403253,-0.011103802637262045,-0.009841564123843105,-0.01604468583943297,-0.011822279864394769
off0098,98.0,1.01,929572.0,1.0,0.49869791666666663,0.33463541666666663,95.0,64.0,4.971,44.0,4.970827316316833,0.00017268368316702976,206.47062327213752,206.19536092298011,0.3230936551911276,7.949328606370216e-05,-5.521937166956987e-05,-8.540551640655672e-05,-6.113160201242442e-05,0.5300819314646571,-0.3682171493755351,-0.569506222931145,-0.4076414408420229,1.0,0.010335137548222796,-0.007179220155449478,-0.011103802637262045,-0.007947885244488726,-0.012311076919110153,-0.010296743824973253
off0100,100.0,1.03,948323.0,1.0,0.49869791666666663,0.33463541666666663,95.0,64.0,4.971,44.0,4.970827316316833,0.00017268368316702976,205.19260283530244,205.06555653351685,0.3221295985634482,8.307434482622295e-05,-4.7742619864880776e-05,-8.343011988274252e-05,-4.809839492140034e-05,0.5670776502653458,-0.325898118692622,-0.569506222931145,-0.3283266913584211,1.0,0.01105645215980371,-0.006354115625274543,-0.011103802637262045,-0.0064014661027328775,-0.009432718401019669,-0.008536796027682758
off0102,102.0,1.05,967067.0,1.0,0.49869791666666663,0.33463541666666663,95.0,64.0,4.971,44.0,4.970827316316833,0.00017268368316702976,204.21711688782025,204.15589323910248,0.32093515584376536,8.782254450302555e-05,-4.369731053013432e-05,-8.1711067881614e-05,-3.758583390872277e-05,0.6121017250757846,-0.3045596015012524,-0.569506222931145,-0.2619640993566127,1.0,0.011934297599397578,-0.0059380733171759395,-0.011103802637262045,-0.005107578355040407,-0.007188889848362967,-0.006797503385583603
off0104,104.0,1.07,985802.0,1.0,0.49869791666666663,0.33463541666666663,95.0,64.0,4.971,44.0,4.970827316316833,0.00017268368316702976,203.47515421861436,203.44161138583019,0.31945811553172837,9.075398909841152e-05,-4.094164022908167e-05,-8.021382219055621e-05,-3.040147332122636e-05,0.6443398423851153,-0.2906795643284436,-0.569506222931145,-0.21584594487447326,1.0,0.012562852086752124,-0.005667450824990524,-0.011103802637262045,-0.004208401375500446,-0.005609014182334171,-0.005524957899735838
off0106,106.0,1.09,1004531.0,1.0,0.49869791666666663,0.33463541666666663,95.0,64.0,4.971,44.0,4.970827316316833,0.00017268368316702976,202.8771055854316,202.8359632495893,0.31714842370269924,8.841848212525188e-05,-3.874296700758781e-05,-7.878880248884243e-05,-2.9113287371178364e-05,0.6391120844816506,-0.2800443731678992,-0.569506222931145,-0.21043851161739352,1.0,0.012460925207539641,-0.00546009389208741,-0.011103802637262045,-0.004102971321809813,-0.004897822719707401,-0.005143109789453981
off0108,108.0,1.11,1023254.0,1.0,0.49869791666666663,0.33463541666666663,95.0,64.0,4.971,44.0,4.970827316316833,0.00017268368316702976,202.3050488153913,202.21290612261294,0.31390331370596647,8.426052358233163e-05,-3.699677772208264e-05,-7.734115172382373e-05,-3.007740586357474e-05,0.6204574338242334,-0.272427998180898,-0.569506222931145,-0.22147678728780965,1.0,0.012097210904119159,-0.005311595559212714,-0.011103802637262045,-0.004318187292355601,-0.004821093425509182,-0.00544880871046316
off0110,110.0,1.1300000000000001,1041967.0,1.0,0.49869791666666663,0.33463541666666663,95.0,64.0,4.971,44.0,4.970827316316833,0.00017268368316702976,201.72533105428474,201.5342255432432,0.3098383848342852,7.96399751428309e-05,-3.445640449986113e-05,-7.584806540967676e-05,-3.0664494766706984e-05,0.5979778283460003,-0.25871637828220834,-0.569506222931145,-0.23024477286735293,1.0,0.011658920517564432,-0.005044256739965759,-0.011103802637262045,-0.004489138859663372,-0.0045238518342223255,-0.005580328046755678
off0112,112.0,1.1500000000000001,1060673.0,1.0,0.49869791666666663,0.33463541666666663,95.0,64.0,4.971,44.0,4.970827316316833,0.00017268368316702976,201.2242862444421,200.8797480291211,0.3054795168445748,7.811489934096347e-05,-2.9312574079599955e-05,-7.435623818869128e-05,-2.5553912927327773e-05,0.5982944049082438,-0.22450965453765073,-0.569506222931145,-0.19572147256055183,1.0,0.011665092888515258,-0.004377319849668012,-0.011103802637262045,-0.0038160295984147998,-0.0034038675635430504,-0.004886519354930896
off0114,114.0,1.17,1079369.0,1.0,0.49869791666666663,0.33463541666666663,95.0,64.0,4.971,44.0,4.970827316316833,0.00017268368316702976,200.91213628267093,200.36682054976475,0.3012144002111765,7.697973246669106e-05,-2.138954562413316e-05,-7.290738574825017e-05,-1.7317198905692275e-05,0.6013168107650528,-0.1670815544076183,-0.569506222931145,-0.1352709665737105,1.0,0.011724021477479543,-0.003257630083338805,-0.011103802637262045,-0.002637411243121309,-0.002010973433628771,-0.0037418512395553938
off0116,116.0,1.19,1098060.0,1.0,0.49869791666666663,0.33463541666666663,95.0,64.0,4.971,44.0,4.970827316316833,0.00017268368316702976,200.74385830429657,199.98580788387176,0.29718837394560227,7.5551557079492e-05,-1.1817964875695613e-05,-7.14896173034451e-05,-7.756025099648717e-06,0.6018647676665463,-0.094145203079245,-0.569506222931145,-0.061786658343843684,1.0,0.011734705127706566,-0.0018355721362561474,-0.011103802637262045,-0.0012046696458116281,-0.0008255762115172427,-0.0026839628804216087
off0118,118.0,1.21,1116999.0,1.0,0.49869791666666663,0.33463541666666663,95.0,64.0,4.971,44.0,4.970827316316833,0.00017268368316702976,200.71490350370942,199.72561329336597,0.2934357883956819,7.56390468353396e-05,-3.2571640985410803e-07,-7.011076716193342e-05,5.202563263552074e-06,0.6144121596874325,-0.002645777957246794,-0.569506222931145,0.04226015879904068,1.0,0.01197934471021227,-5.1585382347680956e-05,-0.011103802637262045,0.0008239566906025438,0.0004110663354466304,-0.0014044658054656045
off0120,120.0,1.23,1136054.0,1.0,0.49869791666666663,0.33463541666666663,95.0,64.0,4.971,44.0,4.970827316316833,0.00017268368316702976,200.84206335738145,199.65027654236263,0.28996327867869004,7.836000673894531e-05,1.0094188240379188e-05,-6.881465366227963e-05,1.963954131704488e-05,0.6485030308481751,0.08353893701982622,-0.569506222931145,0.1625357449368564,1.0,0.012644022794242584,0.0016287791631505386,-0.011103802637262045,0.0031689993201310797,0.0012338430433421754,-6.432035290171445e-05
off0122,122.0,1.25,1155099.0,1.0,0.49869791666666663,0.33463541666666663,95.0,64.0,4.971,44.0,4.970827316316833,0.00017268368316702976,201.00967252544936,199.7102469567763,0.28668748937662936,8.434522581081665e-05,1.6279927946265456e-05,-6.769809427104712e-05,3.2927059486034986e-05,0.7095492345984132,0.13695393310700685,-0.569506222931145,0.27699694477427517,1.0,0.01383425561506759,0.0026702244547744843,-0.011103802637262045,0.0054006774325800295,0.0018689754583258722,0.0010565232479167186
off0124,124.0,1.27,1174135.0,1.0,0.49869791666666663,0.33463541666666663,95.0,64.0,4.971,44.0,4.970827316316833,0.00017268368316702976,201.28856753024155,199.90268330180777,0.2834143324538879,8.806458357658604e-05,2.1171143270023406e-05,-6.678235512275078e-05,4.245337172385865e-05,0.7509967007680429,0.18054316618039815,-0.569506222931145,0.3620336440172961,1.0,0.014642367037965608,0.003520094432780098,-0.011103802637262045,0.00705865883348366,0.0030537292516453762,0.001839499265397393
off0126,126.0,1.29,1193151.0,1.0,0.49869791666666663,0.33463541666666663,95.0,64.0,4.971,44.0,4.970827316316833,0.00017268368316702976,201.73921814231153,200.14970917352937,0.28001922073467456,8.371224403900743e-05,2.799559640642236e-05,-6.587969305124405e-05,4.582814739418573e-05,0.7236622046593628,0.2420118496260246,-0.569506222931145,0.39616783135424244,1.0,0.014109419656956064,0.004718564443941141,-0.011103802637262045,0.007724181463635159,0.0034957781172689772,0.001257441809493276
off0128,128.0,1.31,1212037.0,1.0,0.49869791666666663,0.33463541666666663,95.0,64.0,4.971,44.0,4.970827316316833,0.00017268368316702976,202.12372002504844,200.20309014373092,0.2765385692230538,8.201244008797627e-05,2.974196693177752e-05,-6.489668209196342e-05,4.685772492779038e-05,0.7197069785737809,0.2610031006801995,-0.569506222931145,0.41120385632283546,1.0,0.014032303642992223,0.005088841527929648,-0.011103802637262045,0.008017342533659827,0.0017919651717521745,-0.0010582938986797297
off0130,130.0,1.33,1230907.0,1.0,0.49869791666666663,0.33463541666666663,95.0,64.0,4.971,44.0,4.970827316316833,0.00017268368316702976,202.1673243131245,199.89687939999337,0.27305840657605596,8.260878944222954e-05,2.9588516498034885e-05,-6.402780775884933e-05,4.81694981814151e-05,0.7347779238881734,0.2631800910066728,-0.569506222931145,0.42845179196370126,1.0,0.014326145563571582,0.0051312868427568934,-0.011103802637262045,0.00835362976906643,-0.0014492820571031517,-0.004463031119669836
off0132,132.0,1.35,1249767.0,1.0,0.49869791666666663,0.33463541666666663,95.0,64.0,4.971,44.0,4.970827316316833,0.00017268368316702976,201.7774819386867,199.13685783465496,0.2695829596969332,7.87293487994876e-05,3.116881192028701e-05,-6.314828351632211e-05,4.674987720345249e-05,0.7100249060140446,0.28109762231915286,-0.569506222931145,0.4216163054020525,1.0,0.013843529897431307,0.005480629349352815,-0.011103802637262045,0.008220356609522077,-0.004209325167227385,-0.006870419511553982
off0134,134.0,1.37,1268625.0,1.0,0.49869791666666663,0.33463541666666663,95.0,64.0,4.971,44.0,4.970827316316833,0.00017268368316702976,201.16170316185713,198.25551435823073,0.2663518910115911,7.10900375451456e-05,3.17577041036235e-05,-6.210546661291297e-05,4.074227503585612e-05,0.6518946073251345,0.291217683392448,-0.569506222931145,0.37360606778643757,1.0,0.012710149193416086,0.005677942664484919,-0.011103802637262045,0.0072842892206389604,-0.005668617538115428,-0.006709013477645742
off0136,136.0,1.3900000000000001,1287474.0,1.0,0.49869791666666663,0.33463541666666663,95.0,64.0,4.971,44.0,4.970827316316833,0.00017268368316702976,200.42323120530162,197.5340532070186,0.26333797475543147,6.992160949448973e-05,3.1694295061591884e-05,-6.097950490188961e-05,4.0636399654192005e-05,0.6530192691551252,0.2960027028430843,-0.569506222931145,0.3795157490670646,1.0,0.012732077001210013,0.005771237363394204,-0.011103802637262045,0.007399511727342172,-0.005597871407049149,-0.004364454331218348
off0138,138.0,1.41,1306313.0,1.0,0.49869791666666663,0.33463541666666663,95.0,64.0,4.971,44.0,4.970827316316833,0.00017268368316702976,199.82435390387352,197.21283235699573,0.260713347879876,7.039366610674764e-05,3.02556268697704e-05,-5.991672535696951e-05,4.073256761954853e-05,0.6690891510489864,0.2875785964329694,-0.569506222931145,0.3871615245508108,1.0,0.013045395433509422,0.005606990492672092,-0.011103802637262045,0.00754858328891947,-0.004999456366943433,-0.0019752032435721434
off0140,140.0,1.43,1325149.0,1.0,0.49869791666666663,0.33463541666666663,95.0,64.0,4.971,44.0,4.970827316316833,0.00017268368316702976,199.22884520096542,197.06217087888373,0.25845721561819285,6.829342904008783e-05,2.4992403863024448e-05,-5.887834259933016e-05,3.4407490303782124e-05,0.6605745186869283,0.24174134151260462,-0.569506222931145,0.332809637268388,1.0,0.01287938355607895,0.004713290280846427,-0.011103802637262045,0.006488871199663332,-0.005520760204335451,-0.0018529913324892844
off0142,142.0,1.45,1343992.0,1.0,0.49869791666666663,0.33463541666666663,95.0,64.0,4.971,44.0,4.970827316316833,0.00017268368316702976,198.5054267571234,196.77014684256358,0.25628935337178566,6.665258836371837e-05,1.828856524990582e-05,-5.787542794330409e-05,2.706572567032009e-05,0.6558753031561353,0.17996327782676333,-0.569506222931145,0.26633235805175354,1.0,0.012787761797258957,0.0035087882071917847,-0.011103802637262045,0.005192747367188694,-0.006601516204819302,-0.0037586509494655918
off0144,144.0,1.47,1362857.0,1.0,0.49869791666666663,0.33463541666666663,95.0,64.0,4.971,44.0,4.970827316316833,0.00017268368316702976,197.65172201321863,196.164217229581,0.2541392797903556,6.475734894327524e-05,1.0065741918737003e-05,-5.6874687555428794e-05,1.794840330658344e-05,0.6484380800822284,0.10079180928339761,-0.569506222931145,0.17972366643448093,1.0,0.01264275643321408,0.0019651626491019305,-0.011103802637262045,0.003504116445053963,-0.007857590577532103,-0.006575711767273118
off0146,146.0,1.49,1381719.0,1.0,0.49869791666666663,0.33463541666666663,95.0,64.0,4.971,44.0,4.970827316316833,0.00017268368316702976,196.62822341244328,195.19918841690142,0.2520760529570366,6.379401417048623e-05,2.373522226836104e-06,-5.589431120420243e-05,1.0273225193119897e-05,0.6499961672864838,0.024183779159746028,-0.569506222931145,0.10467372351508485,1.0,0.012673134841932165,0.0004715170791828506,-0.011103802637262045,0.0020408492838529706,-0.009339805682720304,-0.00944720763170992
off0148,148.0,1.51,1400583.0,1.0,0.49869791666666663,0.33463541666666663,95.0,64.0,4.971,44.0,4.970827316316833,0.00017268368316702976,195.42041277239392,193.90724932203406,0.2500048116620919,6.320285175350588e-05,-3.5073812451990313e-06,-5.495689223337825e-05,4.738578274928601e-06,0.6549572932138055,-0.03634622272399281,-0.569506222931145,0.0491048475586677,1.0,0.012769863132049978,-0.0007086512271279944,-0.011103802637262045,0.0009574092676599385,-0.011307267376444385,-0.012376576312885246
off0150,150.0,1.53,1419567.0,1.0,0.49869791666666663,0.33463541666666663,95.0,64.0,4.971,44.0,4.970827316316833,0.00017268368316702976,193.92688132432954,192.24238502774676,0.24781852792001113,6.234730616699229e-05,-7.799678672828647e-06,-5.4037211682137854e-05,5.104158120257892e-07,0.6570875465218065,-0.08220197531967682,-0.569506222931145,0.005379348270984663,1.0,0.012811397203754543,-0.0016027120926703762,-0.011103802637262045,0.00010488247382212049,-0.013099043891103834,-0.014840431611113036
off0152,152.0,1.55,1438573.0,1.0,0.49869791666666663,0.33463541666666663,95.0,64.0,4.971,44.0,4.970827316316833,0.00017268368316702976,192.2910095842458,190.36182307692835,0.24565150757121756,6.329551543945598e-05,-1.0053371437973109e-05,-5.31391809392324e-05,1.0296306225047162e-07,0.6783542630742936,-0.10774455861318781,-0.569506222931145,0.0011034815299608468,1.0,0.013226039597170428,-0.0021007221096237174,-0.011103802637262045,2.1514850284666008e-05,-0.013144662517686756,-0.015265782933138738
off0154,154.0,1.57,1457577.0,1.0,0.49869791666666663,0.33463541666666663,95.0,64.0,4.971,44.0,4.970827316316833,0.00017268368316702976,190.78657970140603,188.59534100089334,0.2438049790041006,6.732598813090178e-05,-1.102626488547252e-05,-5.230737820447338e-05,3.992345040955875e-06,0.7330241071470462,-0.12005049160400734,-0.569506222931145,0.04346739261189392,1.0,0.014291950968023227,-0.0023406539061441435,-0.011103802637262045,0.0008474944246170366,-0.011067171557713418,-0.013018732329666771
off0156,156.0,1.59,1476578.0,1.0,0.49869791666666663,0.33463541666666663,95.0,64.0,4.971,44.0,4.970827316316833,0.00017268368316702976,189.64702714977122,187.25160657587708,0.24258682217339486,7.432244640059177e-05,-1.1935500656184489e-05,-5.159520659325035e-05,1.0791739151156926e-05,0.8203687614294908,-0.1317436705134747,-0.569506222931145,0.11911886798487115,1.0,0.015994931134913182,-0.0025686386859147033,-0.011103802637262045,0.0023224898117364325,-0.007105983037463903,-0.008379029369618873
off0158,158.0,1.61,1495579.0,1.0,0.49869791666666663,0.33463541666666663,95.0,64.0,4.971,44.0,4.970827316316833,0.00017268368316702976,189.08893778515377,186.59356427269412,0.24230030063772123,8.593150091555602e-05,-1.3405380820375642e-05,-5.107319994059719e-05,2.1452920154583195e-05,0.9582036092146669,-0.14948050654443637,-0.569506222931145,0.23921687973908556,1.0,0.018682330999424745,-0.002914458132247756,-0.011103802637262045,0.004664070229914942,-0.0008500581785346739,-0.0013428944372936291
off0160,160.0,1.6300000000000001,1514577.0,1.0,0.49869791666666663,0.33463541666666663,95.0,64.0,4.971,44.0,4.970827316316833,0.00017268368316702976,189.4439455511345,186.9307848297749,0.24336415336403125,0.00010399310245946076,-1.4490857459659948e-05,-5.0809946057014074e-05,3.869229894278674e-05,1.1656127114585544,-0.1624216150441141,-0.569506222931145,0.4336848734832953,1.0,0.02272623718298593,-0.0031667741015943968,-0.011103802637262045,0.008455660444129485,0.008234707464145008,0.008297719414475768
off0162,162.0,1.6500000000000001,1533571.0,1.0,0.49869791666666663,0.33463541666666663,95.0,64.0,4.971,44.0,4.970827316316833,0.00017268368316702976,191.05623555176894,188.57591579436928,0.24683008808538237,0.00013170668284864405,-1.3535203263272882e-05,-5.099757643991079e-05,6.717390314546037e-05,1.470810589838545,-0.15115193750735287,-0.569506222931145,0.7501524294000472,1.0,0.028676755141157993,-0.002947046432053354,-0.011103802637262045,0.014625906071842594,0.0196770642479962,0.02012040446856367
off0164,164.0,1.67,1552567.0,1.0,0.49869791666666663,0.33463541666666663,95.0,64.0,4.971,44.0,4.970827316316833,0.00017268368316702976,194.14485869433682,191.7376133597193,0.2527875049224299,0.00015428939396475464,-1.0825180850544261e-05,-5.16537724784029e-05,9.181044063580748e-05,1.7011104083819213,-0.11935251895333858,-0.569506222931145,1.0122516664974377,1.0,0.033166967239880024,-0.002327045362027902,-0.011103802637262045,0.019736119240590072,0.029038848173968512,0.029759296630576193
off0166,166.0,1.69,1571562.0,1.0,0.49869791666666663,0.33463541666666663,95.0,64.0,4.971,44.0,4.970827316316833,0.00017268368316702976,197.99370860791177,195.68550627494,0.2599816703827937,0.0001622797529128731,-7.2233346962292855e-06,-5.257234821210391e-05,0.0001024840700045399,1.757945617470665,-0.07824900731502632,-0.569506222931145,1.1101903872244938,1.0,0.03427509726402768,-0.0015256401050647947,-0.011103802637262045,0.021645654521700843,0.03151366760021579,0.03239254462511365
off0168,168.0,1.71,1590553.0,1.0,0.49869791666666663,0.33463541666666663,95.0,64.0,4.971,44.0,4.970827316316833,0.00017268368316702976,201.67357397143667,199.47629514938066,0.26662745285857786,0.0001555750680704085,-3.874889599166478e-06,-5.34561919703802e-05,9.824398650086182e-05,1.6574500751592527,-0.0412819106366432,-0.569506222931145,1.0466619415914646,1.0,0.03231571100480948,-0.0008048835460289521,-0.011103802637262045,0.02040702482151849,0.027583149953692043,0.028605707306519568
off0170,170.0,1.73,1609542.0,1.0,0.49869791666666663,0.33463541666666663,95.0,64.0,4.971,44.0,4.970827316316833,0.00017268368316702976,204.58341073593303,202.51950060219392,0.2715493315388815,0.00014204188689529622,-2.141804561475436e-06,-5.4109481922375656e-05,8.579060041144513e-05,1.4950011648568644,-0.02254264839963597,-0.569506222931145,0.9029522935260834,1.0,0.02914840472086377,-0.0004395195498698037,-0.011103802637262045,0.01760508253373192,0.020836038558132985,0.022065721503920943
off0172,172.0,1.75,1628529.0,1.0,0.49869791666666663,0.33463541666666663,95.0,64.0,4.971,44.0,4.970827316316833,0.00017268368316702976,206.65136975823307,204.74786609739888,0.27460085235576653,0.00013183094035046014,-2.8331064778124432e-06,-5.449873548484349e-05,7.44990983878042e-05,1.3776198701955487,-0.029605673507588866,-0.569506222931145,0.7785079737568147,1.0,0.026859792802775683,-0.000577229084310163,-0.011103802637262045,0.01517876108120347,0.015698285499222586,0.017113671116090412
off0174,174.0,1.77,1647517.0,1.0,0.49869791666666663,0.33463541666666663,95.0,64.0,4.971,44.0,4.970827316316833,0.00017268368316702976,208.33378099945205,206.6080109848474,0.27678945592696647,0.00013083092876955233,-5.110285216266193e-06,-5.4791565120910474e-05,7.092907843237566e-05,1.3598631088872846,-0.0531165559004252,-0.569506222931145,0.7372403300557143,1.0,0.026513584868419583,-0.0010356265300383318,-0.011103802637262045,0.014374155701119204,0.014940143069141043,0.016414705448923095
off0176,176.0,1.79,1666501.0,1.0,0.49869791666666663,0.33463541666666663,95.0,64.0,4.971,44.0,4.970827316316833,0.00017268368316702976,210.2206173873453,208.66939136225116,0.27937147696074155,0.00013932290063879867,-7.4827417438321394e-06,-5.518880186695989e-05,7.665135702800664e-05,1.437705770491013,-0.07721617146123046,-0.569506222931145,0.7909833760986377,1.0,0.028031302351396902,-0.0015055026508712102,-0.011103802637262045,0.015421997063263648,0.018831592619369175,0.020183556961562266
off0178,178.0,1.81,1685482.0,1.0,0.49869791666666663,0.33463541666666663,95.0,64.0,4.971,44.0,4.970827316316833,0.00017268368316702976,212.8327082853575,211.42992684594157,0.28321988890713223,0.0001513248826745168,-9.104682784060815e-06,-5.5830297432545274e-05,8.638990245791073e-05,1.54361460229702,-0.09287382911763052,-0.569506222931145,0.8812345502482448,1.0,0.030096232844806215,-0.0018107838460154138,-0.011103802637262045,0.01718164636152876,0.024959948105362617,0.025996493274274113
off0180,180.0,1.83,1704463.0,1.0,0.49869791666666663,0.33463541666666663,95.0,64.0,4.971,44.0,4.970827316316833,0.00017268368316702976,216.1836282625116,214.8800361703379,0.28808979334639623,0.0001565044109117365,-9.187489125762988e-06,-5.6659933246932994e-05,9.065698853904052e-05,1.5730734369552324,-0.09234624769907354,-0.569506222931145,0.9112209663250139,1.0,0.030670598976022437,-0.001800497461581206,-0.011103802637262045,0.017766298877179187,0.028052536037897587,0.02888290881822622
off0000,-1.0,0.0,0.0,2.0,0.20052083333333331,0.0859375,38.0,16.0,1.785,9.0,1.7853682754941262,0.00036827549412632443,44.150874068621945,44.150874068621945,0.09359595451746991,0.020955811755187126,-0.20950815731889283,-0.019850356066762987,-0.2084027016304687,4.6605415774756365,-46.59430469274549,-4.414689865399516,-46.34845298066937,1.0,0.09086772325804786,-0.9084605970868395,-0.0860742920732647,-0.9036671659020564,0.00839751357848959,0.000815941610598545
off0002,2.0,0.04,22481.0,2.0,0.20052083333333331,0.0859375,38.0,16.0,1.785,9.0,1.7853682754941262,0.00036827549412632443,46.157066733026234,44.34580511082449,0.08478844077374935,0.020633806458310366,-0.18445511917358504,-0.019516536012491394,-0.18333784872776607,4.667419269373175,-41.72421503055112,-4.414689865399516,-41.47148562657746,1.0,0.09100181930538709,-0.8135072633788171,-0.0860742920732647,-0.8085797361466946,0.07567994072710071,-0.005812517794978128
off0004,4.0,0.07,47710.0,2.0,0.20052083333333331,0.0859375,38.0,16.0,1.785,9.0,1.7853682754941262,0.00036827549412632443,68.75881724574371,42.41358088725352,0.08233304735563131,0.020253060954195767,-0.14477573302754831,-0.018990643775734346,-0.1435133158490869,4.708159659761154,-33.65551841739966,-4.414689865399516,-33.36204862303802,1.0,0.09179614469818938,-0.6561899047180837,-0.0860742920732647,-0.6504680520931589,-0.007448644012715888,0.011494959187033221
off0006,6.0,0.09,67709.0,2.0,0.20052083333333331,0.0859375,38.0,16.0,1.785,9.0,1.7853682754941262,0.00036827549412632443,57.2306742027044,45.56083242365112,0.0808659179993423,0.01852612665116815,-0.11332843612984866,-0.018730209224913287,-0.1135325187035938,4.366587825577188,-26.711388668234985,-4.414689865399516,-26.75949070805731,1.0,0.08513643479422067,-0.5207985022757842,-0.0860742920732647,-0.5217363595548281,-0.06472038927660392,0.019516810326909884
off0008,8.0,0.11,87238.0,2.0,0.20052083333333331,0.0859375,38.0,16.0,1.785,9.0,1.7853682754941262,0.00036827549412632443,53.296910695606705,47.07620885974188,0.08160957770527387,0.018800459856516905,-0.12832986305435146,-0.01815600964178067,-0.1276854128396152,4.571389927135744,-31.203802874748273,-4.414689865399516,-31.047102813012042,1.0,0.08912951164542418,-0.6083882049083869,-0.0860742920732647,-0.6053329853362274,-0.01705528457144287,0.011256334442173443
off0010,10.0,0.13,106521.0,2.0,0.20052083333333331,0.0859375,38.0,16.0,1.785,9.0,1.7853682754941262,0.00036827549412632443,53.1561125510029,48.25000647200454,0.0819374921131068,0.018700916335764872,-0.1452202987410322,-0.0177790045996846,-0.14429838700495193,4.643609002871287,-36.05953176443287,-4.414689865399516,-35.8306126269611,1.0,0.09053758469418857,-0.7030615431093429,-0.0860742920732647,-0.698598250488419,-0.0004402305208223989,0.011539497800607867
off0012,12.0,0.15,125631.0,2.0,0.20052083333333331,0.0859375,38.0,16.0,1.785,9.0,1.7853682754941262,0.00036827549412632443,53.1917382260101,49.83303153375211,0.08273454164820089,0.01887769584537924,-0.14753992468599902,-0.017401096500190984,-0.14606332534081076,4.78930580781364,-37.43114752831461,-4.414689865399516,-37.05653158590049,1.0,0.093378271067435,-0.7298042723773629,-0.0860742920732647,-0.7225002933831925,0.0011905233518076652,0.017815422266731967
off0014,14.0,0.17,144594.0,2.0,0.20052083333333331,0.0859375,38.0,16.0,1.785,9.0,1.7853682754941262,0.00036827549412632443,53.44053236085191,52.50616743330793,0.08354257454784736,0.019236274314099522,-0.16799997787952842,-0.01717061365686893,-0.16593431722229782,4.945786269469054,-43.19401825428646,-4.414689865399516,-42.66292185021692,1.0,0.09642920904290897,-0.8421643776557614,-0.0860742920732647,-0.8318094606861169,0.006796650421237699,0.019345657477125466
off0016,16.0,0.19,163513.0,2.0,0.20052083333333331,0.0859375,38.0,16.0,1.785,9.0,1.7853682754941262,0.00036827549412632443,54.81547959780553,54.45477054684554,0.08495904859361614,0.018883104535889594,-0.18978520632011373,-0.016932086349833435,-0.18783418813405756,4.923377338120619,-49.4825510355612,-4.414689865399516,-48.973863562840094,1.0,0.0959922966072128,-0.9647734450718157,-0.0860742920732647,-0.9548554405378675,0.004866681589280414,0.008609826877675059
off0018,18.0,0.21,182365.0,2.0,0.20052083333333331,0.0859375,38.0,16.0,1.785,9.0,1.7853682754941262,0.00036827549412632443,54.60319804911173,54.563082419194664,0.08722878118541168,0.01303772460738123,-0.24096634937008873,-0.016395654371294033,-0.24432427913400154,3.5105345226628515,-64.88253999358304,-4.414689865399516,-65.78669533631971,1.0,0.06844575339373607,-1.2650308103483379,-0.0860742920732647,-1.2826593490278666,1.41346392205807,1.3981805763231328
off0020,20.0,0.23,201150.0,2.0,0.20052083333333331,0.0859375,38.0,16.0,1.785,9.0,1.7853682754941262,0.00036827549412632443,392.4964997388956,388.484550851953,0.5675262715248356,0.10620030422602555,-0.20636582705670584,-0.0918089444766578,-0.19197446730733808,5.106707297873163,-9.923228400732333,-4.414689865399516,-9.231210968258685,1.0,0.09956672583840234,-0.19347562019445586,-0.0860742920732647,-0.17998318642931818,1.3792365666040403,1.3607067596425597
off0022,22.0,0.25,219834.0,2.0,0.20052083333333331,0.0859375,38.0,16.0,1.785,9.0,1.7853682754941262,0.00036827549412632443,384.10719426615316,379.6402489024715,0.5563966287796567,0.09305321900965957,-0.205304815039617,-0.09739078876982717,-0.2096423847997846,4.2180693687123805,-9.306394349215083,-4.414689865399516,-9.503014845902216,1.0,0.08224073398075138,-0.18144905526468447,-0.0860742920732647,-0.18528261335719776,-0.04599204299233617,-0.04949079333433426
off0024,24.0,0.27,238468.0,2.0,0.20052083333333331,0.0859375,38.0,16.0,1.785,9.0,1.7853682754941262,0.00036827549412632443,381.5088545972979,376.6610431416209,0.5478195018754969,0.09005227336360377,-0.18377374762934734,-0.08478281450041025,-0.17850428876615382,4.689073616122577,-9.569204631462691,-4.414689865399516,-9.29482088073963,1.0,0.09142401941991202,-0.18657313185528107,-0.0860742920732647,-0.18122340450863375,-0.07492590150821354,-0.07859979976806253
off0026,26.0,0.29,257062.0,2.0,0.20052083333333331,0.0859375,38.0,16.0,1.785,9.0,1.7853682754941262,0.00036827549412632443,366.2071584311778,360.86250710491737,0.4893256062319072,0.02455269130219051,-0.11924823423643546,-0.07196333458713451,-0.16665887752137948,1.5062186609601818,-7.315447153341001,-4.414689865399516,-10.223918357780336,1.0,0.029367114996186876,-0.14263106902668524,-0.0860742920732647,-0.19933824610376308,4.1986093467158145,4.162121613783693
off0028,28.0,0.31,275604.0,2.0,0.20052083333333331,0.0859375,38.0,16.0,1.785,9.0,1.7853682754941262,0.00036827549412632443,1384.5699623109945,1371.0051155727938,0.007375551111086719,-0.05827170074293176,-0.12067314572001797,-0.0016190038065469284,-0.18056385026949665,-158.8949239459108,-329.0508096903603,-4.414689865399516,-492.3604235016706,1.0,-3.098013339481051,-6.415584415615385,-0.0860742920732647,-9.5996720471697,4.748323289574328,4.706675489098178
off0030,30.0,0.33,294208.0,2.0,0.20052083333333331,0.0859375,38.0,16.0,1.785,9.0,1.7853682754941262,0.00036827549412632443,1500.596672985254,1485.3022298518267,0.005982370835521724,0.0009469417457325796,-0.189470822142822,-0.0013740606358208487,-0.18989794103291024,3.0424087693276993,-608.7467295816544,-4.414689865399516,-610.1190106777262,1.0,0.05931859066020156,-11.868884428626608,-0.0860742920732647,-11.89564013003967,0.4776490009806382,0.4688528419835283
off0032,32.0,0.35000000000000003,312821.0,2.0,0.20052083333333331,0.0859375,38.0,16.0,1.785,9.0,1.7853682754941262,0.00036827549412632443,1498.6818256584963,1483.015548599285,0.006162777267465755,0.001303842934840413,-0.18943352451785908,-0.0014254977569016921,-0.1895551793399204,4.037931426159159,-586.6654344469636,-4.414689865399516,-587.042192886204,1.0,0.07872854029250918,-11.43835999662161,-0.0860742920732647,-11.445705748402368,-0.053538141276800566,-0.057227496593958094
off0034,34.0,0.37,331404.0,2.0,0.20052083333333331,0.0859375,38.0,16.0,1.785,9.0,1.7853682754941262,0.00036827549412632443,1487.8062409970896,1471.6303991610012,0.006363247452291579,0.0013360773430810338,-0.19252377633448992,-0.001474904638829961,-0.19266260363023885,3.999151504851809,-576.2628592086916,-4.414689865399516,-576.6783975692392,1.0,0.07797243864664986,-11.235538433460208,-0.0860742920732647,-11.243640286886821,-0.0808942709472591,-0.08586820887463986
off0036,36.0,0.39,349938.0,2.0,0.20052083333333331,0.0859375,38.0,16.0,1.785,9.0,1.7853682754941262,0.00036827549412632443,1479.3559274089916,1462.5013607817023,0.006523793121573324,0.0013582556760357786,-0.19922455944329123,-0.001512156836909496,-0.19937846060416495,3.9653807206080187,-581.629247737628,-4.414689865399516,-582.0785568824194,1.0,0.07731400137581788,-11.340168228010112,-0.0860742920732647,-11.348928518707556,-0.0571103933575392,-0.06291959280099402
off0038,38.0,0.41000000000000003,368549.0,2.0,0.20052083333333331,0.0859375,38.0,16.0,1.785,9.0,1.7853682754941262,0.00036827549412632443,1474.1623866413643,1456.598708608217,0.006664742037480358,0.0013728033260568817,-0.2036139988980047,-0.0015428189951678065,-0.20378401456711562,3.9281995812288306,-582.630017003855,-4.414689865399516,-583.1165072880256,1.0,0.07658907157369885,-11.3596804720738,-0.0860742920732647,-11.369165692573363,-0.02887911849016156,-0.035009203324405824
off0040,40.0,0.43,387173.0,2.0,0.20052083333333331,0.0859375,38.0,16.0,1.785,9.0,1.7853682754941262,0.00036827549412632443,1472.456614281612,1454.1375509182722,0.006767697721773826,0.001346350415646326,-0.20522344959044375,-0.0015614674950009395,-0.20543856666979837,3.806495847181683,-580.2220577436455,-4.414689865399516,-580.8302517618632,1.0,0.07421618399378431,-11.312731899244655,-0.0860742920732647,-11.324590007324135,0.0024489394233286887,-0.00299775488408649
off0042,42.0,0.45,405735.0,2.0,0.20052083333333331,0.0859375,38.0,16.0,1.785,9.0,1.7853682754941262,0.00036827549412632443,1474.7474460474289,1455.8825354455394,0.006835781267036337,0.0013149275193736487,-0.20513648766707607,-0.001568731124965307,-0.20539029127266772,3.700441140697168,-577.2907534728243,-4.414689865399516,-578.0050021975267,1.0,0.07214840934595716,-11.255579540267014,-0.0860742920732647,-11.269505422994321,0.03135919217417005,0.02742719457806775
off0044,44.0,0.47000000000000003,424378.0,2.0,0.20052083333333331,0.0859375,38.0,16.0,1.785,9.0,1.7853682754941262,0.00036827549412632443,1479.9484248888155,1460.6899948117423,0.006885403758243302,0.001283229946782198,-0.20348189776263784,-0.0015694150938922265,-0.20376808290974785,3.6096646853235606,-572.3848810559901,-4.414689865399516,-573.189906236066,1.0,0.0703785185107158,-11.159928541407428,-0.0860742920732647,-11.175624314969975,0.05084497620152817,0.04801856188390907
off0046,46.0,0.49,443047.0,2.0,0.20052083333333331,0.0859375,38.0,16.0,1.785,9.0,1.7853682754941262,0.00036827549412632443,1486.8944723456184,1467.354322386558,0.006846251872944484,0.001253736469246744,-0.20216493574120276,-0.0015490027775973002,-0.2024602020495533,3.5731747965298286,-576.1742366532137,-4.414689865399516,-577.0157517220833,1.0,0.06966706619095735,-11.233810537739997,-0.0860742920732647,-11.250217763622304,0.05077424056536284,0.04875071647442386
off0048,48.0,0.51,461625.0,2.0,0.20052083333333331,0.0859375,38.0,16.0,1.785,9.0,1.7853682754941262,0.00036827549412632443,1492.0785522188687,1472.3366958097577,0.006858984290008368,0.0012645602962553862,-0.20220305782070366,-0.0015383342352753718,-0.20247683175972367,3.629017281193078,-580.2794800013406,-4.414689865399516,-581.0651525855471,1.0,0.07075584082327602,-11.313851475099597,-0.0860742920732647,-11.329169926349588,0.046830432088399654,0.04543509646290289
off0050,50.0,0.53,480378.0,2.0,0.20052083333333331,0.0859375,38.0,16.0,1.785,9.0,1.7853682754941262,0.00036827549412632443,1498.0824113049894,1478.2089112334118,0.00690441402740945,0.0012496116916908412,-0.20210541644345426,-0.0015334927219509882,-0.2023892974737144,3.597440008697099,-581.8304325436392,-4.414689865399516,-582.6476824003416,1.0,0.07014017098947897,-11.344090777562013,-0.0860742920732647,-11.3600248986458,0.06306541689069611,0.06186261580359087
off0052,52.0,0.55,499059.0,2.0,0.20052083333333331,0.0859375,38.0,16.0,1.785,9.0,1.7853682754941262,0.00036827549412632443,1507.14508060982,1487.1158712009033,0.006917939912944092,0.001215783008895667,-0.20196039993005138,-0.0015212097920684572,-0.20226582671322418,3.5283134225677477,-586.1075411373026,-4.414689865399516,-586.9939175801345,1.0,0.06879239296974554,-11.427482613805246,-0.0860742920732647,-11.444764512908767,0.0876165834948095,0.0858054598303335
off0054,54.0,0.5700000000000001,517736.0,2.0,0.20052083333333331,0.0859375,38.0,16.0,1.785,9.0,1.7853682754941262,0.00036827549412632443,1519.0142913721686,1498.708108105019,0.006871770140590748,0.001173129221113449,-0.20040307586652584,-0.0014972500570212821,-0.20072719670243366,3.459009174163588,-590.8949035426662,-4.414689865399516,-591.850584233902,1.0,0.06744115102502563,-11.520822993878024,-0.0860742920732647,-11.539456134926262,0.10209613502315307,0.0995174118628448
off0056,56.0,0.59,536486.0,2.0,0.20052083333333331,0.0859375,38.0,16.0,1.785,9.0,1.7853682754941262,0.00036827549412632443,1531.536171524176,1510.8908969622369,0.006785528010333551,0.0011414043440806862,-0.19752546617765188,-0.0014660046666713628,-0.19785006650024253,3.4371965551632027,-594.8232591051333,-4.414689865399516,-595.8007524153695,1.0,0.06701586503756882,-11.597415106656218,-0.0860742920732647,-11.616473533691911,0.09888678274904095,0.09635759984368697
off0058,58.0,0.61,555108.0,2.0,0.20052083333333331,0.0859375,38.0,16.0,1.785,9.0,1.7853682754941262,0.00036827549412632443,1542.6386578353365,1521.7282447394127,0.006688450578499086,0.0011229544131625066,-0.19492334311809656,-0.0014342151617740457,-0.1952346038667081,3.456591172109788,-599.9979154653682,-4.414689865399516,-600.9560141586579,1.0,0.06739400664538443,-11.698306652044385,-0.0860742920732647,-11.716986937472265,0.08080333504747461,0.07905787536047004
off0060,60.0,0.63,573907.0,2.0,0.20052083333333331,0.0859375,38.0,16.0,1.785,9.0,1.7853682754941262,0.00036827549412632443,1550.8403448984097,1529.7780744736654,0.006600571592404566,0.0011150544748811178,-0.19371676121888226,-0.001406367817452848,-0.194008074561454,3.5002363027203534,-608.0908649203288,-4.414689865399516,-609.005318483008,1.0,0.06824496647139468,-11.856096874315732,-0.0860742920732647,-11.8739261999176,0.05288185355956987,0.0519732902943737
off0062,62.0,0.65,592558.0,2.0,0.20052083333333331,0.0859375,38.0,16.0,1.785,9.0,1.7853682754941262,0.00036827549412632443,1555.2723006034846,1534.1448288579088,0.006548499300868003,0.0011220008434222883,-0.19397307146031512,-0.0013874667567807255,-0.19423853737367355,3.5700212118371493,-617.1902487402106,-4.414689865399516,-618.0349173937728,1.0,0.06960557997602684,-12.033509794470737,-0.0860742920732647,-12.049978506567973,0.024028682833371562,0.02359763661348513
off0064,64.0,0.67,611285.0,2.0,0.20052083333333331,0.0859375,38.0,16.0,1.785,9.0,1.7853682754941262,0.00036827549412632443,1556.5808735423989,1535.4156248067209,0.006538774833817252,0.0011321519130161536,-0.19489226534957785,-0.0013779899765378818,-0.19513810341309956,3.6270942906584245,-624.3796568427955,-4.414689865399516,-625.1672524175366,1.0,0.07071834780474459,-12.173683449183352,-0.0860742920732647,-12.189039393451871,0.004385428250396117,0.004148838903372365
off0066,66.0,0.6900000000000001,630000.0,2.0,0.20052083333333331,0.0859375,38.0,16.0,1.785,9.0,1.7853682754941262,0.00036827549412632443,1556.3199933406243,1535.135999648637,0.006563461853240602,0.0011395336632950628,-0.19543188386339466,-0.0013761220131359067,-0.19566847221323552,3.6556988890588036,-626.9583284272743,-4.414689865399516,-627.7173194036151,1.0,0.07127605868193435,-12.22396044210715,-0.0860742920732647,-12.238758675498483,-0.0014412789655411373,-0.0015256352590400368
off0068,68.0,0.71,648641.0,2.0,0.20052083333333331,0.0859375,38.0,16.0,1.785,9.0,1.7853682754941262,0.00036827549412632443,1556.2365474200292,1535.0511456979186,0.006600791033471018,0.0011416523931956427,-0.19544608379891984,-0.001377243213851833,-0.19568167461957603,3.659514310441994,-626.4934448041082,-4.414689865399516,-627.2486203590657,1.0,0.07135044888929484,-12.214896491981436,-0.0860742920732647,-12.229620335165407,0.005634192286604112,0.005545419364341164
off0070,70.0,0.73,667418.0,2.0,0.20052083333333331,0.0859375,38.0,16.0,1.785,9.0,1.7853682754941262,0.00036827549412632443,1557.6660197720887,1536.46081794703,0.006633541056751057,0.001134232666954109,-0.19501724171309961,-0.0013776464682511938,-0.1952606555143967,3.634666494782,-624.9358310785495,-4.414689865399516,-625.7158544491671,1.0,0.07086598492745153,-12.184527314793737,-0.0860742920732647,-12.19973562193955,0.020456150518097793,0.020244235225922225
off0072,72.0,0.75,686137.0,2.0,0.20052083333333331,0.0859375,38.0,16.0,1.785,9.0,1.7853682754941262,0.00036827549412632443,1561.123586747537,1539.8875577890826,0.006642485266269683,0.0011223181514077238,-0.19429188336518255,-0.0013737039129633204,-0.19454326912673814,3.6068082226580174,-624.398314896959,-4.414689865399516,-625.2061965397005,1.0,0.07032282535688922,-12.174047229845767,-0.0860742920732647,-12.189798696562141,0.036243833413611704,0.03594785720114846
off0074,74.0,0.77,704795.0,2.0,0.20052083333333331,0.0859375,38.0,16.0,1.785,9.0,1.7853682754941262,0.00036827549412632443,1566.3247866850154,1545.0488752027788,0.006624824284459511,0.0011073194648889215,-0.19341402360802973,-0.0013650366768755606,-0.19367174082001637,3.5812019575869454,-625.523800432178,-4.414689865399516,-626.3572883399905,1.0,0.06982357372068546,-12.19599109762274,-0.0860742920732647,-12.212241815975318,0.04736548456546963,0.04710497189759266
off0076,76.0,0.79,723552.0,2.0,0.20052083333333331,0.0859375,38.0,16.0,1.785,9.0,1.7853682754941262,0.00036827549412632443,1572.4393514430067,1551.1410851808082,0.006586430285602053,0.0010929972604113505,-0.19225195532515132,-0.0013524155663053612,-0.19251137363104534,3.567870740817794,-627.5680197144013,-4.414689865399516,-628.414838838983,1.0,0.06956365171464073,-12.23584774280612,-0.0860742920732647,-12.252358383164742,0.05031800348568183,0.05025529057901945
off0078,78.0,0.81,742313.0,2.0,0.20052083333333331,0.0859375,38.0,16.0,1.785,9.0,1.7853682754941262,0.00036827549412632443,1578.345917527724,1557.0550237329094,0.006537702627078205,0.0010831346955328808,-0.19094199233797907,-0.0013380786000573499,-0.19119693624250356,3.5735597019686702,-629.9702262763483,-4.414689865399516,-630.8113564397793,1.0,0.06967457078678935,-12.282684153865002,-0.0860742920732647,-12.299083875151481,0.04552456098733426,0.04567504233227826
off0080,80.0,0.8300000000000001,761057.0,2.0,0.20052083333333331,0.0859375,38.0,16.0,1.785,9.0,1.7853682754941262,0.00036827549412632443,1583.3153136488863,1562.0529978579236,0.006492049523739202,0.001076329276084205,-0.189562375424868,-0.0013246115497872783,-0.18981065769857108,3.5872101128250127,-631.7769898530748,-4.414689865399516,-632.6044696056493,1.0,0.06994071619831137,-12.317911066865022,-0.0860742920732647,-12.334044642739975,0.03630949533801875,0.03664764049818725
off0082,82.0,0.85,779785.0,2.0,0.20052083333333331,0.0859375,38.0,16.0,1.785,9.0,1.7853682754941262,0.00036827549412632443,1587.0203712829336,1565.8102614408324,0.00645836725005372,0.0010727211733102746,-0.18820440561740007,-0.0013133662029734899,-0.18844505064706327,3.605796526125423,-632.6217929329849,-4.414689865399516,-633.430686272259,1.0,0.07030310006123061,-12.334382399905762,-0.0860742920732647,-12.350153591917795,0.026070888488047395,0.026567004148768447
off0084,84.0,0.87,798481.0,2.0,0.20052083333333331,0.0859375,38.0,16.0,1.785,9.0,1.7853682754941262,0.00036827549412632443,1589.5437317098229,1568.3999395258697,0.006438417783889236,0.0010720321545779482,-0.18696863945374095,-0.0013046977379002904,-0.1872013050370633,3.627422161254152,-632.6435110344668,-4.414689865399516,-633.4307787386122,1.0,0.07072474037823885,-12.334805843061957,-0.0860742920732647,-12.350155394756984,0.01706414095941078,0.01767167685748383
off0086,86.0,0.89,817216.0,2.0,0.20052083333333331,0.0859375,38.0,16.0,1.785,9.0,1.7853682754941262,0.00036827549412632443,1591.0970487538484,1570.0320811673307,0.006429628455467819,0.0010718835895818166,-0.1857903039130363,-0.0012982239772736642,-0.18601664430072815,3.6450055634871332,-631.7912672487012,-4.414689865399516,-632.5609515506135,1.0,0.07106756828814603,-12.318189436752524,-0.0860742920732647,-12.333196160537641,0.009720192542972406,0.010448857774203013
off0088,88.0,0.91,835979.0,2.0,0.20052083333333331,0.0859375,38.0,16.0,1.785,9.0,1.7853682754941262,0.00036827549412632443,1591.8659165796705,1570.8962048336994,0.006430093687469573,0.00107267711585695,-0.18467777720610826,-0.0012936044990022547,-0.18489870458925356,3.6607299958156725,-630.2506771004162,-4.414689865399516,-631.0046369700001,1.0,0.07137415140546552,-12.288152172430067,-0.0860742920732647,-12.302852313097867,0.004011831783349962,0.00487021287740852
off0090,90.0,0.93,854726.0,2.0,0.20052083333333331,0.0859375,38.0,16.0,1.785,9.0,1.7853682754941262,0.00036827549412632443,1592.0554881084686,1571.1955904915396,0.006438169650550252,0.0010739912214619354,-0.1835904540636796,-0.0012904892747962317,-0.1838069521170139,3.674062430053679,-628.0524238118901,-4.414689865399516,-628.7930512472359,1.0,0.0716340971487994,-12.245292288411807,-0.0860742920732647,-12.259732483336272,-1.670413515597602e-05,0.0009531548563392889
off0092,92.0,0.9500000000000001,873461.0,2.0,0.20052083333333331,0.0859375,38.0,16.0,1.785,9.0,1.7853682754941262,0.00036827549412632443,1591.8619259087295,1571.1239165560987,0.006451250344824017,0.0010748204211760912,-0.18251177785449477,-0.0012884450592168634,-0.18272540249253552,3.682732753365993,-625.3529323943565,-4.414689865399516,-626.0848895063899,1.0,0.07180314457090776,-12.192659641542733,-0.0860742920732647,-12.206930789045087,-0.0027537050141273056,-0.0016907057383424018
off0094,94.0,0.97,892185.0,2.0,0.20052083333333331,0.0859375,38.0,16.0,1.785,9.0,1.7853682754941262,0.00036827549412632443,1591.3976192348264,1570.7916755209683,0.006467677827369787,0.0010763826551492273,-0.18143284330496606,-0.0012871504415956437,-0.18164361109141247,3.691795026763403,-622.2813656468257,-4.414689865399516,-623.0042604854618,1.0,0.07197983394004556,-12.132772550623478,-0.0860742920732647,-12.146867008756697,-0.0046168224721263584,-0.0034851483457352117
off0096,96.0,0.99,910890.0,2.0,0.20052083333333331,0.0859375,38.0,16.0,1.785,9.0,1.7853682754941262,0.00036827549412632443,1590.7589523571103,1570.2913035474714,0.00648567931319075,0.0010787678363250522,-0.1803561582395703,-0.0012862720765741016,-0.18056366247981936,3.70250238723021,-619.0109530040417,-4.414689865399516,-619.723140482211,1.0,0.0721885979756298,-12.06900851246955,-0.0860742920732647,-12.082894206567186,-0.00594464302712705,-0.00478074764054881
off0098,98.0,1.01,929572.0,2.0,0.20052083333333331,0.0859375,38.0,16.0,1.785,9.0,1.7853682754941262,0.00036827549412632443,1589.9774251354595,1569.6495397259866,0.006504910648182027,0.001080722631696819,-0.17928871065331012,-0.0012857295669452674,-0.17949371758855856,3.710776645508177,-615.606947409811,-4.414689865399516,-616.3108606297023,1.0,0.07234992322053303,-12.002639779745373,-0.0860742920732647,-12.016364148598104,-0.006947737749174898,-0.005765451118152853
off0100,100.0,1.03,948323.0,2.0,0.20052083333333331,0.0859375,38.0,16.0,1.785,9.0,1.7853682754941262,0.00036827549412632443,1589.0991157428173,1568.913918964272,0.0065260013074699445,0.0010828457931374227,-0.17819963422271323,-0.00128559199986644,-0.17840238042944226,3.7184646056065365,-611.9329610814648,-4.414689865399516,-612.6291863412578,1.0,0.0724998172658974,-11.931007166370247,-0.0860742920732647,-11.944581641177614,-0.007528255745738122,-0.00632151435996775
off0102,102.0,1.05,967067.0,2.0,0.20052083333333331,0.0859375,38.0,16.0,1.785,9.0,1.7853682754941262,0.00036827549412632443,1588.1789009280621,1568.1393098682606,0.006547784473653448,0.001084307257630139,-0.17711741063836142,-0.0012856817446214909,-0.17731878512535276,3.7232233258847356,-608.1741776314775,-4.414689865399516,-608.8656441709923,1.0,0.07259259920338546,-11.857721242697535,-0.0860742920732647,-11.871202935567414,-0.007776738629198476,-0.006563752550751367
off0104,104.0,1.07,985802.0,2.0,0.20052083333333331,0.0859375,38.0,16.0,1.785,9.0,1.7853682754941262,0.00036827549412632443,1587.24122818538,1567.3458176334198,0.006570381027392406,0.001085720718021231,-0.17606111851535686,-0.0012859793994210483,-0.17626137719675666,3.7272138672365136,-604.4072214147221,-4.414689865399516,-605.0946974128851,1.0,0.0726704037677639,-11.784275972584805,-0.0860742920732647,-11.797679860890305,-0.007604331842729017,-0.006408833656850632
off0106,106.0,1.09,1004531.0,2.0,0.20052083333333331,0.0859375,38.0,16.0,1.785,9.0,1.7853682754941262,0.00036827549412632443,1586.3622018994763,1566.6082191531832,0.0065941434625537065,0.001087224447240548,-0.17503551294076553,-0.0012865390069531908,-0.17523482750047817,3.730752602685812,-600.62501089228,-4.414689865399516,-601.3089481549937,1.0,0.07273939936154734,-11.710533285529301,-0.0860742920732647,-11.723868178241018,-0.00680234765565757,-0.005626258438325316
off0108,108.0,1.11,1023254.0,2.0,0.20052083333333331,0.0859375,38.0,16.0,1.785,9.0,1.7853682754941262,0.00036827549412632443,1585.6161257261872,1566.001686623507,0.006616619845780953,0.0010883549437431667,-0.17403358344006897,-0.0012870052310150456,-0.17423223372734087,3.7332789520295653,-596.9706093937793,-4.414689865399516,-597.6520203071493,1.0,0.07278865621489906,-11.639282522389577,-0.0860742920732647,-11.652568158247943,-0.005724200261619572,-0.004552994465012006
off0110,110.0,1.1300000000000001,1041967.0,2.0,0.20052083333333331,0.0859375,38.0,16.0,1.785,9.0,1.7853682754941262,0.00036827549412632443,1584.9946722769153,1565.5204943151814,0.00663707133404752,0.0010893934515982182,-0.17304892937098904,-0.0012873044341563152,-0.17324684035354712,3.735972705908711,-593.4550790334463,-4.414689865399516,-594.133796192937,1.0,0.07284117699557367,-11.57073936392235,-0.0860742920732647,-11.583972479000039,-0.004765928708694744,-0.0035835410313422855
off0112,112.0,1.1500000000000001,1060673.0,2.0,0.20052083333333331,0.0859375,38.0,16.0,1.785,9.0,1.7853682754941262,0.00036827549412632443,1584.4775302210903,1565.145567289793,0.006655854112923811,0.0010900568771382152,-0.17208766630376712,-0.0012874867772216824,-0.17228509620385057,3.7377184242588437,-590.0749350070298,-4.414689865399516,-590.7519064481704,1.0,0.07287521369480472,-11.504835866043651,-0.0860742920732647,-11.51803494442211,-0.0038915494448685806,-0.0027038900418077105
off0114,114.0,1.17,1079369.0,2.0,0.20052083333333331,0.0859375,38.0,16.0,1.785,9.0,1.7853682754941262,0.00036827549412632443,1584.064968754975,1564.8745263966389,0.0066735791481003295,0.001090366470944952,-0.17115491911079703,-0.0012876327453542544,-0.17135218538520633,3.7383561626710464,-586.8100897075504,-4.414689865399516,-587.4864234102789,1.0,0.07288764783718661,-11.44118037574887,-0.0860742920732647,-11.454367019984947,-0.0029234386667260637,-0.0017571487639118644
off0116,116.0,1.19,1098060.0,2.0,0.20052083333333331,0.0859375,38.0,16.0,1.785,9.0,1.7853682754941262,0.00036827549412632443,1583.779111438768,1564.7257788693898,0.006689808437482198,0.00109045754489287,-0.17024707628316382,-0.0012876086482530346,-0.17044422738652398,3.7387383803443983,-583.7084453423795,-4.414689865399516,-584.3843968274346,1.0,0.07289510002899503,-11.380706854134694,-0.0860742920732647,-11.393886046178961,-0.00191956692438211,-0.0007841355409938799
off0118,118.0,1.21,1116999.0,2.0,0.20052083333333331,0.0859375,38.0,16.0,1.785,9.0,1.7853682754941262,0.00036827549412632443,1583.606378120196,1564.687193925481,0.0067037254654452585,0.0010903812756842962,-0.1694235575364661,-0.0012873405364942807,-0.1696205167972761,3.7392554889117666,-581.0059119656188,-4.414689865399516,-581.6813463421067,1.0,0.07290518222167863,-11.328014897439793,-0.0860742920732647,-11.341184007291382,-0.0013695326631442128,-0.000296541273311135
off0120,120.0,1.23,1136054.0,2.0,0.20052083333333331,0.0859375,38.0,16.0,1.785,9.0,1.7853682754941262,0.00036827549412632443,1583.451925735907,1564.6549342173807,0.006715593147329921,0.0010893119932544604,-0.16861658758331316,-0.0012865310197864327,-0.16881380660984513,3.737939111391899,-578.6024035906053,-4.414689865399516,-579.2791543446128,1.0,0.07287951648601465,-11.281153104611967,-0.0860742920732647,-11.294347880199217,0.00035584727800053173,0.0013780387153552454
off0122,122.0,1.25,1155099.0,2.0,0.20052083333333331,0.0859375,38.0,16.0,1.785,9.0,1.7853682754941262,0.00036827549412632443,1583.6913911650813,1565.0164117512304,0.006755322450192407,0.0011252052247946245,-0.1679390017014931,-0.0012908976689553037,-0.16810469414565377,3.848044831017048,-574.3279476342162,-4.414689865399516,-574.8945926685988,1.0,0.07502627473153285,-11.197812987488872,-0.0860742920732647,-11.208861004830606,0.024246787258391578,0.024901248118076147
off0124,124.0,1.27,1174135.0,2.0,0.20052083333333331,0.0859375,38.0,16.0,1.785,9.0,1.7853682754941262,0.00036827549412632443,1589.244560219733,1570.603921479153,0.006758791053085208,0.0010379694871094705,-0.16709047395392324,-0.0012869582960510057,-0.16733946276286477,3.560576430018602,-573.1752335974307,-4.414689865399516,-574.0293470328116,1.0,0.06942143274629968,-11.175338238932499,-0.0860742920732647,-11.191991098259464,0.03645572151149157,0.03686591261597005
off0126,126.0,1.29,1193151.0,2.0,0.20052083333333331,0.0859375,38.0,16.0,1.785,9.0,1.7853682754941262,0.00036827549412632443,1592.400778817548,1573.8237953613238,0.006679262882086091,0.0010691585285154681,-0.16629045014749572,-0.0012696723445821897,-0.16649096396356244,3.717497148365396,-578.1970191848586,-4.414689865399516,-578.8942119018927,1.0,0.07248095451456461,-11.273249225334816,-0.0860742920732647,-11.286842562893515,0.015728568804724397,0.01638281933137531
off0128,128.0,1.31,1212037.0,2.0,0.20052083333333331,0.0859375,38.0,16.0,1.785,9.0,1.7853682754941262,0.00036827549412632443,1593.0021652611163,1574.517829049253,0.006675155625065979,0.0010738640511104292,-0.16553617894969358,-0.0012663869280393626,-0.16572870182662253,3.7435452295719873,-577.0676207923224,-4.414689865399516,-577.7387654281499,1.0,0.07298882034842459,-11.251229067618155,-0.0860742920732647,-11.264314539342996,0.004095921247497358,0.004903068778310704
off0130,130.0,1.33,1230907.0,2.0,0.20052083333333331,0.0859375,38.0,16.0,1.785,9.0,1.7853682754941262,0.00036827549412632443,1593.379307412221,1574.9951540646089,0.006678327388815914,0.001073915874417776,-0.1648001504862766,-0.001264654534953958,-0.16499088914681279,3.7488542491617443,-575.2887718024654,-4.414689865399516,-575.9546074187032,1.0,0.07309233160668374,-11.216546412171116,-0.0860742920732647,-11.229528372637699,0.0006082677289249716,0.0014527962095627345
off0132,132.0,1.35,1249767.0,2.0,0.20052083333333331,0.0859375,38.0,16.0,1.785,9.0,1.7853682754941262,0.00036827549412632443,1593.1474823534147,1574.8649066777982,0.006657883642773586,0.0010463392690167675,-0.16402695279822851,-0.0012588827229502463,-0.164239496252162,3.6693357391325674,-575.214921111697,-4.414689865399516,-575.9602752379639,1.0,0.0715419396955494,-11.21510652712351,-0.0860742920732647,-11.229638879501223,-0.0141883298752985,-0.013172786520256885
off0134,134.0,1.37,1268625.0,2.0,0.20052083333333331,0.0859375,38.0,16.0,1.785,9.0,1.7853682754941262,0.00036827549412632443,1589.9896703428763,1571.8481335281492,0.0066901239129819705,0.0010970341227447347,-0.16336813635712333,-0.0012632930811836472,-0.16353439531556224,3.833683169657591,-570.9044612428726,-4.414689865399516,-571.4854679386144,1.0,0.07474626189434586,-11.131064432881018,-0.0860742920732647,-11.142392463059936,-0.019532267885509214,-0.018468092360333976
off0136,136.0,1.3900000000000001,1287474.0,2.0,0.20052083333333331,0.0859375,38.0,16.0,1.785,9.0,1.7853682754941262,0.00036827549412632443,1588.4811615210838,1570.4528207582534,0.006733762432138382,0.0010841231871213663,-0.16270122781728513,-0.00126903492548551,-0.1628861395556493,3.7714231113050376,-566.0013346427223,-4.414689865399516,-566.6446013968169,1.0,0.07353236225234887,-11.035466969883393,-0.0860742920732647,-11.04800889970431,-0.008464871786398653,-0.007576588098298309
off0138,138.0,1.41,1306313.0,2.0,0.20052083333333331,0.0859375,38.0,16.0,1.785,9.0,1.7853682754941262,0.00036827549412632443,1587.9673855886729,1570.038062568222,0.0067480558045971435,0.0010825895250518094,-0.16204123939453113,-0.0012694108812556183,-0.16222806075073495,3.764972457071212,-563.5384317993431,-4.414689865399516,-564.1881492076715,1.0,0.07340659226317305,-10.987447148525021,-0.0860742920732647,-11.000114848335114,-0.003843787283122957,-0.0030489159260458365
off0140,140.0,1.43,1325149.0,2.0,0.20052083333333331,0.0859375,38.0,16.0,1.785,9.0,1.7853682754941262,0.00036827549412632443,1587.5628685312772,1569.724425060164,0.006760084561995842,0.0010831944462034448,-0.16134273078638312,-0.0012692842064101252,-0.1615288205465898,3.767452174825424,-561.1651944153947,-4.414689865399516,-561.8124321059688,1.0,0.07345493992897584,-10.941175556641253,-0.0860742920732647,-10.953794908785543,-0.0031975078540975588,-0.00231695286114153
off0142,142.0,1.45,1343992.0,2.0,0.20052083333333331,0.0859375,38.0,16.0,1.785,9.0,1.7853682754941262,0.00036827549412632443,1587.203490807044,1569.484535171053,0.006771370943463917,0.0010835238583755125,-0.16066732652788937,-0.0012693142240582588,-0.16085311689357212,3.7685087788549088,-558.8028595911746,-4.414689865399516,-559.4490406777193,1.0,0.0734755407971257,-10.895116534640994,-0.0860742920732647,-10.907715285917133,-0.0028419710340026327,-0.0019963823741839803
off0144,144.0,1.47,1362857.0,2.0,0.20052083333333331,0.0859375,38.0,16.0,1.785,9.0,1.7853682754941262,0.00036827549412632443,1586.883912625154,1569.2474829704613,0.006782090197771961,0.0010835654356290206,-0.16006878873079997,-0.0012690348038108781,-0.16025425809898183,3.769483179502727,-556.8437187495373,-4.414689865399516,-557.4889254354341,1.0,0.07349453892576302,-10.856918684699728,-0.0860742920732647,-10.86949843784723,-0.002508944102516786,-0.0018297256812731533
off0146,146.0,1.49,1381719.0,2.0,0.20052083333333331,0.0859375,38.0,16.0,1.785,9.0,1.7853682754941262,0.00036827549412632443,1586.6040960925463,1569.047407894588,0.0067921956621456794,0.0010839676382481192,-0.15945566305729145,-0.0012686941996910685,-0.1596403896187344,3.7718947151805984,-554.8597131215687,-4.414689865399516,-555.5025082717876,1.0,0.0735415572288853,-10.818236039915277,-0.0860742920732647,-10.830768774759656,-0.002139886296992799,-0.0014566553769723711
off0148,148.0,1.51,1400583.0,2.0,0.20052083333333331,0.0859375,38.0,16.0,1.785,9.0,1.7853682754941262,0.00036827549412632443,1586.3726869925235,1568.8994833745653,0.006802239251256094,0.0010838478719089537,-0.15885595786076323,-0.0012684096566258232,-0.1590405196454801,3.7723240206793904,-552.8969158842704,-4.414689865399516,-553.5392817289904,1.0,0.07354992750358597,-10.779966900330196,-0.0860742920732647,-10.792491264899875,-0.0018000072868478156,-0.001084158094726284
off0150,150.0,1.53,1419567.0,2.0,0.20052083333333331,0.0859375,38.0,16.0,1.785,9.0,1.7853682754941262,0.00036827549412632443,1586.1740686348953,1568.7883990824719,0.0068112826924146795,0.0010840653393578634,-0.15828086581100115,-0.001267975207335045,-0.15846477567897832,3.7743736939088754,-551.0840670545142,-4.414689865399516,-551.7243832260048,1.0,0.073589890485718,-10.744621341657982,-0.0860742920732647,-10.757105743245528,-0.0018369707042591443,-0.0011427661264038491
off0152,152.0,1.55,1438573.0,2.0,0.20052083333333331,0.0859375,38.0,16.0,1.785,9.0,1.7853682754941262,0.00036827549412632443,1585.933828857057,1568.626472917542,0.006819688380950804,0.0010840713138618036,-0.15771219251447666,-0.0012672639748430835,-0.15789538517545795,3.776512816336185,-549.4123022236226,-4.414689865399516,-550.050479272686,1.0,0.07363159748081902,-10.712026532346513,-0.0860742920732647,-10.72446922693896,-0.0009276560927373723,-0.000277352627303884
off0154,154.0,1.57,1457577.0,2.0,0.20052083333333331,0.0859375,38.0,16.0,1.785,9.0,1.7853682754941262,0.00036827549412632443,1585.9524486481046,1568.722138658937,0.006845245577448796,0.0011034465932332899,-0.15721774006898484,-0.0012696271348806565,-0.15738392061063222,3.8368544262521063,-546.6703921768373,-4.414689865399516,-547.2482276159848,1.0,0.07480809266268475,-10.658566839049515,-0.0860742920732647,-10.669833038460098,0.01189192447676568,0.012355979722887156
off0156,156.0,1.59,1476578.0,2.0,0.20052083333333331,0.0859375,38.0,16.0,1.785,9.0,1.7853682754941262,0.00036827549412632443,1588.7748473833085,1571.5783557159314,0.00684337655816723,0.0010618793172877602,-0.15668404800815333,-0.0012660869928186695,-0.15688825568368422,3.7026427780219944,-546.3380342226084,-4.414689865399516,-547.0500813099859,1.0,0.07219133520936193,-10.652086774424957,-0.0860742920732647,-10.665969731288861,0.0177728459540063,0.018097642770324107
off0158,158.0,1.61,1495579.0,2.0,0.20052083333333331,0.0859375,38.0,16.0,1.785,9.0,1.7853682754941262,0.00036827549412632443,1590.1984379930755,1573.0457229948809,0.006809997575555744,0.0010755870443628773,-0.156230810163704,-0.0012578782969064498,-0.15641310141624756,3.7749146604895736,-548.3126435912699,-4.414689865399516,-548.9524187961798,1.0,0.07360043784394442,-10.690586218035,-0.0860742920732647,-10.70306007226432,0.006436864434768985,0.0068272497983654645
off0160,160.0,1.6300000000000001,1514577.0,2.0,0.20052083333333331,0.0859375,38.0,16.0,1.785,9.0,1.7853682754941262,0.00036827549412632443,1590.3126347402563,1573.2094073761064,0.0068130249872443375,0.0010789471766929244,-0.1558483302860289,-0.0012562096066915962,-0.15602559271602756,3.791737573789356,-547.6968497838275,-4.414689865399516,-548.3198020754376,1.0,0.07392843831442766,-10.678579934999327,-0.0860742920732647,-10.690725788758161,0.00025457707780152106,0.0006442101088044438
off0162,162.0,1.6500000000000001,1533571.0,2.0,0.20052083333333331,0.0859375,38.0,16.0,1.785,9.0,1.7853682754941262,0.00036827549412632443,1590.2592572654992,1573.1996268358855,0.0068209091429831245,0.0010794998600444812,-0.1555156221574803,-0.001255487288556112,-0.15569160958599193,3.795862479276367,-546.8420487470704,-4.414689865399516,-547.4608761331936,1.0,0.07400886260933598,-10.661913669339532,-0.0860742920732647,-10.673979098803459,-0.0004967583685502319,-0.0001538585664144776
off0164,164.0,1.67,1552567.0,2.0,0.20052083333333331,0.0859375,38.0,16.0,1.785,9.0,1.7853682754941262,0.00036827549412632443,1590.1939575883052,1573.172650075935,0.006829053868246626,0.0010797390754104345,-0.15521713051548386,-0.001254902019098814,-0.15539229345917224,3.798474367674873,-546.0470081283241,-4.414689865399516,-546.6632236260489,1.0,0.07405978723863729,-10.646412567220349,-0.0860742920732647,-10.658427072054979,-0.0005209351746469082,-0.00021772013083598551
off0166,166.0,1.69,1571562.0,2.0,0.20052083333333331,0.0859375,38.0,16.0,1.785,9.0,1.7853682754941262,0.00036827549412632443,1590.134804197786,1573.1476128051497,0.006837015703794128,0.0010799170689106928,-0.1549476697852315,-0.0012543538920134236,-0.15512210660833423,3.8007606704511794,-545.3372543613966,-4.414689865399516,-545.951183556345,1.0,0.07410436384513418,-10.63257432378825,-0.0860742920732647,-10.64454425201638,-0.0005261025868517066,-0.0002486133094565801
off0168,168.0,1.71,1590553.0,2.0,0.20052083333333331,0.0859375,38.0,16.0,1.785,9.0,1.7853682754941262,0.00036827549412632443,1590.0682700094046,1573.11325556671,0.0068446713116832834,0.0010800864941930242,-0.15470004387625821,-0.0012538073148010843,-0.15487376469686628,3.8030141022309443,-544.7030877992026,-4.414689865399516,-545.3147635623712,1.0,0.07414829955774196,-10.620209822642835,-0.0860742920732647,-10.632135815158358,-0.0006554482694767216,-0.0003914438882848259
off0170,170.0,1.73,1609542.0,2.0,0.20052083333333331,0.0859375,38.0,16.0,1.785,9.0,1.7853682754941262,0.00036827549412632443,1589.9782155245043,1573.0540956170125,0.0068523297424742165,0.0010804110732452257,-0.1544692993839824,-0.0012533160523552044,-0.1546422043630924,3.805648069820883,-544.1038190042768,-4.414689865399516,-544.7128607998554,1.0,0.0741996546704589,-10.608525731832943,-0.0860742920732647,-10.620400369235748,-0.0008750308426082043,-0.0006248422838446288
off0172,172.0,1.75,1628529.0,2.0,0.20052083333333331,0.0859375,38.0,16.0,1.785,9.0,1.7853682754941262,0.00036827549412632443,1589.8592223620074,1572.9639787606004,0.006860154983736025,0.0010807434593301038,-0.15424849049515432,-0.0012528830188228309,-0.15442063005464707,3.8081346185729625,-543.5138297124811,-4.414689865399516,-544.1203849593077,1.0,0.07424813552190405,-10.597022565773614,-0.0860742920732647,-10.608848722324975,-0.0011554844251246976,-0.0009142138404021338
off0174,174.0,1.77,1647517.0,2.0,0.20052083333333331,0.0859375,38.0,16.0,1.785,9.0,1.7853682754941262,0.00036827549412632443,1589.7021666255234,1572.8356870269974,0.006868161800160982,0.0010811926718149976,-0.15403116748541282,-0.0012525112251401248,-0.15420248603873793,3.8108483461071576,-542.9091735105466,-4.414689865399516,-543.5130150298389,1.0,0.07430104573383453,-10.585233435366712,-0.0860742920732647,-10.597006681706143,-0.0014420659481846343,-0.0012043753400359236
off0176,176.0,1.79,1666501.0,2.0,0.20052083333333331,0.0859375,38.0,16.0,1.785,9.0,1.7853682754941262,0.00036827549412632443,1589.5147082269846,1572.6762496667698,0.006876638980702517,0.0010816516639267602,-0.15382265802560272,-0.00125223070137707,-0.153993237063053,3.8133202079926507,-542.2957037450565,-4.414689865399516,-542.8970734024632,1.0,0.07434924023183635,-10.573272464747516,-0.0860742920732647,-10.584997516588942,-0.0016297986395183983,-0.001402313325031379
off0178,178.0,1.81,1685482.0,2.0,0.20052083333333331,0.0859375,38.0,16.0,1.785,9.0,1.7853682754941262,0.00036827549412632443,1589.312802554302,1572.5006699199005,0.006885378554308604,0.0010820816082926892,-0.15362829724299173,-0.0012520024445338799,-0.15379821807923294,3.81553145564619,-541.7092353439625,-4.414689865399516,-542.3083937537159,1.0,0.07439235347017928,-10.561837946358548,-0.0860742920732647,-10.573519884961634,-0.001724372471199942,-0.0015144534316711145
off0180,180.0,1.83,1704463.0,2.0,0.20052083333333331,0.0859375,38.0,16.0,1.785,9.0,1.7853682754941262,0.00036827549412632443,1589.1027501670078,1572.3144419320395,0.006894230004038831,0.0010824871557778074,-0.1534504935736142,-0.0012518026229676913,-0.1536198090408041,3.817570748260666,-541.168652621902,-4.414689865399516,-541.7657717390408,1.0,0.07443211405891213,-10.551298072318225,-0.0860742920732647,-10.562940250332577,-0.0017584729580499745,-0.0015590247980713544
off0000,-1.0,0.0,0.0,3.0,0.2109375,0.3515625,40.0,67.0,1.692,10.0,1.6922764069090659,0.00027640690906594045,39.18474544321296,39.18474544321296,0.042313938420655305,0.02892962015955125,-1.536617164641082,-0.02770873073777038,-1.535396275219301,5.1302594157613175,-272.4973447229199,-4.9137519256127895,-272.2808372327713,1.0,0.10002592726270569,-5.312947625766481,-0.09580462757659346,-5.308726326080367,0.04857732735432932,0.002720755626305148
off0002,2.0,0.04,22481.0,3.0,0.2109375,0.3515625,40.0,67.0,1.692,10.0,1.6922764069090659,0.00027640690906594045,50.79002322975391,39.83474260345713,0.03790718045911937,0.03129974092173726,-1.5180770326729087,-0.027318898311414097,-1.5140961900625856,5.6297717599069195,-273.05105269960404,-4.9137519256127895,-272.3350328653099,1.0,0.1097650420624038,-5.323743406118335,-0.09580462757659346,-5.309782991632525,0.03010727222937848,0.02314800484286958
off0004,4.0,0.07,47710.0,3.0,0.2109375,0.3515625,40.0,67.0,1.692,10.0,1.6922764069090659,0.00027640690906594045,53.70250335496197,46.72741728678999,0.037021568001547094,0.0283444329639696,-1.4864143815586555,-0.026478339128444047,-1.48454828772313,5.260054695329852,-275.8432654786979,-4.9137519256127895,-275.4969627089809,1.0,0.10255657769205404,-5.378183864136029,-0.09580462757659346,-5.371431914020571,0.015876504409795045,0.03463939462267554
off0006,6.0,0.09,67709.0,3.0,0.2109375,0.3515625,40.0,67.0,1.692,10.0,1.6922764069090659,0.00027640690906594045,55.56885718315676,50.56022414148192,0.03694226751245847,0.028704690471353378,-1.5191075740033113,-0.02586978769608275,-1.5162726712280405,5.45221822980362,-288.54190280432937,-4.9137519256127895,-288.0034365001385,1.0,0.10630323729814828,-5.625772313477747,-0.09580462757659346,-5.615273703756192,0.011123936455288724,0.03040965859397285
off0008,8.0,0.11,87238.0,3.0,0.2109375,0.3515625,40.0,67.0,1.692,10.0,1.6922764069090659,0.00027640690906594045,56.36004710375263,53.99238130596579,0.03705097314203847,0.02936550754845213,-1.5253728400089397,-0.025545340912235693,-1.5215526733727234,5.648576770165135,-293.41177147028327,-4.9137519256127895,-292.676946625731,1.0,0.110131687963873,-5.7207213383678175,-0.09580462757659346,-5.7063942779805386,0.011698939607504621,0.031655810172961873
off0010,10.0,0.13,106521.0,3.0,0.2109375,0.3515625,40.0,67.0,1.692,10.0,1.6922764069090659,0.00027640690906594045,58.36377101122181,58.12289773065562,0.03753986974471257,0.030048834848926842,-1.5436279847614742,-0.025251591015043946,-1.5388307409275912,5.847256119955735,-300.3773100092039,-4.9137519256127895,-299.4438058148609,1.0,0.11400538802077492,-5.856530153239658,-0.09580462757659346,-5.838329392795476,0.029598452875645276,0.03721269414242237
off0012,12.0,0.15,125631.0,3.0,0.2109375,0.3515625,40.0,67.0,1.692,10.0,1.6922764069090659,0.00027640690906594045,63.431211500430614,62.88261212410709,0.03815644569000024,0.031488924359177606,-1.588239381938788,-0.02523869037539216,-1.5819891479550026,6.13061773031796,-309.2162947149164,-4.9137519256127895,-307.99942891021124,1.0,0.11953015890079269,-6.028866007940012,-0.09580462757659346,-6.005140476615813,0.044631009831195584,0.04283873144258807
off0014,14.0,0.17,144594.0,3.0,0.2109375,0.3515625,40.0,67.0,1.692,10.0,1.6922764069090659,0.00027640690906594045,69.02626100798166,68.35720672810098,0.039047849255618,0.033742085630457885,-1.5769705241572791,-0.025465138072732284,-1.5686935765995533,6.510871363324382,-304.29216317541955,-4.9137519256127895,-302.6950437377079,1.0,0.12694405733244454,-5.932859006483417,-0.09580462757659346,-5.901719576727565,0.05490974695266204,0.053562094770650714
off0016,16.0,0.19,163513.0,3.0,0.2109375,0.3515625,40.0,67.0,1.692,10.0,1.6922764069090659,0.00027640690906594045,76.54932444077791,75.67876667802854,0.04041835581993139,0.037870357604607774,-1.5689053481505388,-0.02605340769639094,-1.557088398242322,7.142464616214638,-295.9003200432332,-4.9137519256127895,-293.6716073526314,1.0,0.13925838603463966,-5.76924118081143,-0.09580462757659346,-5.725787422353385,0.07307839663026472,0.07309945920042793
off0018,18.0,0.21,182365.0,3.0,0.2109375,0.3515625,40.0,67.0,1.692,10.0,1.6922764069090659,0.00027640690906594045,86.48492205993959,85.82089969496562,0.04287919774264768,0.04915176430029622,-1.5409703631263216,-0.02722975262099173,-1.5190483514470172,8.869694111420472,-278.07619828638843,-4.9137519256127895,-274.1202561005808,1.0,0.1729346035223318,-5.4217199032529555,-0.09580462757659346,-5.344589927307218,0.8391016017374047,0.836810541344554
off0020,20.0,0.23,201150.0,3.0,0.2109375,0.3515625,40.0,67.0,1.692,10.0,1.6922764069090659,0.00027640690906594045,277.01336208253133,275.59546271552216,0.13229187233710615,1.1078411205382763,-1.5302784275790313,-0.07801135986801033,-0.5004486669087653,69.78030441371955,-96.38863600073734,-4.9137519256127895,-31.522083512630577,1.0,1.3605237256058682,-1.8793128986695529,-0.09580462757659346,-0.614593800640278,0.9763076406231466,0.9698982473029618
off0022,22.0,0.25,219834.0,3.0,0.2109375,0.3515625,40.0,67.0,1.692,10.0,1.6922764069090659,0.00027640690906594045,319.7279181578763,317.53267137247695,0.17638623234275702,0.154985385825972,-1.5375865505211446,-0.10421507315783202,-1.4868162378530045,7.3075776369781105,-72.49737148845249,-4.9137519256127895,-70.10354577708716,1.0,0.14247763513426084,-1.4134990493780284,-0.09580462757659346,-1.366826041820361,0.18540153147235872,0.1813817407086915
off0024,24.0,0.27,238468.0,3.0,0.2109375,0.3515625,40.0,67.0,1.692,10.0,1.6922764069090659,0.00027640690906594045,321.30637678654165,318.928136639237,0.18341293145492188,0.13580908151765536,-1.5579989890872838,-0.1121989908595013,-1.5343888984291298,5.947755240140575,-68.23252574808807,-4.9137519256127895,-67.19852243356029,1.0,0.11596484403866968,-1.330346304995989,-0.09580462757659346,-1.310186088533913,-0.00035008827739124726,-0.0019042854594062408
off0026,26.0,0.29,257062.0,3.0,0.2109375,0.3515625,40.0,67.0,1.692,10.0,1.6922764069090659,0.00027640690906594045,319.64428095652715,317.0777315282142,0.1841310130312416,0.12613917463648816,-1.5615337331306929,-0.10519908539961016,-1.5405936438938148,5.891844115476963,-72.93779559901672,-4.9137519256127895,-71.95970340915254,1.0,0.11487473111541341,-1.4220861063819485,-0.09580462757659346,-1.4030160028431284,0.016455656293688392,0.01465501151462223
off0028,28.0,0.31,275604.0,3.0,0.2109375,0.3515625,40.0,67.0,1.692,10.0,1.6922764069090659,0.00027640690906594045,325.23768533826825,322.4292654343968,0.18687333657090724,0.10969782978999376,-1.563467160245714,-0.09714529124267174,-1.550914621698392,5.548677815166754,-79.08247194502363,-4.9137519256127895,-78.44754605546966,1.0,0.10818393351395393,-1.5418903695640953,-0.09580462757659346,-1.5295110636267346,0.39621211435560166,0.38626962737521175
off0030,30.0,0.33,294208.0,3.0,0.2109375,0.3515625,40.0,67.0,1.692,10.0,1.6922764069090659,0.00027640690906594045,414.3006134457557,409.35877230048897,0.13352410549000027,-2.067399879122104,-1.4972010440298342,-0.06796582387727587,-3.6325667470292142,-149.46762295401834,-108.24373329771144,-4.9137519256127895,-262.6251081773426,1.0,-2.9142069377225677,-2.1104546409908735,-0.09580462757659346,-5.120466206290035,3.5191901110459676,3.442718878495487
off0032,32.0,0.35000000000000003,312821.0,3.0,0.2109375,0.3515625,40.0,67.0,1.692,10.0,1.6922764069090659,0.00027640690906594045,1165.9833798149436,1144.9057395821278,0.0043760706574868065,-0.0125062893646498,-1.5779647905157184,-0.003002135285512097,-1.5934732151658801,-20.469698265891516,-2582.7375486255546,-4.9137519256127895,-2608.120998817059,1.0,-0.3991027322211452,-50.356268024926266,-0.09580462757659346,-50.851175384724,3.5697742369566536,3.4932374527458214
off0034,34.0,0.37,331404.0,3.0,0.2109375,0.3515625,40.0,67.0,1.692,10.0,1.6922764069090659,0.00027640690906594045,1267.1310162576783,1243.904294283617,0.0034280582173349125,0.00035304673351926885,-1.5878320068722127,-0.00240175042805113,-1.5898807105667445,0.722299888614689,-3248.5525932221703,-4.9137519256127895,-3252.744045259168,1.0,0.01408285824659644,-63.337827401169456,-0.09580462757659346,-63.419549170499444,0.5396174205222115,0.5270923209019065
off0036,36.0,0.39,349938.0,3.0,0.2109375,0.3515625,40.0,67.0,1.692,10.0,1.6922764069090659,0.00027640690906594045,1294.8996954026275,1270.8297690908043,0.003342526563691106,0.00172102740198498,-1.589120743312842,-0.002331701672329856,-1.589731417583187,3.626836919530132,-3348.861136545972,-4.9137519256127895,-3350.1480515520548,1.0,0.07071332977667392,-65.2935676952196,-0.09580462757659346,-65.31865899301951,0.1760278278900076,0.17069329304698044
off0038,38.0,0.41000000000000003,368549.0,3.0,0.2109375,0.3515625,40.0,67.0,1.692,10.0,1.6922764069090659,0.00027640690906594045,1309.1846234049826,1284.6834641144394,0.003319935664335738,0.0018474745285613978,-1.5914256105088471,-0.002302530354524845,-1.5918806663348104,3.9426327233425376,-3396.207412744872,-4.9137519256127895,-3397.178531947142,1.0,0.07687047808869936,-66.21668966536433,-0.09580462757659346,-66.23562381485222,0.10824845041649223,0.10479713075105668
off0040,40.0,0.43,387173.0,3.0,0.2109375,0.3515625,40.0,67.0,1.692,10.0,1.6922764069090659,0.00027640690906594045,1320.760594004206,1295.866136462919,0.0033115329478772843,0.0019040041877805697,-1.5973899657969453,-0.0022855137906391105,-1.5977714753998038,4.093523426723833,-3434.3166304826277,-4.9137519256127895,-3435.136858981517,1.0,0.07981243117486629,-66.95971443907544,-0.09580462757659346,-66.97570663547718,0.10601689150586147,0.10227304467469267
off0042,42.0,0.45,405735.0,3.0,0.2109375,0.3515625,40.0,67.0,1.692,10.0,1.6922764069090659,0.00027640690906594045,1334.5123954953801,1309.1168193064134,0.0032971203841343365,0.0018831080802946265,-1.6018762192077474,-0.002265052025264675,-1.6022581631527175,4.085171489429026,-3475.0735386776114,-4.9137519256127895,-3475.9021191137954,1.0,0.07964959140310222,-67.75436188361587,-0.09580462757659346,-67.77051691978937,0.13494224530844257,0.13028691665542969
off0044,44.0,0.47000000000000003,424378.0,3.0,0.2109375,0.3515625,40.0,67.0,1.692,10.0,1.6922764069090659,0.00027640690906594045,1352.998724984964,1326.9920946431484,0.0032425155031276767,0.0017594090103003612,-1.6048069019807043,-0.002219191945928203,-1.6052666849163322,3.8956970027610183,-3553.375821912569,-4.9137519256127895,-3554.3938768354205,1.0,0.07595536082221449,-69.28104072237034,-0.09580462757659346,-69.30088998912471,0.16101279773493715,0.1558816420943181
off0046,46.0,0.49,443047.0,3.0,0.2109375,0.3515625,40.0,67.0,1.692,10.0,1.6922764069090659,0.00027640690906594045,1372.9788642509022,1346.3574386828413,0.0031478542339098362,0.0016890384112222268,-1.606542842127216,-0.0021488304268405304,-1.6070026341428343,3.862340946921592,-3673.6975079457466,-4.9137519256127895,-3674.7489189244375,1.0,0.07530500961289459,-71.62698217287586,-0.09580462757659346,-71.64748179083955,0.1607657091487189,0.15567170233606387
off0048,48.0,0.51,461625.0,3.0,0.2109375,0.3515625,40.0,67.0,1.692,10.0,1.6922764069090659,0.00027640690906594045,1391.4061634924851,1364.1825587445608,0.003057560158547456,0.001649952365862968,-1.6080371750264892,-0.0020822756391245746,-1.6084694982997507,3.8935559071022197,-3794.644482593712,-4.9137519256127895,-3795.664678612222,1.0,0.07591361535453472,-73.98511502900676,-0.09580462757659346,-74.00500604122881,0.14668698463336316,0.14174022743201853
off0050,50.0,0.53,480378.0,3.0,0.2109375,0.3515625,40.0,67.0,1.692,10.0,1.6922764069090659,0.00027640690906594045,1408.022850757676,1380.219629183313,0.002978271106747303,0.0016081532130054685,-1.6093561374167555,-0.002023262820352929,-1.609771247024103,3.9056052765836986,-3908.5267320085045,-4.913751925612789,-3909.5348786575337,1.0,0.07614854486932945,-76.20550520293853,-0.09580462757659343,-76.2251612856458,0.13184344911736012,0.12707748032674981
off0052,52.0,0.55,499059.0,3.0,0.2109375,0.3515625,40.0,67.0,1.692,10.0,1.6922764069090659,0.00027640690906594045,1422.903982221417,1394.541772392699,0.0029076430523565003,0.0015683386751430411,-1.6113824080002837,-0.001970711670664328,-1.611784780995805,3.910479295228048,-4017.8040897991073,-4.9137519256127895,-4018.807362429492,1.0,0.07624357480736708,-78.33611267441303,-0.09580462757659346,-78.35567372718226,0.11828927980455362,0.11382291744816264
off0054,54.0,0.5700000000000001,517736.0,3.0,0.2109375,0.3515625,40.0,67.0,1.692,10.0,1.6922764069090659,0.00027640690906594045,1436.2825353897365,1407.412285663265,0.0028467479273411203,0.0015420481560968133,-1.6140671556865758,-0.0019232178366728032,-1.6144483253671518,3.939877195355631,-4123.883131223575,-4.9137519256127895,-4124.857005953832,1.0,0.07681675288308074,-80.40436178653844,-0.09580462757659346,-80.42334966123195,0.10585391229904939,0.10185968446441418
off0056,56.0,0.59,536486.0,3.0,0.2109375,0.3515625,40.0,67.0,1.692,10.0,1.6922764069090659,0.00027640690906594045,1448.1928180616856,1418.8763745176054,0.0027944571607192103,0.0015190308191148083,-1.6172572600863993,-0.0018820097516643454,-1.6176202390189487,3.9660477879509863,-4222.507863698951,-4.9137519256127895,-4223.455567836612,1.0,0.0773270073515629,-82.32727240711606,-0.09580462757659346,-82.34575002734108,0.09408048925614576,0.09049281626808003
off0058,58.0,0.61,555108.0,3.0,0.2109375,0.3515625,40.0,67.0,1.692,10.0,1.6922764069090659,0.00027640690906594045,1458.7586630726635,1429.0313068748937,0.002748686758070996,0.001501372737459157,-1.6209391317920054,-0.0018450536852910606,-1.6212828127398373,3.9984599031267125,-4316.889445353789,-4.9137519256127895,-4317.804737376275,1.0,0.0779589543180335,-84.1674532744894,-0.09580462757659346,-84.18529894774797,0.08299426713794578,0.07954782220814405
off0060,60.0,0.63,573907.0,3.0,0.2109375,0.3515625,40.0,67.0,1.692,10.0,1.6922764069090659,0.00027640690906594045,1468.020412070733,1437.8806018870143,0.0027086800327744097,0.0014850703777018331,-1.6252161156377238,-0.0018121440725664005,-1.6255431893325885,4.0268693524838435,-4406.8840544460545,-4.9137519256127895,-4407.770937019183,1.0,0.07851286032641967,-85.92210026084706,-0.09580462757659346,-85.93939202809723,0.07211813903226894,0.06869190824071225
off0062,62.0,0.65,592558.0,3.0,0.2109375,0.3515625,40.0,67.0,1.692,10.0,1.6922764069090659,0.00027640690906594045,1475.987915534682,1445.4420219191004,0.0026743034333934265,0.001471520290719723,-1.629605433496689,-0.0017831009371009517,-1.6299170141430703,4.055118536283378,-4490.759143367592,-4.9137519256127895,-4491.617776756922,1.0,0.07906364159788559,-87.55743346014759,-0.09580462757659346,-87.57417444612632,0.06103195064489153,0.05785645216843527
off0064,64.0,0.67,611285.0,3.0,0.2109375,0.3515625,40.0,67.0,1.692,10.0,1.6922764069090659,0.00027640690906594045,1482.601138917273,1451.7026920621456,0.002645826470135186,0.0014616358560084752,-1.6332617319863667,-0.0017582077062832655,-1.6335583038366415,4.084907588756313,-4564.559097254182,-4.9137519256127895,-4565.387941591039,1.0,0.07964444606690105,-88.99632927831466,-0.09580462757659346,-89.01248945982435,0.04972250513098153,0.047184491715848154
off0066,66.0,0.6900000000000001,630000.0,3.0,0.2109375,0.3515625,40.0,67.0,1.692,10.0,1.6922764069090659,0.00027640690906594045,1487.8667799291502,1456.7145468479623,0.002624982687145464,0.0014549144656421445,-1.6355646942360151,-0.00173857873249577,-1.6358483585028687,4.112030489921103,-4622.602943169309,-4.9137519256127895,-4623.404664605,1.0,0.08017326792934484,-90.12802439137602,-0.09580462757659346,-90.14365575102326,0.038768253850242296,0.03688255617099312
off0068,68.0,0.71,648641.0,3.0,0.2109375,0.3515625,40.0,67.0,1.692,10.0,1.6922764069090659,0.00027640690906594045,1491.86299789007,1460.5140518703943,0.002609078636905868,0.0014512504222785536,-1.6371375689153567,-0.001722620456057456,-1.6374089389491355,4.139672515754548,-4669.913127678869,-4.9137519256127895,-4670.6872070887275,1.0,0.08071221129289399,-91.05044267299351,-0.09580462757659346,-91.0655350892772,0.028352946557052228,0.026726714382887096
off0070,70.0,0.73,667418.0,3.0,0.2109375,0.3515625,40.0,67.0,1.692,10.0,1.6922764069090659,0.00027640690906594045,1494.6403889105882,1463.099643798079,0.0025994592845850584,0.0014503310808463912,-1.6387566855876963,-0.0017106938308932365,-1.639017048337743,4.165892816462608,-4707.121563192171,-4.9137519256127895,-4707.869422301322,1.0,0.08122343493265247,-91.77590467454033,-0.09580462757659346,-91.79048586718427,0.02051439022585022,0.01725268599415486
off0072,72.0,0.75,686137.0,3.0,0.2109375,0.3515625,40.0,67.0,1.692,10.0,1.6922764069090659,0.00027640690906594045,1496.763950868729,1464.6357733489288,0.0025943934523707125,0.001447465828267623,-1.641181142948578,-0.0017023568213053173,-1.6414360339416156,4.178024202619929,-4737.1719609637785,-4.9137519256127895,-4737.907688686771,1.0,0.08145996354671044,-92.36180465700195,-0.09580462757659346,-92.37614932103183,0.01716137209910329,0.013291748833860417
off0074,74.0,0.77,704795.0,3.0,0.2109375,0.3515625,40.0,67.0,1.692,10.0,1.6922764069090659,0.00027640690906594045,1498.7402952095817,1466.2750848090825,0.0025937830278401153,0.0014573380792048812,-1.6464643581132206,-0.0016993528436064181,-1.6467063728776221,4.2139558125930705,-4760.822592300576,-4.9137519256127895,-4761.522388413596,1.0,0.0821605309672513,-92.82292682219767,-0.09580462757659346,-92.83657091880701,0.020778272334278647,0.018157143928956287
off0076,76.0,0.79,723552.0,3.0,0.2109375,0.3515625,40.0,67.0,1.692,10.0,1.6922764069090659,0.00027640690906594045,1501.727946121181,1468.9735727006455,0.002604890433492116,0.0014755693494745079,-1.6510810098088182,-0.0017032564946441785,-1.6513086969539879,4.256893635899664,-4763.2300342325425,-4.9137519256127895,-4763.886892522255,1.0,0.0829977002491183,-92.86986530855107,-0.09580462757659346,-92.88267223587853,0.035723037404287616,0.03306869161833781
off0078,78.0,0.81,742313.0,3.0,0.2109375,0.3515625,40.0,67.0,1.692,10.0,1.6922764069090659,0.00027640690906594045,1507.274642301833,1474.175300262868,0.002597989448639627,0.0014405978054364277,-1.654606210921299,-0.0016959563649352762,-1.6548615694807978,4.173892906004663,-4793.946721238724,-4.9137519256127895,-4794.686580258333,1.0,0.08137941464240558,-93.46875609578736,-0.09580462757659346,-93.48318130872156,0.041794707536264575,0.03931370159789438
off0080,80.0,0.8300000000000001,761057.0,3.0,0.2109375,0.3515625,40.0,67.0,1.692,10.0,1.6922764069090659,0.00027640690906594045,1511.7128344915857,1478.3657408726986,0.00258897220918995,0.0014226365103970073,-1.657007578054993,-0.00168653855520843,-1.6572714800998045,4.1448698998443225,-4827.713041174126,-4.9137519256127895,-4828.4819231998945,1.0,0.08081354596640444,-94.12710632490273,-0.09580462757659346,-94.1420974065129,0.037372992113805736,0.035489026191628525
off0082,82.0,0.85,779785.0,3.0,0.2109375,0.3515625,40.0,67.0,1.692,10.0,1.6922764069090659,0.00027640690906594045,1516.203168814444,1482.653741333195,0.0025726696232362873,0.001414985506744959,-1.6588805584881727,-0.0016728487054719864,-1.6591384216868998,4.15631595119088,-4872.7225074027365,-4.9137519256127895,-4873.479943377159,1.0,0.08103671243941331,-95.0046669373904,-0.09580462757659346,-95.01943485252758,0.035424689180982405,0.033822505282372184
off0084,84.0,0.87,798481.0,3.0,0.2109375,0.3515625,40.0,67.0,1.692,10.0,1.6922764069090659,0.00027640690906594045,1520.1759052457353,1486.4460448049342,0.002558416295604951,0.001405255724553002,-1.660782436015527,-0.0016604850894015432,-1.6610376653803756,4.1584703569903025,-4914.631841672478,-4.9137519256127895,-4915.3871232411,1.0,0.08107871741817234,-95.82178351602086,-0.09580462757659346,-95.83650942617928,0.030961144885402803,0.03004958620278675
off0086,86.0,0.89,817216.0,3.0,0.2109375,0.3515625,40.0,67.0,1.692,10.0,1.6922764069090659,0.00027640690906594045,1523.5998846601628,1489.8326829145262,0.002544265978387964,0.0013983415760585732,-1.6618726695663018,-0.0016479571779788094,-1.662122285168222,4.169467328301288,-4955.244067822305,-4.9137519256127895,-4955.988352419617,1.0,0.08129312806748246,-96.6136100592087,-0.09580462757659346,-96.62812155871781,0.025043701173013133,0.024686163421685947
off0088,88.0,0.91,835979.0,3.0,0.2109375,0.3515625,40.0,67.0,1.692,10.0,1.6922764069090659,0.00027640690906594045,1526.158924994763,1492.3436476496302,0.0025337049475832878,0.001394960608898252,-1.6630675168478093,-0.0016373807661226626,-1.6633099370050337,4.1862531427917595,-4990.837429149827,-4.9137519256127895,-4991.564927932648,1.0,0.08162040521337313,-97.30758256286883,-0.09580462757659346,-97.32176678523206,0.01748333412492009,0.016549953401721496
off0090,90.0,0.93,854726.0,3.0,0.2109375,0.3515625,40.0,67.0,1.692,10.0,1.6922764069090659,0.00027640690906594045,1527.7767087096754,1493.7865193448497,0.0025267803064034453,0.0013951872979029792,-1.6652214086954338,-0.0016291142962798911,-1.6654553356938107,4.208178816744873,-5022.658583399377,-4.9137519256127895,-5023.364156508244,1.0,0.08204789546099728,-97.92800741908607,-0.09580462757659346,-97.94176415120167,0.0104045611403345,0.008718647091502163
off0092,92.0,0.9500000000000001,873461.0,3.0,0.2109375,0.3515625,40.0,67.0,1.692,10.0,1.6922764069090659,0.00027640690906594045,1528.6446076960751,1494.4265601302131,0.002524157211295742,0.001395826491554189,-1.6682371543911827,-0.0016236851119638036,-1.6684650130115923,4.22418427080376,-5048.579597957917,-4.9137519256127895,-5049.269165612725,1.0,0.08235995772798174,-98.43339580331524,-0.09580462757659346,-98.44684047316383,0.005776324134433075,0.003969035623231143
off0094,94.0,0.97,892185.0,3.0,0.2109375,0.3515625,40.0,67.0,1.692,10.0,1.6922764069090659,0.00027640690906594045,1529.156690890997,1494.7347345608966,0.0025246460374184925,0.0013958881871050377,-1.6715599982569136,-0.0016203284952467333,-1.6717844385650553,4.233122041270448,-5069.114802527435,-4.9137519256127895,-5069.795432411777,1.0,0.08253421963291487,-98.83377572801942,-0.09580462757659346,-98.84704613596308,0.0032540374891283363,0.0017148481960411743
off0096,96.0,0.99,910890.0,3.0,0.2109375,0.3515625,40.0,67.0,1.692,10.0,1.6922764069090659,0.00027640690906594045,1529.422007587051,1494.8362428106052,0.002525353003699614,0.0013992330102250913,-1.6746563450317808,-0.0016170721474579716,-1.6748741841690138,4.251810229483418,-5088.731416885319,-4.9137519256127895,-5089.393358581448,1.0,0.08289858782628913,-99.21624567386154,-0.09580462757659346,-99.22915171361184,0.00044194444354062057,-0.0007793024052462627
off0098,98.0,1.01,929572.0,3.0,0.2109375,0.3515625,40.0,67.0,1.692,10.0,1.6922764069090659,0.00027640690906594045,1529.2622728221743,1494.5485567412188,0.002529028855469024,0.001401333140609147,-1.677269509049099,-0.0016155716501530467,-1.677483747558643,4.262146725241747,-5101.405610256205,-4.9137519256127895,-5102.057215456577,1.0,0.08310012102160816,-99.46335753341681,-0.09580462757659346,-99.47606203997181,-0.0025134751722504234,-0.003486611631197789
off0100,100.0,1.03,948323.0,3.0,0.2109375,0.3515625,40.0,67.0,1.692,10.0,1.6922764069090659,0.00027640690906594045,1528.8215303856032,1494.0032802184337,0.002534368721011587,0.0014040412162584157,-1.6794065715466937,-0.001615076523336827,-1.6796176068537723,4.271692474221354,-5109.47138143951,-4.9137519256127895,-5110.113440890902,1.0,0.08328623683286104,-99.62061785425365,-0.09580462757659346,-99.63313624499739,-0.004356741337856462,-0.005136880285455447
off0102,102.0,1.05,967067.0,3.0,0.2109375,0.3515625,40.0,67.0,1.692,10.0,1.6922764069090659,0.00027640690906594045,1528.2214334795497,1493.3213397262916,0.002540821786393278,0.001406658675050583,-1.6811177694031647,-0.001615339841771252,-1.6813264505698855,4.278958269010825,-5113.8438259089635,-4.9137519256127895,-5114.478619565565,1.0,0.08342789981756016,-99.70586847747128,-0.09580462757659346,-99.7182452052303,-0.00523509997351379,-0.005850842011493107
off0104,104.0,1.07,985802.0,3.0,0.2109375,0.3515625,40.0,67.0,1.692,10.0,1.6922764069090659,0.00027640690906594045,1527.5708483752535,1492.6054954796139,0.0025476807750310585,0.0014086339188352504,-1.6825230240781697,-0.0016160396182101238,-1.6827304297775445,4.28311135021952,-5115.902268911446,-4.9137519256127895,-5116.532909486839,1.0,0.08350887346143102,-99.74600244602036,-0.09580462757659346,-99.75829820013551,-0.005274984437305896,-0.005760957665101429
off0106,106.0,1.09,1004531.0,3.0,0.2109375,0.3515625,40.0,67.0,1.692,10.0,1.6922764069090659,0.00027640690906594045,1526.9612229441266,1491.9450286432973,0.002554939833111989,0.001409935563829505,-1.6836799709550105,-0.0016169938844312099,-1.6838870292756123,4.284539142950555,-5116.398880077414,-4.9137519256127895,-5117.028092860076,1.0,0.08353671148681857,-99.75568499583692,-0.09580462757659346,-99.76795291192668,-0.0036350730343981397,-0.004224969996309724
off0108,108.0,1.11,1023254.0,3.0,0.2109375,0.3515625,40.0,67.0,1.692,10.0,1.6922764069090659,0.00027640690906594045,1526.7024178823438,1491.5961367289908,0.002562658300403587,0.0014099947038246144,-1.685620451882806,-0.0016187434585378075,-1.685829200637519,4.280087838798339,-5116.759358998816,-4.9137519256127895,-5117.39302308563,1.0,0.08344992331700676,-99.7627133418619,-0.09580462757659346,-99.77506804612148,-0.0020945099803970635,-0.002743951922702159
off0110,110.0,1.1300000000000001,1041967.0,3.0,0.2109375,0.3515625,40.0,67.0,1.692,10.0,1.6922764069090659,0.00027640690906594045,1526.460837857646,1491.2894898141724,0.002565551430658958,0.001412848574533894,-1.687408829128896,-0.0016177950287932516,-1.6876137755831553,4.291265135666589,-5125.190914706266,-4.9137519256127895,-5125.813401496212,1.0,0.0836678498179752,-99.92710545336288,-0.09580462757659346,-99.93924223112148,-0.0021532435842122055,-0.002714474163371783
off0112,112.0,1.1500000000000001,1060673.0,3.0,0.2109375,0.3515625,40.0,67.0,1.692,10.0,1.6922764069090659,0.00027640690906594045,1526.1880011513738,1490.9476402301912,0.0025707546013484027,0.0014130295809410207,-1.6889507904987542,-0.001618151674656903,-1.6891559125924702,4.290868979120241,-5128.743695079234,-4.9137519256127895,-5129.366578025728,1.0,0.08366012585653809,-99.99637488447101,-0.09580462757659346,-100.00851938619108,-0.0008515127875368123,-0.0014603487039428487
off0114,114.0,1.17,1079369.0,3.0,0.2109375,0.3515625,40.0,67.0,1.692,10.0,1.6922764069090659,0.00027640690906594045,1526.2574087482992,1490.9406078707332,0.0025753154046267435,0.0014111484582899972,-1.6903548615076238,-0.0016182319567607274,-1.6905619450060947,4.2849440868341855,-5132.752706434257,-4.9137519256127895,-5133.3815142730355,1.0,0.08354460677712788,-100.07453956303694,-0.09580462757659346,-100.08679958383641,0.0014682680432462902,0.000852044352993353
off0116,116.0,1.19,1098060.0,3.0,0.2109375,0.3515625,40.0,67.0,1.692,10.0,1.6922764069090659,0.00027640690906594045,1526.5387750501243,1491.151196332214,0.0025771991857845645,0.0014105418122700025,-1.6917861331425537,-0.0016168276135220172,-1.6919924189438056,4.286822224108863,-5141.56073283878,-4.9137519256127895,-5142.187662540283,1.0,0.08358122528063847,-100.24627181613901,-0.09580462757659346,-100.25849521843496,0.0020937968131118367,0.0015174817902181559
off0118,118.0,1.21,1116999.0,3.0,0.2109375,0.3515625,40.0,67.0,1.692,10.0,1.6922764069090659,0.00027640690906594045,1526.7576234568508,1491.3031390899387,0.002579163706458004,0.0014100317458249842,-1.692666640606851,-0.001615528898960641,-1.6928721377599865,4.288716971067616,-5148.372133765885,-4.9137519256127895,-5148.99716872043,1.0,0.083618167627237,-100.37907537215386,-0.09580462757659346,-100.39126183210321,0.0011777895192581767,0.0006027090306703897
off0120,120.0,1.23,1136054.0,3.0,0.2109375,0.3515625,40.0,67.0,1.692,10.0,1.6922764069090659,0.00027640690906594045,1526.8201527069346,1491.295185433845,0.0025813636814881902,0.0014112539892745177,-1.6932950653751835,-0.0016142978577623035,-1.6934981092436712,4.295707867034453,-5154.211069604901,-4.9137519256127895,-5154.829113663479,1.0,0.08375447084210597,-100.4929185376146,-0.09580462757659346,-100.50496869434907,0.002039511127243543,0.00143635686230148
off0122,122.0,1.25,1155099.0,3.0,0.2109375,0.3515625,40.0,67.0,1.692,10.0,1.6922764069090659,0.00027640690906594045,1527.2448691426366,1491.6462893062119,0.002591217510679138,0.001449181046612319,-1.6941947612256987,-0.0016177875659914873,-1.6943633677450778,4.401638576068961,-5145.825660511772,-4.9137519256127895,-5146.337773861315,1.0,0.08581982788121002,-100.32942615798162,-0.09580462757659346,-100.33941095767699,0.022933770293213307,0.02173911493317071
off0124,124.0,1.27,1174135.0,3.0,0.2109375,0.3515625,40.0,67.0,1.692,10.0,1.6922764069090659,0.00027640690906594045,1532.2991032676377,1496.4887290348086,0.0025849468330634536,0.0013746089358036562,-1.6950047582836554,-0.001610462851994721,-1.6952406121998462,4.194127978117376,-5171.7013432647955,-4.9137519256127895,-5172.420967212291,1.0,0.08177394281091956,-100.83393069687006,-0.09580462757659346,-100.84796138163573,0.034625839236657185,0.0330640268687068
off0126,126.0,1.29,1193151.0,3.0,0.2109375,0.3515625,40.0,67.0,1.692,10.0,1.6922764069090659,0.00027640690906594045,1535.5170921079393,1499.5453903364953,0.0025614020943979555,0.0013817143116997,-1.6962708447985937,-0.0015938523590197128,-1.6964829828459138,4.259742956328102,-5229.502019318989,-4.9137519256127895,-5230.156028288275,1.0,0.08305325414899468,-101.96088466745675,-0.09580462757659346,-101.97363604088437,0.017994404225460947,0.016851870264851243
off0128,128.0,1.31,1212037.0,3.0,0.2109375,0.3515625,40.0,67.0,1.692,10.0,1.6922764069090659,0.00027640690906594045,1536.5980235873283,1500.5146943626216,0.0025568082806770413,0.001387641018786863,-1.6979641227332942,-0.0015889022686021513,-1.6981653839831095,4.291342433617323,-5251.030628235116,-4.9137519256127895,-5251.653037727111,1.0,0.08366935691509662,-102.38063324057879,-0.09580462757659346,-102.39276851124028,0.007785637518467503,0.006912810869378561
off0130,130.0,1.33,1230907.0,3.0,0.2109375,0.3515625,40.0,67.0,1.692,10.0,1.6922764069090659,0.00027640690906594045,1537.377105638286,1501.1968828082772,0.002555961821143733,0.0013868656256183429,-1.6998180327805594,-0.0015864022778087562,-1.7000175694327497,4.2957033873282455,-5265.04799482753,-4.9137519256127895,-5265.6660433658135,1.0,0.0837543835001743,-102.65393327817141,-0.09580462757659346,-102.66598352224781,0.005815217878570422,0.004989427105403621
off0132,132.0,1.35,1249767.0,3.0,0.2109375,0.3515625,40.0,67.0,1.692,10.0,1.6922764069090659,0.00027640690906594045,1537.9872976076508,1501.706684344523,0.0025527110297855283,0.001379626408397075,-1.701335253876709,-0.0015825005575341297,-1.701538128025846,4.283816450245502,-5282.740242996284,-4.9137519256127895,-5283.37017847165,1.0,0.08352262096973345,-102.99888338400908,-0.09580462757659346,-103.01116539061593,-0.0007723578346769955,-0.0014264301070756602
off0134,134.0,1.37,1268625.0,3.0,0.2109375,0.3515625,40.0,67.0,1.692,10.0,1.6922764069090659,0.00027640690906594045,1537.192586898573,1500.8561041253547,0.0025516263106088203,0.0013866632639070176,-1.702807788628003,-0.0015801158978803584,-1.7030012412619764,4.31216424841992,-5295.291985571076,-4.9137519256127895,-5295.893573248269,1.0,0.08407532494987545,-103.24360779033232,-0.09580462757659346,-103.25533709295902,-0.012366334172979165,-0.012644008030254561
off0136,136.0,1.3900000000000001,1287474.0,3.0,0.2109375,0.3515625,40.0,67.0,1.692,10.0,1.6922764069090659,0.00027640690906594045,1535.0329410982488,1498.6859906687257,0.002559505737476123,0.0014024176343250608,-1.704244195973908,-0.0015834541028776823,-1.7044252324424607,4.351962168435786,-5288.585999721963,-4.9137519256127895,-5289.14778947914,1.0,0.08485127476646444,-103.11285953797156,-0.09580462757659346,-103.12381289078168,-0.01444224301761654,-0.014610104924081213
off0138,138.0,1.41,1306313.0,3.0,0.2109375,0.3515625,40.0,67.0,1.692,10.0,1.6922764069090659,0.00027640690906594045,1533.7422891731005,1497.3657036572984,0.002570576595512478,0.0013997961047456167,-1.7054782398713413,-0.0015882589196291761,-1.705666702686225,4.330686086601659,-5276.404798793847,-4.9137519256127895,-5276.987864632857,1.0,0.08443644977585334,-102.87535967309827,-0.09580462757659346,-102.886727850899,-0.00796658323615329,-0.008291934470657125
off0140,140.0,1.43,1325149.0,3.0,0.2109375,0.3515625,40.0,67.0,1.692,10.0,1.6922764069090659,0.00027640690906594045,1533.1296990612634,1496.7050211885019,0.0025758106137575465,0.0013986337173605423,-1.7065932899249046,-0.0015894661465091968,-1.7067841223540532,4.323803395876587,-5275.844397833385,-4.9137519256127895,-5276.434346363122,1.0,0.08430225626514651,-102.86443339799865,-0.09580462757659346,-102.8759357693101,-0.0046704530561756386,-0.005081406605691896
off0142,142.0,1.45,1343992.0,3.0,0.2109375,0.3515625,40.0,67.0,1.692,10.0,1.6922764069090659,0.00027640690906594045,1532.6265031046212,1496.1517394806513,0.0025797122844994098,0.001399603004549256,-1.707667883162445,-0.001589935180591974,-1.7078582153384876,4.325523482118784,-5277.609082196906,-4.9137519256127895,-5278.197310640399,1.0,0.08433579320887667,-102.89883988224871,-0.09580462757659346,-102.91030871661643,-0.0040403514619953285,-0.0044561777315559326
off0144,144.0,1.47,1362857.0,3.0,0.2109375,0.3515625,40.0,67.0,1.692,10.0,1.6922764069090659,0.00027640690906594045,1532.1644462648364,1495.6404261756127,0.002583680138648905,0.0014013895722069236,-1.708706432381781,-0.0015904880931549511,-1.7088955309027292,4.329539302181112,-5278.982947786804,-4.9137519256127895,-5279.567160410235,1.0,0.08441409063848042,-102.9256264769269,-0.09580462757659346,-102.937017013865,-0.003162119619797288,-0.003589635184968465
off0146,146.0,1.49,1381719.0,3.0,0.2109375,0.3515625,40.0,67.0,1.692,10.0,1.6922764069090659,0.00027640690906594045,1531.8710626845598,1495.294164234281,0.0025870832065503393,0.0014004299004424237,-1.7097129018632253,-0.0015906946562956673,-1.7099031666190785,4.326012596289018,-5281.406478940176,-4.9137519256127895,-5281.9942182694995,1.0,0.08434532958792695,-102.97287865877979,-0.09580462757659346,-102.98433795676844,-0.0022859955921257225,-0.002723205817535934
off0148,148.0,1.51,1400583.0,3.0,0.2109375,0.3515625,40.0,67.0,1.692,10.0,1.6922764069090659,0.00027640690906594045,1531.6183146575556,1494.9898436569015,0.002589582006844508,0.001400675003805689,-1.7107316926722174,-0.001590435395399655,-1.7109214530638115,4.3274750530677215,-5285.415033763501,-4.9137519256127895,-5286.001310636047,1.0,0.08437384346676163,-103.05103443623514,-0.09580462757659346,-103.06246522034499,-0.0022477302673715727,-0.002683846917664212
off0150,150.0,1.53,1419567.0,3.0,0.2109375,0.3515625,40.0,67.0,1.692,10.0,1.6922764069090659,0.00027640690906594045,1531.3340727848934,1494.6529846817532,0.0025921982651291543,0.0014010096739699787,-1.711139153654172,-0.0015902873618569512,-1.711328431342059,4.328911961693232,-5287.166026045517,-4.9137519256127895,-5287.750866009437,1.0,0.08440185922698165,-103.08517396261084,-0.09580462757659346,-103.09657673096045,-0.002741265400291404,-0.0031532702537040436
off0152,152.0,1.55,1438573.0,3.0,0.2109375,0.3515625,40.0,67.0,1.692,10.0,1.6922764069090659,0.00027640690906594045,1530.963417647167,1494.2365173785054,0.0025945969082466123,0.001401944168033839,-1.7116793663352923,-0.0015899625771936975,-1.7118673847444523,4.3326842745171525,-5289.915563425918,-4.9137519256127895,-5290.496631077013,1.0,0.08447540893617927,-103.13878236790377,-0.09580462757659346,-103.15011158654418,-0.0025190223523985367,-0.00290551537847783
off0154,154.0,1.57,1457577.0,3.0,0.2109375,0.3515625,40.0,67.0,1.692,10.0,1.6922764069090659,0.00027640690906594045,1530.7322703444904,1493.958847829918,0.002601431003171749,0.0014202301874964227,-1.7124612396356065,-0.001592333687086056,-1.712633343135196,4.382661043486927,-5284.451231572774,-4.9137519256127895,-5284.982322454901,1.0,0.0854498182696406,-103.03224294831757,-0.09580462757659346,-103.04259775762453,0.008312006687688722,0.0076143722174881745
off0156,156.0,1.59,1476578.0,3.0,0.2109375,0.3515625,40.0,67.0,1.692,10.0,1.6922764069090659,0.00027640690906594045,1532.9491824437891,1496.0556150845096,0.002600787728286353,0.0013845298673514847,-1.7131125550160184,-0.00158960856633817,-1.7133176337150053,4.279818595491559,-5295.523875662494,-4.9137519256127895,-5296.157808992615,1.0,0.0834446738141576,-103.24812900837166,-0.09580462757659346,-103.2604889621341,0.01457129109136801,0.013683136713218857
off0158,158.0,1.61,1495579.0,3.0,0.2109375,0.3515625,40.0,67.0,1.692,10.0,1.6922764069090659,0.00027640690906594045,1534.2133980646386,1497.2277926483482,0.0025902413022110805,0.0013903209871105257,-1.7139037046390808,-0.0015816717173868355,-1.7140950553693572,4.319285950766841,-5324.554733076416,-4.9137519256127895,-5325.149199051261,1.0,0.0842141785288487,-103.8141507621913,-0.09580462757659346,-103.82574121123905,0.0053453267550498396,0.004736635512701426
off0160,160.0,1.6300000000000001,1514577.0,3.0,0.2109375,0.3515625,40.0,67.0,1.692,10.0,1.6922764069090659,0.00027640690906594045,1534.2261979823284,1497.1872123520482,0.002590211856581069,0.0013950744666309176,-1.7146886083335247,-0.0015800589098250804,-1.714873592776719,4.338477384706999,-5332.430581311628,-4.9137519256127895,-5333.005855852534,1.0,0.08458835862770836,-103.96770810868477,-0.09580462757659346,-103.97892437763367,-0.000980345725704268,-0.001379762721522404
off0162,162.0,1.6500000000000001,1533571.0,3.0,0.2109375,0.3515625,40.0,67.0,1.692,10.0,1.6922764069090659,0.00027640690906594045,1533.97919035719,1496.89816295205,0.0025925850187873785,0.0013957559568138628,-1.7154019856493792,-0.001579923569795412,-1.7155861532623606,4.340968545312448,-5335.106059134328,-4.9137519256127895,-5335.678842514628,1.0,0.08463692939759083,-104.01987255660025,-0.09580462757659346,-104.03104025477924,-0.002303263755518259,-0.002638292363128514
off0164,164.0,1.67,1552567.0,3.0,0.2109375,0.3515625,40.0,67.0,1.692,10.0,1.6922764069090659,0.00027640690906594045,1533.6759409559693,1496.5569159272802,0.0025952847826741067,0.0013965003361023215,-1.7160468060108127,-0.001580002623537975,-1.7162303082982484,4.343066342684945,-5336.844491179189,-4.9137519256127895,-5337.415176762117,1.0,0.08467783066795323,-104.05376719294871,-0.09580462757659346,-104.06489398985734,-0.0028234283653203462,-0.003127198926192065
off0166,166.0,1.69,1571562.0,3.0,0.2109375,0.3515625,40.0,67.0,1.692,10.0,1.6922764069090659,0.00027640690906594045,1533.3046643535065,1496.151065196599,0.002598177482828176,0.0013971706591897892,-1.716646204411879,-0.0015801681854103453,-1.7168292019380997,4.344695761116524,-5338.149236522107,-4.9137519256127895,-5338.7182926866035,1.0,0.08470959983912164,-104.07920613320307,-0.09580462757659346,-104.09030116094057,-0.0033947008988324257,-0.003674727918719256
off0168,168.0,1.71,1590553.0,3.0,0.2109375,0.3515625,40.0,67.0,1.692,10.0,1.6922764069090659,0.00027640690906594045,1532.8649361296682,1495.6790117565624,0.002601351685414829,0.0013981066801568506,-1.7172249877457144,-0.0015805253353504854,-1.717407406400908,4.346624023150759,-5338.742379839645,-4.9137519256127895,-5339.309507742106,1.0,0.0847471956373745,-104.09077079407659,-0.09580462757659346,-104.1018282260158,-0.0038961280562670453,-0.004158649519542479
off0170,170.0,1.73,1609542.0,3.0,0.2109375,0.3515625,40.0,67.0,1.692,10.0,1.6922764069090659,0.00027640690906594045,1532.3738669867616,1495.1575506185093,0.002604777005237142,0.001399049713262518,-1.7177823041323037,-0.0015810529824948254,-1.717964307401536,4.348104268918274,-5338.6927561368475,-4.9137519256127895,-5339.258403793542,1.0,0.08477605635249107,-104.08980326856097,-0.09580462757659346,-104.10083183978507,-0.004265009213384019,-0.0045101957067323895
off0172,172.0,1.75,1628529.0,3.0,0.2109375,0.3515625,40.0,67.0,1.692,10.0,1.6922764069090659,0.00027640690906594045,1531.8460118829216,1494.6015116778424,0.002608376516125352,0.0014000589599102511,-1.7183076943588016,-0.001581688295517329,-1.7184893236944085,4.349493152176559,-5338.180579498591,-4.9137519256127895,-5338.744838272027,1.0,0.0848031357503365,-104.07981723491002,-0.09580462757659346,-104.09081872673627,-0.004536984124985821,-0.004764747134330172
off0174,174.0,1.77,1647517.0,3.0,0.2109375,0.3515625,40.0,67.0,1.692,10.0,1.6922764069090659,0.00027640690906594045,1531.289967069841,1494.019237395281,0.002612082326835231,0.0014011198767375568,-1.7188003847120474,-0.0015823952897629904,-1.7189816601250727,4.350844278211114,-5337.325480403714,-4.9137519256127895,-5337.888388051115,1.0,0.08482947898632179,-104.0631451579379,-0.09580462757659346,-104.07412030652814,-0.00475264009878007,-0.004965747623289829
off0176,176.0,1.79,1666501.0,3.0,0.2109375,0.3515625,40.0,67.0,1.692,10.0,1.6922764069090659,0.00027640690906594045,1530.710591068938,1493.415178799424,0.0026158599111180685,0.0014021717648945026,-1.7192671473021959,-0.0015831444008276947,-1.719448119938129,4.3520503917318445,-5336.2487030760985,-4.9137519256127895,-5336.810404609979,1.0,0.08485299487772574,-104.042150966042,-0.09580462757659346,-104.05310259874085,-0.004916868209337011,-0.005120066538397694
off0178,178.0,1.81,1685482.0,3.0,0.2109375,0.3515625,40.0,67.0,1.692,10.0,1.6922764069090659,0.00027640690906594045,1530.115311638657,1492.7960372379264,0.0026197060847712177,0.0014032931527382109,-1.719716308688125,-0.001583934430110185,-1.7198969499654972,4.353358510545762,-5334.98051604078,-4.9137519256127895,-5335.540909455847,1.0,0.08487849959137236,-104.01742481208561,-0.09580462757659346,-104.02835094007085,-0.005019610220922566,-0.005219937483705195
off0180,180.0,1.83,1704463.0,3.0,0.2109375,0.3515625,40.0,67.0,1.692,10.0,1.6922764069090659,0.00027640690906594045,1529.5113902448772,1492.1681191560453,0.0026235966483162945,0.0014044283819897932,-1.7201586174533245,-0.0015847592818848493,-1.7203389483532197,4.35461255552945,-5333.575146389249,-4.9137519256127895,-5334.134285759333,1.0,0.08490295001427635,-103.99002397498383,-0.09580462757659346,-104.00092565254614,-0.005055783718670438,-0.005256674209145174
