frame,it,time,dt_log,dt_pred,level,block_id,i_cell,j_cell,k_cell,r,theta,phi,rho,p,v_abs,b_abs,v_r,v_theta,v_phi,b_r,b_theta,b_phi,c_s,v_A,cf_r,cf_theta,cf_phi,dr,r_dtheta,r_sintheta_dphi,shell_index,theta_bin,phi_bin,C_r,C_th,C_ph,C_sum,dominant_direction,dominant_physics
off0000,1,1.2130773991046546e-05,1.21417578e-05,1.0465410372889851e-06,1,37,0,0,13,1.000642683695185,0.0026041666666666665,0.3203125,0.09953114504729073,0.2000550556748845,0.05284370970233753,1.9674633857605226,0.05283191956572189,-0.001086670172395695,-0.0002551039835822043,1.8465612711316568,-0.631000915226791,-0.25092128496373345,1.452746757848806,6.236302294553548,6.257428292862286,6.38709522048817,6.400730663416155,0.0012853673903698848,0.005211680644245755,1.3572069670796448e-05,0,0,61,4909.304732409721,1225.7431578647845,471629.3036111499,477764.3515014244,phi,geometry
off0000,1,1.2130773991046546e-05,1.21417578e-05,1.0465506971568214e-06,1,37,0,0,14,1.000642683695185,0.0026041666666666665,0.3255208333333333,0.09953114518163064,0.20005505582517258,0.052850515861756354,1.9673079705109064,0.052838755162582636,-0.0010939719970575813,-0.00021495346487184952,1.8471029683002402,-0.6380789900460738,-0.22664173886106184,1.452746757414076,6.235809667974308,6.256822132925848,6.386244273616787,6.400719488225498,0.0012853673903698848,0.005211680644245755,1.3572069670796592e-05,0,0,62,4908.838465454399,1225.5812820507604,471625.52189541457,477759.94164291973,phi,geometry
off0000,1,1.2130773991046546e-05,1.21417578e-05,1.046583806666953e-06,1,37,0,0,12,1.000642683695185,0.0026041666666666665,0.31510416666666663,0.09953114489394543,0.20005505549264785,0.05283617788530565,1.9675289736352617,0.05282437106675995,-0.0010772977141340796,-0.00029486363634465684,1.8459075479858709,-0.6230341141304421,-0.27499832547255953,1.4527467583062352,6.236510194364453,6.25775534825912,6.3877077278145045,6.400420976012121,0.0012853673903698848,0.005211680644245755,1.3572069670796448e-05,0,0,60,4909.553304841435,1225.8588853832653,471609.41513740795,477744.82732763264,phi,geometry
off0000,1,1.2130773991046546e-05,1.21417578e-05,1.046612573411334e-06,1,37,0,0,15,1.000642683695185,0.0026041666666666665,0.33072916666666663,0.09953114594318012,0.2000550572668042,0.05285674765988826,1.9670636064469147,0.052845025333184935,-0.001099355517554225,-0.00017460859706319704,1.8475327911236787,-0.6442656508316869,-0.2021969057357559,1.452746757090699,6.235035079174624,6.25593971245777,6.385159207811523,6.400388547347684,0.0012853673903698848,0.005211680644245755,1.3572069670796448e-05,0,0,63,4908.156831313032,1225.3741161942032,471598.1652906696,477731.69623817684,phi,geometry
off0000,1,1.2130773991046546e-05,1.21417578e-05,1.0466790495247037e-06,1,37,0,0,11,1.000642683695185,0.0026041666666666665,0.3098958333333333,0.0995311435471255,0.20005505288386485,0.05282817283023326,1.9675040871653469,0.05281636265018464,-0.0010658256081966069,-0.00033421064927415927,1.8451418037093272,-0.6141830017218515,-0.29883657341860176,1.4527467586631155,6.236431353490269,6.257801216433028,6.3880779719178395,6.39979028278344,0.0012853673903698848,0.005211680644245755,1.3572069670796592e-05,0,0,59,4909.582759266385,1225.927725364432,471565.8443165852,477701.35480121605,phi,geometry
off0000,1,1.2130773991046546e-05,1.21417578e-05,1.0467263501995247e-06,1,193,0,0,0,1.000642683695185,0.0026041666666666665,0.3359375,0.09953114677304524,0.20005505878706323,0.05286233265227441,1.966731281189973,0.052850657922271504,-0.00110277662404784,-0.00013436644004834742,1.8478511702055387,-0.6495598451421684,-0.17762317630325436,1.4527467565542431,6.2339816761482565,6.254784231195092,6.383844478867589,6.399739570247064,0.0012853673903698848,0.005211680644245755,1.3572069670796448e-05,0,0,64,4907.26226320573,1225.1225067946734,471547.3831126855,477679.76788268593,phi,geometry
off0000,1,1.2130773991046546e-05,1.21417578e-05,1.0468263522767752e-06,1,37,0,0,10,1.000642683695185,0.0026041666666666665,0.3046875,0.09953114633342101,0.20005505891706604,0.05281977794159372,1.9673887656464781,0.05280797915775132,-0.0010518973289940076,-0.0003738864574007014,1.8442646702672096,-0.6044538912919029,-0.322400177571647,1.4527467602346218,6.236065729612814,6.257565784786009,6.388203823548126,6.398840587633828,0.0012853673903698848,0.005211680644245755,1.3572069670796448e-05,0,0,58,4909.393074090553,1225.9492008458985,471498.7934272595,477634.1357021959,phi,geometry
off0000,1,1.2130773991046546e-05,1.21417578e-05,1.0468920081856212e-06,1,193,0,0,1,1.000642683695185,0.0026041666666666665,0.3411458333333333,0.09953113325499825,0.20005503094980104,0.05286728729548486,1.9663117753158341,0.05285567416015132,-0.0011041605736823573,-9.27603728545627e-05,1.8480582036246924,-0.653962547097638,-0.15295705526307574,1.452746754134874,6.232652384477003,6.25335869376718,6.382304054701505,6.39877431079626,0.0012853673903698848,0.005211680644245755,1.3572069670796592e-05,0,0,65,4906.157115214054,1224.8272008614233,471473.1965263735,477604.18084244896,phi,geometry
off0000,1,1.2130773991046546e-05,1.21417578e-05,1.0470262457365787e-06,1,37,0,0,9,1.000642683695185,0.0026041666666666665,0.29947916666666663,0.09953115612785002,0.20005507943481077,0.05281063027287938,1.9671834210155084,0.05279882880639998,-0.0010393843253631695,-0.000407463759641427,1.8432767661987488,-0.5938548899876293,-0.3456555290284576,1.4527467632525728,6.235414538433259,6.257050257402923,6.3880841588535215,6.39757528842737,0.0012853673903698848,0.005211680644245755,1.3572069670796448e-05,0,0,57,4908.984881274733,1225.9238390274645,471408.0392582865,477542.9479785887,phi,geometry
off0000,1,1.2130773991046546e-05,1.21417578e-05,1.0471119341671308e-06,1,193,0,0,2,1.000642683695185,0.0026041666666666665,0.34635416666666663,0.0995311598278033,0.2000550856321787,0.05287221887962046,1.9658038091820167,0.05286068121190298,-0.0011037034006330631,-4.1831465339206844e-05,1.8481518116176994,-0.6574767240375149,-0.1282335944970745,1.452746758752318,6.231041443670983,6.251657494473901,6.380533118453132,6.397486325379567,0.0012853673903698848,0.005211680644245755,1.3572069670796448e-05,0,0,66,4904.837498539292,1224.4873117656905,471374.54434165754,477503.8691519625,phi,geometry
off0000,1,1.2130773991046546e-05,1.21417578e-05,1.0472788253427778e-06,1,37,0,0,8,1.000642683695185,0.0026041666666666665,0.2942708333333333,0.09953115515167203,0.2000550774964919,0.05280114911969643,1.9668873745085256,0.052789315617507944,-0.0010301979198536772,-0.00043381705992258065,1.8421779604315058,-0.5823957292799343,-0.3685668468784889,1.4527467633388929,6.234476185389505,6.2562529956128445,6.387714885344892,6.395995311598854,0.0012853673903698848,0.005211680644245755,1.3572069670796592e-05,0,0,56,4908.357220276785,1225.8512213941187,471293.56714268535,477427.7755843563,phi,geometry
off0000,1,1.2130773991046546e-05,1.21417578e-05,1.0473751660378728e-06,1,193,0,0,3,1.000642683695185,0.0026041666666666665,0.3515625,0.09953116402260048,0.200055093926471,0.0528742547581021,1.9652143943153162,0.05286277693929959,-0.0011013284488351701,-2.6573263326471462e-05,1.8481385971898454,-0.6601072374249344,-0.10348804907083017,1.452746758254371,6.229173034174572,6.249704713190269,6.378555963616284,6.395898567907033,0.0012853673903698848,0.005211680644245755,1.3572069670796448e-05,0,0,67,4903.319889199854,1224.107486153998,471256.43297666835,477383.8603520222,phi,geometry
off0000,1,1.2130773991046546e-05,1.21417578e-05,1.0475811784248828e-06,1,37,0,0,7,1.000642683695185,0.0026041666666666665,0.2890625,0.09953114029147236,0.20005504667383076,0.05279103622291642,1.966500550048571,0.05277921845548821,-0.001013806864841951,-0.00046882870851229627,1.8409693126230864,-0.5700880404821342,-0.39109593378179414,1.452746759874901,6.23325052667314,6.255173704206718,6.387093126681208,6.394103297175999,0.0012853673903698848,0.005211680644245755,1.3572069670796448e-05,0,0,55,4907.509689386933,1225.7287753422102,471156.74182280106,477289.9802875302,phi,geometry
off0000,1,1.2130773991046546e-05,1.21417578e-05,1.0476844006653743e-06,1,193,0,0,4,1.000642683695185,0.0026041666666666665,0.3567708333333333,0.09953109146497904,0.20005494445329708,0.052877710311548205,1.9645444863269859,0.05286631141845861,-0.0010975745018258736,2.6363070884244378e-05,1.848018021712021,-0.6618625080716746,-0.07875563849288476,1.452746745059027,6.227051885327705,6.247505297831126,6.376377429449689,6.394015279288652,0.0012853673903698848,0.005211680644245755,1.3572069670796592e-05,0,0,68,4901.611520918197,1223.6887559472625,471117.6554094603,477242.9556863258,phi,geometry
off0000,1,1.2130773991046546e-05,1.21417578e-05,1.0479321567726733e-06,1,37,0,0,6,1.000642683695185,0.0026041666666666665,0.28385416666666663,0.09953113408504673,0.20005503379783351,0.052780418427558956,1.9660242252098212,0.052768673916952676,-0.0009876578236169087,-0.0005139595878776074,1.8396525031319844,-0.556945480309025,-0.41320897109749627,1.45274675841805,6.231740905956076,6.2538156729356835,6.386219225903027,6.39190538139777,0.0012853673903698848,0.005211680644245755,1.3572069670796448e-05,0,0,54,4906.444954261534,1225.5560767674424,470998.1230600713,477130.1240911003,phi,geometry
off0000,1,1.2130773991046546e-05,1.21417578e-05,1.0480368643149659e-06,1,193,0,0,5,1.000642683695185,0.0026041666666666665,0.36197916666666663,0.09953118408044832,0.20005513527367405,0.05288134528606496,1.9637802763913295,0.052869974504250176,-0.001091078572206739,0.00010964822493870596,1.8477890875868062,-0.6627102344104203,-0.05407038881319276,1.4527467619993983,6.224626659328496,6.245006066912197,6.373949412122543,6.391786355922822,0.0012853673903698848,0.005211680644245755,1.3572069670796448e-05,0,0,69,4899.669999877727,1223.22162961644,470959.56321985676,477082.4548493509,phi,geometry
off0000,1,1.2130773991046546e-05,1.21417578e-05,1.04833326570946e-06,1,37,0,0,5,1.000642683695185,0.0026041666666666665,0.2786458333333333,0.09953113710164536,0.20005504013899142,0.05276968259293606,1.9654584309705263,0.052758007388582946,-0.0009599515957102635,-0.0005572703826145018,1.8382285760834427,-0.5429833214914374,-0.4348697029289215,1.4527467594269656,6.229947403785377,6.252178854168679,6.385090154118584,6.3894047948379065,0.0012853673903698848,0.005211680644245755,1.3572069670796592e-05,0,0,53,4905.163230991037,1225.3341180383275,470817.0691880534,476947.5665370828,phi,geometry
off0000,1,1.2130773991046546e-05,1.21417578e-05,1.0484527125506313e-06,1,193,0,0,6,1.000642683695185,0.0026041666666666665,0.3671875,0.09953118229752372,0.20005513171507655,0.05288263607661779,1.9629444980136046,0.05287159046038182,-0.0010783079774931922,7.329738967936777e-05,1.8474525239929884,-0.6627232129551638,-0.029465520260182867,1.4527467620902985,6.221977534578352,6.242290394414742,6.371346970595296,6.389289994175345,0.0012853673903698848,0.005211680644245755,1.3572069670796448e-05,0,0,70,4897.558497313045,1222.719831386564,470772.95110805886,476893.22943675844,phi,geometry
off0000,1,1.2130773991046546e-05,1.21417578e-05,1.0487836748216917e-06,1,37,0,0,4,1.000642683695185,0.0026041666666666665,0.2734375,0.0995311376613342,0.20005504152295436,0.05275872787044333,1.964803883797937,0.05274712129411327,-0.0009306298028669252,-0.000598740228823541,1.8366988905698631,-0.5282184149093433,-0.4560447273212923,1.4527467603673703,6.227872656840673,6.250265803215306,6.383705231701328,6.386607366291197,0.0012853673903698848,0.005211680644245755,1.3572069670796448e-05,0,0,52,4903.666431661712,1225.0627575489505,470614.00813934964,476742.7373285603,phi,geometry
off0000,1,1.2130773991046546e-05,1.21417578e-05,1.0488926916411083e-06,1,193,0,0,7,1.000642683695185,0.0026041666666666665,0.3723958333333333,0.09953111170304334,0.2000549858119003,0.052882454704874536,1.9620391542483346,0.05287131656214748,-0.0010742581597988294,0.00015449920518405266,1.8470098950776543,-0.6619118971988838,-0.004972990581755291,1.452746747530241,6.21911005703539,6.2393638701274865,6.368575161788997,6.386531935047409,0.0012853673903698848,0.005211680644245755,1.3572069670796592e-05,0,0,71,4895.281484369184,1222.1872088385846,470575.7183073564,476693.1870005642,phi,geometry
off0000,1,1.2130773991046546e-05,1.21417578e-05,1.0492828257507074e-06,1,37,0,0,3,1.000642683695185,0.0026041666666666665,0.26822916666666663,0.09953113832150637,0.2000550431774744,0.05274746230301496,1.9640607905402454,0.05273592583496897,-0.0008995779978019904,-0.000638486618894713,1.8350651629674342,-0.5126693671536021,-0.47669776230144323,1.4527467615568093,6.225517240717319,6.248076884909976,6.382061618193066,6.383517205626898,0.0012853673903698848,0.005211680644245755,1.3572069670796448e-05,0,0,51,4901.95477024805,1224.7414283218468,470389.2513890368,476515.94758760673,phi,geometry
off0000,1,1.2130773991046546e-05,1.21417578e-05,1.0493923847923195e-06,1,193,0,0,8,1.000642683695185,0.0026041666666666665,0.37760416666666663,0.09953115707205712,0.20005507932148325,0.052882995442386914,1.961047409407705,0.052871980327892525,-0.0010620592611262998,0.0001921803640256174,1.8464661584951547,-0.6602228911938615,0.01937527858989352,1.4527467559503195,6.215965089246652,6.2361640528081,6.365578896574765,6.383455160131875,0.0012853673903698848,0.005211680644245755,1.3572069670796448e-05,0,0,72,4892.792582303043,1221.6099547207164,470351.7956610438,476466.19819806755,phi,geometry
off0000,1,1.2130773991046546e-05,1.21417578e-05,1.0498303382364787e-06,1,37,0,0,2,1.000642683695185,0.0026041666666666665,0.2630208333333333,0.09953114573577881,0.20005505880529978,0.05273654960600002,1.9632296539667031,0.05272507866788627,-0.0008686367858565116,-0.000674695446525323,1.833329094866531,-0.49635642837901023,-0.4967951289383983,1.4527467641903766,6.2228825410594,6.245613321700649,6.380157145573656,6.380139303109598,0.0012853673903698848,0.005211680644245755,1.3572069670796592e-05,0,0,50,4900.029709448354,1224.37006753375,470143.03295877576,476267.43273575784,phi,geometry
off0000,1,1.2130773991046546e-05,1.21417578e-05,1.0499377706930215e-06,1,193,0,0,9,1.000642683695185,0.0026041666666666665,0.3828125,0.09953115453039352,0.2000550741969719,0.05288286290423987,1.9599817932643198,0.05287196785362848,-0.0010487679301198014,0.0002286702041329123,1.8458199578186352,-0.6577087925132005,0.04354833517895482,1.4527467558928338,6.2125874670856485,6.23273784952708,6.362399177580769,6.380104096599255,0.0012853673903698848,0.005211680644245755,1.3572069670796448e-05,0,0,73,4890.127028640368,1220.9972904876292,470107.5754519739,476218.6997711019,phi,geometry
off0000,1,1.2130773991046546e-05,1.21417578e-05,1.050426356633556e-06,1,37,0,0,1,1.000642683695185,0.0026041666666666665,0.2578125,0.09953114946508107,0.20005506681955434,0.052725987029775157,1.9623108554363262,0.0527145595928737,-0.0008438399346679993,-0.0007020323055560904,1.8314929535603772,-0.4793012484203758,-0.5163020120865319,1.4527467660728084,6.21997009314924,6.242876372969434,6.3779896960939935,6.376479008981658,0.0012853673903698848,0.005211680644245755,1.3572069670796448e-05,0,0,49,4897.892213331047,1223.949426577311,469875.35401540436,475997.19565531274,phi,geometry
off0000,1,1.2130773991046546e-05,1.21417578e-05,1.0505277121738934e-06,1,193,0,0,10,1.000642683695185,0.0026041666666666665,0.3880208333333333,0.09953115423562126,0.2000550735303704,0.05288212849051289,1.9588443884501334,0.05287134309253976,-0.0010343566733747912,0.00026589387038535164,1.8450740530129681,-0.654381050032686,0.06751680101275116,1.4527467556237257,6.208982224987345,6.229090152829747,6.35904007121049,6.376484620682275,0.0012853673903698848,0.005211680644245755,1.3572069670796592e-05,0,0,74,4887.288679475954,1220.3499911119955,469843.63249134325,475951.2711619312,phi,geometry
off0000,1,1.2130773991046546e-05,1.21417578e-05,1.0510676975464383e-06,1,37,0,0,0,1.000642683695185,0.0026041666666666665,0.25260416666666663,0.09953114669948068,0.2000550612699294,0.052715612709967635,1.9613069675338997,0.05270423305937829,-0.0008171604574003471,-0.0007293077518435218,1.8295591044524673,-0.4615269294325543,-0.5351928602108457,1.4527467661060713,6.216788138961661,6.239874304962961,6.375563632847568,6.372548000066889,0.0012853673903698848,0.005211680644245755,1.3572069670796448e-05,0,0,48,4895.548607477548,1223.4788024368236,469587.7240839959,475706.75149391027,phi,geometry
off0000,1,1.2130773991046546e-05,1.21417578e-05,1.0511615246604587e-06,1,193,0,0,11,1.000642683695185,0.0026041666666666665,0.39322916666666663,0.09953115557299175,0.20005507625602856,0.05288092481087194,1.9576368765694283,0.05287024741123869,-0.0010186368550973478,0.0003025334443290262,1.844230431986191,-0.6502532855753396,0.09125195252163237,1.4527467557601652,6.2051547124452195,6.225226238046544,6.3555056874905365,6.3726031041946545,0.0012853673903698848,0.005211680644245755,1.3572069670796448e-05,0,0,75,4884.281748933401,1219.6688090172809,469560.339153859,475664.2897118097,phi,geometry
off0000,1,1.2130773991046546e-05,1.21417578e-05,1.0511985977582015e-06,1,37,1,0,13,1.0019331925551165,0.0026041666666666665,0.3203125,0.0986743079249612,0.19833524350356027,0.054542094315474195,1.952665800352421,0.0545405084889805,0.00039990348355539967,0.0001142947302734817,1.8335523561328575,-0.6235799679494297,-0.24927396325688822,1.4527555788047213,6.216212830686161,6.2372647601754725,6.367627483912985,6.3811567752160165,0.00129565032949297,0.005218402044557898,1.358957329765863e-05,1,0,61,4856.098227618743,1220.3021792921359,469571.1138366449,475647.5142435558,phi,geometry
off0000,1,1.2130773991046546e-05,1.21417578e-05,1.0512000984284734e-06,1,37,1,0,14,1.0019331925551165,0.0026041666666666665,0.3255208333333333,0.09867430761571419,0.1983352429253796,0.054545844638852425,1.9525196377808285,0.05454428060299957,0.00040132195121005327,9.778322222029129e-05,1.834092627610556,-0.6306245791422959,-0.22527718358943127,1.4527555789636881,6.21574753927095,6.236686190125575,6.366802985230396,6.381172231345896,0.00129565032949297,0.005218402044557898,1.3589573297658774e-05,1,0,62,4855.654590996428,1220.144452806536,469571.03617576335,475646.8352195663,phi,geometry
off0000,1,1.2130773991046546e-05,1.21417578e-05,1.0512494444600875e-06,1,37,1,0,12,1.0019331925551165,0.0026041666666666665,0.31510416666666663,0.09867430815119958,0.19833524390512375,0.05453763260667296,1.9527231758353967,0.05453602208703266,0.00039813928309221486,0.00013095943792689878,1.8329013454736187,-0.615657442774431,-0.2730684389711196,1.4527555786099728,6.216395475508372,6.237566296074405,6.368215323925406,6.380822826101103,0.00129565032949297,0.005218402044557898,1.358957329765863e-05,1,0,60,4856.327494335405,1220.4144887322582,469547.7662009016,475624.50818396924,phi,geometry
off0000,1,1.2130773991046546e-05,1.21417578e-05,1.0512537717176528e-06,1,37,1,0,15,1.0019331925551165,0.0026041666666666665,0.33072916666666663,0.0986743079047846,0.19833524357864413,0.05454903838295289,1.952285571708715,0.054547494481823174,0.0004022654148740731,8.13436926551512e-05,1.8345223024608175,-0.6367885480839057,-0.20111494301785973,1.4527555792282338,6.215002392662191,6.235833460443276,6.365746177205277,6.380870310141521,0.00129565032949297,0.005218402044557898,1.358957329765863e-05,1,0,63,4854.998923503326,1219.94211796295,469547.60933763545,475622.5503791017,phi,geometry
off0000,1,1.2130773991046546e-05,1.21417578e-05,1.0513526809034293e-06,1,37,1,0,11,1.0019331925551165,0.0026041666666666665,0.3098958333333333,0.09867430683579508,0.1983352411608355,0.054532655774249476,1.9526912048404395,0.05453101829940648,0.0003960186917307214,0.000147506672325818,1.8321396653985806,-0.6068614689606922,-0.29662492380994354,1.452755578242539,6.2162937388967805,6.2375889948033665,6.368562952842544,6.380170513745089,0.00129565032949297,0.005218402044557898,1.3589573297658774e-05,1,0,59,4856.341151524334,1220.4806983348967,469500.9828981622,475577.8047480214,phi,geometry
off0000,1,1.2130773991046546e-05,1.21417578e-05,1.0513594010425507e-06,1,193,1,0,0,1.0019331925551165,0.0026041666666666665,0.3359375,0.09867431039533793,0.19833524861989885,0.05455158473736551,1.9519646103130477,0.05455005938130457,0.0004027928033872734,6.462825739716374e-05,1.8348418356349645,-0.6420707404380445,-0.176823195287336,1.4527555793573157,6.213980549868869,6.234709782056039,6.3644615318462785,6.380252744590949,0.00129565032949297,0.005218402044557898,1.358957329765863e-05,1,0,64,4854.133633338043,1219.6960430228592,469500.93524626136,475574.76492262224,phi,geometry
off0000,1,1.2130773991046546e-05,1.21417578e-05,1.0515082099402195e-06,1,37,1,0,10,1.0019331925551165,0.0026041666666666665,0.3046875,0.09867430979698402,0.19833524739726344,0.05452732856340845,1.9525698174572697,0.05452566170610022,0.00039392972067400366,0.00016308019188413837,1.8312678215869358,-0.5971984003087092,-0.319907999796931,1.4527555792842706,6.215907215029952,6.237332384425905,6.368667883289113,6.3792014898119636,0.00129565032949297,0.005218402044557898,1.358957329765863e-05,1,0,58,4856.138961963768,1220.5004057998704,469430.82246025774,475507.4618280214,phi,geometry
off0000,1,1.2130773991046546e-05,1.21417578e-05,1.05151650658689e-06,1,193,1,0,1,1.0019331925551165,0.0026041666666666665,0.3411458333333333,0.09867429716043075,0.19833522135920428,0.054553668517042304,1.9515575519340467,0.0545521581446432,0.00040299929720285767,4.880569255313865e-05,1.83505141292049,-0.6464719436316482,-0.15243758246063036,1.4527555769454716,6.212685116765143,6.233318328437129,6.362953204374167,6.379321460767021,0.00129565032949297,0.005218402044557898,1.3589573297658774e-05,1,0,65,4853.061310949861,1219.4070424887072,469431.2416386627,475503.70999210124,phi,geometry
off0000,1,1.2130773991046546e-05,1.21417578e-05,1.0517143351938522e-06,1,37,1,0,9,1.0019331925551165,0.0026041666666666665,0.29947916666666663,0.09867432132447365,0.19833527128128017,0.054521490525013115,1.9523593210564416,0.05451979732638329,0.0003876426024661344,0.00018536928531412522,1.8302862556491095,-0.5866763324663881,-0.34288485213219905,1.4527555818983848,6.215236747345702,6.236797311048814,6.368528628159503,6.377918778580724,0.00129565032949297,0.005218402044557898,1.358957329765863e-05,1,0,57,4855.721459073911,1220.4725156054055,469338.07325392123,475414.26722860057,phi,geometry
off0000,1,1.2130773991046546e-05,1.21417578e-05,1.0517247124852128e-06,1,193,1,0,2,1.0019331925551165,0.0026041666666666665,0.34635416666666663,0.0986743118344636,0.19833525212533798,0.054555932091638774,1.9510622238510333,0.05455442536937048,0.0004029013327942272,4.5491991832672174e-05,1.8351479649986489,-0.6499949409344766,-0.12799345553364713,1.4527555816016118,6.211107802942691,6.231651000245783,6.361213905188387,6.378067532299065,0.00129565032949297,0.005218402044557898,1.358957329765863e-05,1,0,66,4851.7761949515725,1219.073722607384,469338.726432992,475409.576350551,phi,geometry
off0000,1,1.2130773991046546e-05,1.21417578e-05,1.0517532678591746e-06,1,33,0,0,15,1.000642683695185,0.0026041666666666665,0.24739583333333331,0.09953114511454073,0.20005505812704535,0.052705758929357895,1.9602192809287113,0.052694422741316,-0.0007889673081965681,-0.0007565493147609491,1.8275297206183208,-0.4430581057258988,-0.5534385824388964,1.4527467662614897,6.213340529652899,6.236610843225278,6.372878957891846,6.368353922270853,0.0012853673903698848,0.005211680644245755,1.3572069670796521e-05,0,0,47,4893.002042129564,1222.958266300765,469280.7085488401,475396.6688572704,phi,geometry
off0000,1,1.2130773991046546e-05,1.21417578e-05,1.0518381067431052e-06,1,193,0,0,12,1.000642683695185,0.0026041666666666665,0.3984375,0.09953115675574892,0.20005507868398614,0.05287932617522136,1.956361391609125,0.05286875544084166,-0.0010017111215678534,0.00033824504557183074,1.8432911376540524,-0.6453413920163144,0.11472647547652869,1.452746755944054,6.201111749352559,6.221152911112077,6.351801327243166,6.368467527017591,0.0012853673903698848,0.005211680644245755,1.3572069670796448e-05,0,0,76,4881.111590008107,1218.9547810031104,469258.25806561916,475358.32443663036,phi,geometry
off0000,1,1.2130773991046546e-05,1.21417578e-05,1.051970788940202e-06,1,37,1,0,8,1.0019331925551165,0.0026041666666666665,0.2942708333333333,0.0986743196088871,0.19833526761092618,0.054515284695109724,1.9520593050429556,0.05451356708766673,0.0003758392648404771,0.00021450784211266932,1.8291952534587077,-0.575304900623503,-0.3655195295021899,1.452755581085239,6.214281715625033,6.235983077464376,6.368142056284545,6.3763242726840765,0.00129565032949297,0.005218402044557898,1.3589573297658774e-05,1,0,56,4855.088214282104,1220.3961751453985,469222.8844024666,475298.3687918941,phi,geometry
off0000,1,1.2130773991046546e-05,1.21417578e-05,1.0519874021364332e-06,1,193,1,0,3,1.0019331925551165,0.0026041666666666665,0.3515625,0.09867431746260397,0.19833526360633522,0.05455537113831271,1.9504869642402978,0.05455388388551144,0.0004027599985794203,7.578174080634365e-06,1.8351395071203978,-0.6526444777141182,-0.10352571075101166,1.4527555822185079,6.209276316017676,6.229735364118691,6.3592713993987955,6.376517336425691,0.00129565032949297,0.005218402044557898,1.358957329765863e-05,1,0,67,4850.297263817661,1218.7014540264627,469221.8640667984,475290.86278464255,phi,geometry
off0000,1,1.2130773991046546e-05,1.21417578e-05,1.0522799603103516e-06,1,37,1,0,7,1.0019331925551165,0.0026041666666666665,0.2890625,0.09867430444689577,0.19833523598323338,0.05450849563951327,1.9516697788438138,0.05450674342751395,0.0003694692724484455,0.0002334743384579726,1.8279958089483523,-0.5630957518067852,-0.3877749636279674,1.4527555768657892,6.213042156079963,6.2348895901087005,6.367505469583589,6.374420766414885,0.00129565032949297,0.005218402044557898,1.358957329765863e-05,1,0,55,4854.238979738815,1220.272965647959,469084.2089833419,475158.72092872864,phi,geometry
off0000,1,1.2130773991046546e-05,1.21417578e-05,1.0522929828799898e-06,1,193,1,0,4,1.0019331925551165,0.0026041666666666665,0.3567708333333333,0.09867427941424542,0.1983351840266922,0.05455640206883409,1.9498328793756305,0.05455491781827327,0.0004024207199498735,2.4702001621320758e-06,1.8350259257342465,-0.6544282560590604,-0.0790681165131095,1.4527555708560396,6.2071952667611345,6.227576204403787,6.357130453812614,6.374674994335731,0.00129565032949297,0.005218402044557898,1.3589573297658774e-05,1,0,68,4848.631593896528,1218.2911205859712,469085.9179245995,475152.840639082,phi,geometry
off0000,1,1.2130773991046546e-05,1.21417578e-05,1.0524816929299983e-06,1,33,0,0,14,1.000642683695185,0.0026041666666666665,0.2421875,0.09953114355216346,0.20005505503544527,0.05269612791643858,1.9590497478953006,0.052684833043844026,-0.0007595430538070707,-0.0007831723165123133,1.8254074430608251,-0.42392067904678765,-0.5710121184557225,1.452746766438452,6.209633489562104,6.233092102235746,6.369937955377455,6.363906764801055,0.0012853673903698848,0.005211680644245755,1.3572069670796521e-05,0,0,46,4890.257044307587,1222.3883106623548,468955.00034255534,475067.6456975253,phi,geometry
off0000,1,1.2130773991046546e-05,1.21417578e-05,1.052556207523328e-06,1,193,0,0,13,1.000642683695185,0.0026041666666666665,0.4036458333333333,0.09953115797169515,0.20005508118761667,0.05287741811146441,1.955020241689938,0.05286695137725519,-0.0009837113243741597,0.0003729748515087664,1.8422583676003959,-0.6396624184465909,0.13791389651070798,1.4527467561604888,6.196860645946626,6.216877470646446,6.347932589499519,6.3640865152398325,0.0012853673903698848,0.005211680644245755,1.3572069670796592e-05,0,0,77,4877.78394644,1218.209006692259,468938.0208374504,475034.01379058266,phi,geometry
off0000,1,1.2130773991046546e-05,1.21417578e-05,1.0526410370304402e-06,1,37,1,0,6,1.0019331925551165,0.0026041666666666665,0.28385416666666663,0.09867430099774734,0.198335228532057,0.054501490338251996,1.9511917170579287,0.05449969485425999,0.00036990526172391686,0.0002426519739703327,1.8266893684887262,-0.5500625134272416,-0.40961725926507564,1.4527555749672436,6.21152037909445,6.23351909996645,6.3666182028722735,6.372213397771795,0.00129565032949297,0.005218402044557898,1.358957329765863e-05,1,0,54,4853.175777203264,1220.103022681804,468922.45327847684,474995.7320783619,phi,geometry
off0000,1,1.2130773991046546e-05,1.21417578e-05,1.0526510710043177e-06,1,193,1,0,5,1.0019331925551165,0.0026041666666666665,0.36197916666666663,0.09867432244694196,0.19833527463459688,0.054555301514885426,1.94908476844349,0.054553850362681414,0.0003972193423243137,2.346870913516056e-05,1.834803339686097,-0.6553174950155656,-0.054654551335472826,1.4527555859165822,6.204812340110271,6.225119609935499,6.3547418157613595,6.372489439341573,0.00129565032949297,0.005218402044557898,1.358957329765863e-05,1,0,69,4846.73473803354,1217.8323902297357,468926.637243911,474991.2043721743,phi,geometry
off0000,1,1.2130773991046546e-05,1.21417578e-05,1.0530515871694665e-06,1,193,1,0,6,1.0019331925551165,0.0026041666666666665,0.3671875,0.09867432278199889,0.19833527541449966,0.054554393494711924,1.9482656636703046,0.054552895305418875,0.00040032167187264414,-5.662094049820755e-05,1.8344750728637393,-0.6553785911313839,-0.030318403073262973,1.4527555863064006,6.20220475114813,6.222445649069575,6.352177977321923,6.37003595365073,0.00129565032949297,0.005218402044557898,1.358957329765863e-05,1,0,70,4844.670202670645,1217.341677538758,468748.5350028423,474810.5468830517,phi,geometry
off0000,1,1.2130773991046546e-05,1.21417578e-05,1.053051655560186e-06,1,37,1,0,5,1.0019331925551165,0.0026041666666666665,0.2786458333333333,0.09867430372993918,0.19833523411234621,0.05449442738649755,1.9506253743486608,0.054492586291178924,0.00036959051787101716,0.00025309747089350944,1.8252771592417034,-0.5362202370619862,-0.4310110211683427,1.4527555752916816,6.2097173696853005,6.231872462686415,6.365478126593301,6.369706260695123,0.00129565032949297,0.005218402044557898,1.3589573297658774e-05,1,0,53,4851.89939436642,1219.8844900710378,468738.7321619171,474810.51604635455,phi,geometry
off0000,1,1.2130773991046546e-05,1.21417578e-05,1.0532518053429197e-06,1,33,0,0,13,1.000642683695185,0.0026041666666666665,0.23697916666666666,0.09953114183475996,0.20005505162440657,0.05268704758351446,1.9577997314016744,0.05267578894693545,-0.0007291428431369902,-0.0008090689709363821,1.8231950132457904,-0.4041418243590481,-0.5878852930256807,1.4527467665869487,6.2056713444437115,6.229322196928353,6.366741035492004,6.359214806551703,0.0012853673903698848,0.005211680644245755,1.3572069670796448e-05,0,0,45,4887.3170682100035,1221.7690631841574,468611.201518347,474720.28764974116,phi,geometry
off0000,1,1.2130773991046546e-05,1.21417578e-05,1.053314502817872e-06,1,193,0,0,14,1.000642683695185,0.0026041666666666665,0.40885416666666663,0.09953115916340857,0.20005508364879893,0.05287526893220091,1.9536158386538087,0.05286490237804367,-0.0009647782623533775,0.00040664987024918324,1.8411344132159735,-0.6332343566094496,0.16078920088213042,1.4527467563996495,6.19240904887568,6.212407553525465,6.34390524020221,6.359469174154421,0.0012853673903698848,0.005211680644245755,1.3572069670796448e-05,0,0,78,4874.3048118721745,1217.432619450689,468600.2929759094,474692.0304072323,phi,geometry
off0000,1,1.2130773991046546e-05,1.21417578e-05,1.053504283551145e-06,1,193,1,0,7,1.0019331925551165,0.0026041666666666665,0.3723958333333333,0.09867428407678697,0.19833519417781081,0.054553425833040424,1.9473777059675403,0.054551960286210455,0.0003982578046318116,-3.591342101571864e-05,1.8340423729810749,-0.6546230983097804,-0.006091220620822087,1.4527555737105518,6.199379198777418,6.219561136761282,6.349445065288223,6.367321386056481,0.00129565032949297,0.005218402044557898,1.3589573297658774e-05,1,0,71,4842.4431763952525,1216.8175753562148,468547.2575194448,474606.5182711963,phi,geometry
off0000,1,1.2130773991046546e-05,1.21417578e-05,1.0535111000880114e-06,1,37,1,0,4,1.0019331925551165,0.0026041666666666665,0.2734375,0.09867430478817235,0.198335236289707,0.05448724214273078,1.9499713902096667,0.05448535281018316,0.00036875141082345474,0.0002644009596407998,1.8237604800415017,-0.5215856740860786,-0.4519231335782475,1.4527555754759482,6.207635410919098,6.229951877837278,6.364084223775702,6.366904835243782,0.00129565032949297,0.005218402044557898,1.358957329765863e-05,1,0,52,4850.411478772028,1219.6172163131446,468533.41872775595,474603.4474228411,phi,geometry
off0000,1,1.2130773991046546e-05,1.21417578e-05,1.054003422942712e-06,1,193,1,0,8,1.0019331925551165,0.0026041666666666665,0.37760416666666663,0.09867431221482764,0.19833525277225367,0.05455119467041365,1.9464048365247206,0.05454973313589725,0.00039611767777141904,-5.045351442288564e-05,1.83350894741104,-0.6530029754644673,0.017995595156493658,1.4527555811708595,6.196281234260881,6.216408601024,6.346492321421878,6.364293276240798,0.00129565032949297,0.005218402044557898,1.358957329765863e-05,1,0,72,4840.008288821203,1216.2513322864063,468325.50149692665,474381.76111803425,phi,geometry
off0000,1,1.2130773991046546e-05,1.21417578e-05,1.0540188635468713e-06,1,37,1,0,3,1.0019331925551165,0.0026041666666666665,0.26822916666666663,0.09867430634377883,0.19833523954034174,0.05447987730456469,1.94922997086283,0.05447793688042181,0.00036750547315563036,0.0002763405514952263,1.8221409980936978,-0.5061772719017427,-0.4723179350671766,1.4527555759295974,6.205275090970634,6.227757727818911,6.362433678575058,6.36381322763196,0.00129565032949297,0.005218402044557898,1.358957329765863e-05,1,0,51,4848.712281158278,1219.3006843318583,468306.7988072837,474374.8117727738,phi,geometry
off0000,1,1.2130773991046546e-05,1.21417578e-05,1.0540622374360664e-06,1,33,0,0,12,1.000642683695185,0.0026041666666666665,0.23177083333333331,0.09953113991843603,0.2000550477987185,0.05267854617285715,1.9564709937201568,0.052667318020345244,-0.0006978845457115479,-0.0008341442264481616,1.8208953379282924,-0.38374990406489623,-0.6040322248932838,1.45274676668162,6.201459681554141,6.225306533180263,6.363289845765203,6.354287538746814,0.0012853673903698848,0.005211680644245755,1.3572069670796521e-05,0,0,44,4884.1863409915995,1221.1008626051232,468250.00439305074,474355.29159664747,phi,geometry
off0000,1,1.2130773991046546e-05,1.21417578e-05,1.0541116323240084e-06,1,193,0,0,15,1.000642683695185,0.0026041666666666665,0.4140625,0.09953116051999951,0.20005508644596554,0.0528729557383654,1.9521506191197293,0.052862683646571124,-0.0009451027628603026,0.0004392117499828057,1.8399216607027205,-0.6260758824652074,0.18332842551524264,1.4527467566554568,6.187764675655526,6.2077508572378495,6.3397249745962725,6.3546248209394784,0.0012853673903698848,0.005211680644245755,1.3572069670796448e-05,0,0,79,4870.680233363342,1216.626748678452,468245.7566780622,474333.063660104,phi,geometry
off0000,1,1.2130773991046546e-05,1.21417578e-05,1.0545481704013493e-06,1,193,1,0,9,1.0019331925551165,0.0026041666666666665,0.3828125,0.09867430841722327,0.19833524521461696,0.05454868238963855,1.945358537281261,0.05454722010429645,0.0003938789931696486,-6.624709684348271e-05,1.832874357013623,-0.6505650247369015,0.041911556449981416,1.4527555814475286,6.192950512773966,6.213029487300643,6.343355973664475,6.360990983839063,0.00129565032949297,0.005218402044557898,1.358957329765863e-05,1,0,73,4837.398304724427,1215.6498864002508,468083.66176087834,474136.70995200303,phi,geometry
off0000,1,1.2130773991046546e-05,1.21417578e-05,1.0545739599918278e-06,1,37,1,0,2,1.0019331925551165,0.0026041666666666665,0.2630208333333333,0.09867431244520056,0.19833525224623708,0.05447263293694109,1.9484018047932297,0.05447064317907931,0.00036414302018964725,0.0002901217003029506,1.8204207014319993,-0.4900150432209013,-0.49216188407531136,1.4527555775485308,6.2026384743798255,6.225291889504844,6.360525002807283,6.360437092133357,0.00129565032949297,0.005218402044557898,1.3589573297658774e-05,1,0,50,4846.803485274764,1218.9342813210487,468059.3771792299,474125.1149458257,phi,geometry
off0000,1,1.2130773991046546e-05,1.21417578e-05,1.0549115477945363e-06,1,33,0,0,11,1.000642683695185,0.0026041666666666665,0.2265625,0.09953113778715317,0.20005504352197864,0.05267069434850362,1.955065425668612,0.05265949013470621,-0.0006658655947241051,-0.0008583501127355733,1.81851149230849,-0.3627744289266436,-0.6194283531641794,1.4527467667073422,6.197004494730746,6.221050913172215,6.359586455449648,6.349134851105946,0.0012853673903698848,0.005211680644245755,1.3572069670796521e-05,0,0,43,4880.869431036026,1220.384124661737,467872.1341139425,473973.38766964024,phi,geometry
off0000,1,1.2130773991046546e-05,1.21417578e-05,1.0549461762120946e-06,1,197,0,0,0,1.000642683695185,0.0026041666666666665,0.4192708333333333,0.09953116186395536,0.20005508922161921,0.052870546741707665,1.9506270814366815,0.052860362766282976,-0.0009248055116343186,0.00047063334955152545,1.8386225538033976,-0.6182064260681004,0.2055089541790447,1.4527467569253638,6.182935450873997,6.202915287743224,6.335397556545085,6.349563101224403,0.0012853673903698848,0.005211680644245755,1.3572069670796592e-05,0,0,80,4866.916414231816,1215.7925234833197,467875.12064114306,473957.8295788582,phi,geometry
off0000,1,1.2130773991046546e-05,1.21417578e-05,1.0551379232318665e-06,1,193,1,0,10,1.0019331925551165,0.0026041666666666665,0.3880208333333333,0.09867430712545905,0.1983352425901273,0.05454579406523003,1.9442412059241785,0.05454433080437189,0.0003913573425848027,-8.041604402140735e-05,1.8321411222889377,-0.6473220314320592,0.06562745198472475,1.4527555813448172,6.189393585423379,6.209430289610426,6.340041504004206,6.357421843363216,0.00129565032949297,0.005218402044557898,1.3589573297658774e-05,1,0,74,4834.618166512638,1215.014252870574,467822.06623827654,473871.69865765976,phi,geometry
off0000,1,1.2130773991046546e-05,1.21417578e-05,1.055175071711274e-06,1,37,1,0,1,1.0019331925551165,0.0026041666666666665,0.2578125,0.0986743167385063,0.19833526114481134,0.05446555529789512,1.9474870762679877,0.054463529425988984,0.00035283940971629857,0.0003101301717895457,1.818601458356587,-0.4731204745173685,-0.5114212202153814,1.4527555785338364,6.199726347568883,6.222554908745656,6.358355359704135,6.356781009232217,0.00129565032949297,0.005218402044557898,1.358957329765863e-05,1,0,49,4844.685556965085,1218.5163474985877,467791.81363253546,473855.01553699916,phi,geometry
off0000,1,1.2130773991046546e-05,1.21417578e-05,1.0557715883065137e-06,1,193,1,0,11,1.0019331925551165,0.0026041666666666665,0.39322916666666663,0.09867430749770886,0.1983352434063539,0.05454256262057325,1.9430545021659429,0.05454109809580757,0.0003884453296283345,-9.415916598570988e-05,1.8313111905674304,-0.6432873735980615,0.08911496316078957,1.4527555815938762,6.185615762336735,6.205616246659132,6.336552999635161,6.353592169026076,0.00129565032949297,0.005218402044557898,1.358957329765863e-05,1,0,75,4831.671942849536,1214.345194344192,467541.26778114133,473587.28491833503,phi,geometry
off0000,1,1.2130773991046546e-05,1.21417578e-05,1.055798234847292e-06,1,33,0,0,10,1.000642683695185,0.0026041666666666665,0.22135416666666666,0.09953113539108102,0.20005503869235888,0.05266354690738949,1.9535850368479633,0.052652359485402166,-0.0006331743404785141,-0.0008816483093353353,1.8160466881183404,-0.3412459591859108,-0.6340505643164062,1.4527467666580496,6.192312155368041,6.216561509963623,6.355633349350738,6.343766976996294,0.0012853673903698848,0.005211680644245755,1.3572069670796448e-05,0,0,42,4877.371183070826,1219.6193430825822,467478.3418595071,473575.3323856605,phi,geometry
off0000,1,1.2130773991046546e-05,1.21417578e-05,1.0558166549491226e-06,1,197,0,0,1,1.000642683695185,0.0026041666666666665,0.42447916666666663,0.09953116319602402,0.20005509197971133,0.052868122497715886,1.9490478043108772,0.05285801885073003,-0.0009040678263373673,0.000500880199991105,1.83723962253645,-0.6096460822647833,0.22730940862704105,1.4527467572182593,6.177929548279083,6.1979089993471845,6.330928874399002,6.344294018315863,0.0012853673903698848,0.005211680644245755,1.3572069670796448e-05,0,0,81,4863.019759976296,1214.931108493064,467489.11937640555,473567.0702448749,phi,geometry
off0000,1,1.2130773991046546e-05,1.21417578e-05,1.055821902007956e-06,1,37,1,0,0,1.0019331925551165,0.0026041666666666665,0.25260416666666663,0.09867431493279667,0.19833525737942645,0.054458844219480336,1.9464878943284156,0.054456781838352515,0.0003414394626198593,0.00032870142237616967,1.8166853257633775,-0.4555164539362468,-0.5300700992476631,1.4527555780360808,6.196545559231574,6.219553643163705,6.355927765220888,6.352855303238879,0.00129565032949297,0.005218402044557898,1.358957329765863e-05,1,0,48,4842.363932757445,1218.0489641100487,467504.3038883241,473564.7167851916,phi,geometry
off0000,1,1.2130773991046546e-05,1.21417578e-05,1.0564479733345448e-06,1,193,1,0,12,1.0019331925551165,0.0026041666666666665,0.3984375,0.09867430782837117,0.19833524414907963,0.05453905012257855,1.9418005119731703,0.054537584071938386,0.0003850946337053829,-0.00010776823502102882,1.8303865769332341,-0.6384766117941892,0.1123468890255339,1.4527555818798892,6.181623737605217,6.201594035948027,6.3328956576618385,6.349509800117661,0.00129565032949297,0.005218402044557898,1.358957329765863e-05,1,0,76,4828.564835443057,1213.6436974802116,467241.864720408,473284.07325333124,phi,geometry
off0000,1,1.2130773991046546e-05,1.21417578e-05,1.0565130034519635e-06,1,33,1,0,15,1.0019331925551165,0.0026041666666666665,0.24739583333333331,0.09867431465207455,0.19833525670644064,0.0544527161790584,1.9454061469337602,0.05445061712133279,0.00032983940376239717,0.00034612187280521484,1.8146748994046584,-0.43722736031224185,-0.5480805792880655,1.4527555776378538,6.193101880035559,6.216293750896277,6.353244116536121,6.348669448713801,0.00129565032949297,0.005218402044557898,1.3589573297658703e-05,1,0,47,4839.843146932672,1217.5324748245146,467197.56621647975,473254.94183823693,phi,geometry
off0000,1,1.2130773991046546e-05,1.21417578e-05,1.056720738964634e-06,1,33,0,0,9,1.000642683695185,0.0026041666666666665,0.21614583333333331,0.0995311327324656,0.20005503331332383,0.05265714829893842,1.9520319563174102,0.05264597008922573,-0.0005998873836927168,-0.0009040107674295057,1.8135042768416851,-0.3191960019930309,-0.6478772327169376,1.4527467665299307,6.187389411884648,6.211844866174972,6.3514334490737605,6.338194470170467,0.0012853673903698848,0.005211680644245755,1.3572069670796521e-05,0,0,41,4873.696721418684,1218.8070931534855,467069.40317127516,473161.90698584734,phi,geometry
off0000,1,1.2130773991046546e-05,1.21417578e-05,1.0567215490633548e-06,1,197,0,0,2,1.000642683695185,0.0026041666666666665,0.4296875,0.0995311645224477,0.20005509473308716,0.05286576245900433,1.9474153972160644,0.0528557298827613,-0.0008830729910615793,0.0005299443601959378,1.8357754577272491,-0.6004154406564182,0.24870966354741803,1.4527467575352273,6.172755238972562,6.192740239603771,6.326324810747455,6.33882777214913,0.0012853673903698848,0.005211680644245755,1.3572069670796448e-05,0,0,82,4858.996747761948,1214.0436676073814,467088.5038374043,473161.54425277363,phi,geometry
off0000,1,1.2130773991046546e-05,1.21417578e-05,1.0571658210107474e-06,1,193,1,0,13,1.0019331925551165,0.0026041666666666665,0.4036458333333333,0.09867430820290118,0.19833524498432203,0.054535334041258404,1.9404815114238612,0.054533866659216966,0.0003812419780509023,-0.0001212466104815356,1.8293694431912648,-0.6329064743532979,0.13529719589700587,1.452755582181806,6.177424754331658,6.1973708900978695,6.329075029866501,6.345183276325736,0.00129565032949297,0.005218402044557898,1.3589573297658774e-05,1,0,77,4825.302486669887,1212.9108140384346,466924.48570327024,472962.6990039786,phi,geometry
off0000,1,1.2130773991046546e-05,1.21417578e-05,1.0572469578068457e-06,1,33,1,0,14,1.0019331925551165,0.0026041666666666665,0.2421875,0.09867431460164712,0.1983352565180045,0.05444692885059058,1.9442435609153235,0.0544447933935824,0.00031779213469134,0.00036268684912346385,1.8125726917916125,-0.41827882415260276,-0.5654255798931644,1.4527555773189451,6.189400847944605,6.212780647195382,6.3503060453042455,6.34423276159428,0.00129565032949297,0.005218402044557898,1.3589573297658703e-05,1,0,46,4837.127192366425,1216.9671449638106,466872.30786977615,472926.4022071064,phi,geometry
off0000,1,1.2130773991046546e-05,1.21417578e-05,1.0573198367899507e-06,1,37,2,0,14,1.0032340254859273,0.0026041666666666665,0.3255208333333333,0.09779576511281428,0.19656944429728732,0.05512393650275367,1.9347653423636577,0.05512393338096257,1.5721306913506688e-05,9.849432870611388e-06,1.8180854854057995,-0.6227351799995992,-0.22379229959761215,1.452755840498327,6.1868313117321385,6.207761875709199,6.3386977789119605,6.352999448779611,0.0013060155321289457,0.005225177216072538,1.3607216953535849e-05,2,0,62,4795.414491649257,1213.1097641475435,466885.28006174293,472893.80431753973,phi,geometry
off0000,1,1.2130773991046546e-05,1.21417578e-05,1.0573253154358002e-06,1,37,2,0,13,1.0032340254859273,0.0026041666666666665,0.3203125,0.09779576563586298,0.1965694453858903,0.05511945669965077,1.934902476910401,0.055119452898141415,1.680189160593305e-05,1.1694899953867262e-05,1.8175466497719406,-0.6157275786257348,-0.24749004015614287,1.4527558406360697,6.187269812606972,6.2083137413854095,6.3394974856867385,6.352956472339652,0.0013060155321289457,0.005225177216072538,1.3607216953535705e-05,2,0,61,4795.833617746859,1213.2630196882374,466882.2573295451,472891.3539669802,phi,geometry
off0000,1,1.2130773991046546e-05,1.21417578e-05,1.057366544607856e-06,1,37,2,0,15,1.0032340254859273,0.0026041666666666665,0.33072916666666663,0.09779576501620622,0.19656944409258909,0.05512782744362409,1.9345416146300176,0.05512782486599928,1.4773163405080881e-05,8.121043545251497e-06,1.8185152525487356,-0.6288735492782888,-0.19992897239032617,1.4527558404594674,6.186115896893027,6.206938801901996,6.337668514124263,6.352728147281235,0.0013060155321289457,0.005225177216072538,1.3607216953535705e-05,2,0,63,4794.787253839281,1212.9126008957332,466865.2149824129,472872.91483714787,phi,geometry
off0000,1,1.2130773991046546e-05,1.21417578e-05,1.0573831353218233e-06,1,37,2,0,12,1.0032340254859273,0.0026041666666666665,0.31510416666666663,0.097795766143897,0.19656944643376503,0.0551142139252974,1.9349521622083208,0.05511420920533413,1.8157726234026562e-05,1.3804748728895583e-05,1.8168986308523205,-0.6078535472268126,-0.27098579365974157,1.4527558407348315,6.187428676038633,6.208591589998232,6.340063342384747,6.35259818057244,0.0013060155321289457,0.005225177216072538,1.3607216953535705e-05,2,0,60,4796.04234797503,1213.3715734289394,466856.08137309103,472865.495294495,phi,geometry
off0000,1,1.2130773991046546e-05,1.21417578e-05,1.0574652236967674e-06,1,193,2,0,0,1.0032340254859273,0.0026041666666666665,0.3359375,0.09779576541809326,0.19656944488738398,0.055131031816841466,1.934232257403732,0.05513102968650943,1.4009201044163792e-05,6.215873814090661e-06,1.818836369318077,-0.6341414562512274,-0.17593550150707618,1.4527558404114365,6.185126647436484,6.205847651920903,6.3364140952310795,6.352144211938985,0.0013060155321289457,0.005225177216072538,1.3607216953535705e-05,2,0,64,4793.954227635673,1212.6723826593673,466822.1613209638,472828.78793125885,phi,geometry
off0000,1,1.2130773991046546e-05,1.21417578e-05,1.0574933082159668e-06,1,37,2,0,11,1.0032340254859273,0.0026041666666666665,0.3098958333333333,0.09779576533986623,0.1965694447871497,0.05510846910675216,1.9349139071888635,0.05510846326160931,1.9784249489344398e-05,1.590022600178049e-05,1.8161415243235113,-0.5991176095594025,-0.29424459515269535,1.4527558406220744,6.187306372761912,6.208593828363692,6.340391989175427,6.351924907771654,0.0013060155321289457,0.005225177216072538,1.3607216953535849e-05,2,0,59,4796.039662265573,1213.434781488739,466806.7562740739,472816.2307178282,phi,geometry
off0000,1,1.2130773991046546e-05,1.21417578e-05,1.0576154006498183e-06,1,193,2,0,1,1.0032340254859273,0.0026041666666666665,0.3411458333333333,0.09779575594994641,0.19656942504040834,0.05513365991509302,1.933838388271894,0.05513365807764728,1.3521438004537289e-05,4.447575475899465e-06,1.819049361245997,-0.6385395697991302,-0.1518471307114776,1.4527558373960754,6.183867464912408,6.2044923865803945,6.334939470714174,6.351250330090184,0.0013060155321289457,0.005225177216072538,1.3607216953535849e-05,2,0,65,4792.918530190968,1212.3900740947108,466756.3396213272,472761.6482256129,phi,geometry
off0000,1,1.2130773991046546e-05,1.21417578e-05,1.057655797409473e-06,1,37,2,0,10,1.0032340254859273,0.0026041666666666665,0.3046875,0.09779576756675362,0.1965694496332848,0.05510232131362812,1.9347875162901953,0.05510231425084583,2.2046075077737957e-05,1.7097424427418825e-05,1.8152757545656888,-0.589526131814586,-0.3172311585990303,1.4527558419896673,6.1869021400434026,6.208319621180566,6.340480581384445,6.350937974311219,0.0013060155321289457,0.005225177216072538,1.3607216953535705e-05,2,0,58,4795.824996982509,1213.4521692309816,466734.31410861807,472743.59127483156,phi,geometry
off0000,1,1.2130773991046546e-05,1.21417578e-05,1.0576593126429273e-06,1,197,0,0,3,1.000642683695185,0.0026041666666666665,0.4348958333333333,0.09953116483430305,0.20005509536108562,0.05286356454468632,1.9457324758348913,0.05285359492858388,-0.0008618603047796371,0.000557813867194195,1.8342326610859503,-0.5905355544827707,0.2696908812248857,1.4527467575395014,6.167420845189283,6.187417307666885,6.321591208402777,6.333174700327049,0.0012853673903698848,0.005211680644245755,1.3572069670796592e-05,0,0,83,4854.853911300591,1213.131329466285,466674.0348248223,472742.02006558917,phi,geometry
off0000,1,1.2130773991046546e-05,1.21417578e-05,1.0576774367339866e-06,1,33,0,0,8,1.000642683695185,0.0026041666666666665,0.2109375,0.0995311299296198,0.20005502762250385,0.05265154089798613,1.9504084483308717,0.05264036388018627,-0.0005660809350356796,-0.0009254198338461708,1.810887756927302,-0.29665696228842237,-0.6608882612492438,1.4527467663223486,6.1822434376223,6.206907942565203,6.346990179494905,6.332428228857801,0.0012853673903698848,0.005211680644245755,1.3572069670796521e-05,0,0,40,4869.851494088477,1217.9480466513835,466646.11973804835,472733.9192787882,phi,geometry
off0000,1,1.2130773991046546e-05,1.21417578e-05,1.0578164929629794e-06,1,193,2,0,2,1.0032340254859273,0.0026041666666666665,0.34635416666666663,0.09779577067490987,0.19656945604885168,0.055136605374922744,1.9333571300310497,0.05513660096257464,1.3278348992873722e-05,1.7613892838270018e-05,1.8191504615082883,-0.6420704596028805,-0.1276985338264483,1.4527558426111171,6.182328071927901,6.202862935494188,6.333235417708624,6.350035632272243,0.0013060155321289457,0.005225177216072538,1.3607216953535705e-05,2,0,66,4791.673132903367,1212.0639040866738,466668.03857456543,472671.7756115555,phi,geometry
off0000,1,1.2130773991046546e-05,1.21417578e-05,1.0578687327309258e-06,1,37,2,0,9,1.0032340254859273,0.0026041666666666665,0.29947916666666663,0.09779578035956757,0.19656947610154865,0.05509559527599712,1.9345735264661215,0.0550955856117626,2.0457586861762573e-05,2.5424408614626136e-05,1.814301906764158,-0.5790872030896759,-0.3399137120406929,1.4527558447785398,6.186217456618481,6.2077704593201375,6.340328248681693,6.349641015484963,0.0013060155321289457,0.005225177216072538,1.3607216953535705e-05,2,0,57,4795.399358476813,1213.4227116289517,466639.61202174245,472648.4340918482,phi,geometry
off0000,1,1.2130773991046546e-05,1.21417578e-05,1.0579238012702475e-06,1,193,1,0,14,1.0019331925551165,0.0026041666666666665,0.40885416666666663,0.09867430861864736,0.1983352459068155,0.05453150507053373,1.9390998669641368,0.05453003696750502,0.00037681910368304134,-0.00013461405306225627,1.8282620445401503,-0.626594634702461,0.15794098364987944,1.4527555824998617,6.173026346064508,6.192954332088325,6.325096789307639,6.340621574310098,0.00129565032949297,0.005218402044557898,1.358957329765863e-05,1,0,78,4821.89077318467,1212.1476180640304,466589.79273879185,472623.8311300405,phi,geometry
off0000,1,1.2130773991046546e-05,1.21417578e-05,1.0580225585914197e-06,1,33,1,0,13,1.0019331925551165,0.0026041666666666665,0.23697916666666666,0.09867431463386928,0.19833525650050793,0.054441774197725834,1.9430015242289786,0.0544396040234319,0.00030513613543366424,0.0003783959658299921,1.8103814240688874,-0.3986977280952966,-0.5820774382795562,1.4527555770176672,6.18544688608626,6.209018548282597,6.347114076996583,6.339553590496524,0.00129565032949297,0.005218402044557898,1.358957329765863e-05,1,0,45,4834.219549619628,1216.3530442717679,466529.1431596805,472579.7157535719,phi,geometry
off0000,1,1.2130773991046546e-05,1.21417578e-05,1.0580697245658482e-06,1,193,2,0,3,1.0032340254859273,0.0026041666666666665,0.3515625,0.097795774794623,0.19656946428854763,0.05513617625258274,1.9327970617176642,0.05513617348157944,1.3474732035496428e-05,-1.113537793031969e-05,1.8191480060263037,-0.6447385447197514,-0.10352402092082955,1.4527558424598856,6.180537002039149,6.2009876713241665,6.3313305275590315,6.348527280468312,0.0013060155321289457,0.005225177216072538,1.3607216953535705e-05,2,0,67,4790.2369389187825,1211.6993817579971,466556.71306810726,472558.649388784,phi,geometry
off0000,1,1.2130773991046546e-05,1.21417578e-05,1.0581320859159741e-06,1,37,2,0,8,1.0032340254859273,0.0026041666666666665,0.2942708333333333,0.09779577572725087,0.19656946657474486,0.055088459462061486,1.9342713101220403,0.05508844303139385,1.4457238101956829e-05,4.0015851020270444e-05,1.813220166883933,-0.5678103997971693,-0.3622560937359312,1.452755843980918,6.18525120095344,6.206945126544801,6.339931364033624,6.348035460394856,0.0013060155321289457,0.005225177216072538,1.3607216953535849e-05,2,0,56,4794.761942354856,1213.3456070676766,466522.6914454629,472530.7989948854,phi,geometry
off0000,1,1.2130773991046546e-05,1.21417578e-05,1.0583715040949794e-06,1,193,2,0,4,1.0032340254859273,0.0026041666666666665,0.3567708333333333,0.09779572927350812,0.19656936964513014,0.05513777233026311,1.9321593329535123,0.05513777051176793,1.3887905930162724e-05,2.767961743762238e-06,1.819042089758907,-0.6465507902690945,-0.07935766634244655,1.4527558308345625,6.178499164221925,6.198871649336535,6.329229901931211,6.346729665061229,0.0013060155321289457,0.005225177216072538,1.3607216953535849e-05,2,0,68,4788.617949783182,1211.297440853971,466423.99064371263,472423.9060343498,phi,geometry
off0000,1,1.2130773991046546e-05,1.21417578e-05,1.0584481836666364e-06,1,37,2,0,7,1.0032340254859273,0.0026041666666666665,0.2890625,0.09779576373586962,0.19656944143874608,0.0550806699728142,1.933881071862989,0.05508065034227704,1.4763390826295757e-05,4.409725823422541e-05,1.812031624581663,-0.5557073907434971,-0.3842221850686616,1.4527558401624892,6.184003708780897,6.205843840097975,6.339287516933027,6.346124389153201,0.0013060155321289457,0.005225177216072538,1.3607216953535705e-05,2,0,55,4793.912734126731,1213.222445513291,466382.54597406444,472389.68115370447,phi,geometry
off0000,1,1.2130773991046546e-05,1.21417578e-05,1.058628340425685e-06,1,197,0,0,4,1.000642683695185,0.0026041666666666665,0.44010416666666663,0.09953116482026522,0.20005509531670396,0.05286157359072789,1.944001748441447,0.05285165531220758,-0.0008407527787060688,0.0005844895316761687,1.8326139659157075,-0.5800277652585744,0.2902354930108458,1.4527467574808048,6.16193492999244,6.18194873637932,6.3167340756236054,6.327345450441423,0.0012853673903698848,0.005211680644245755,1.3572069670796448e-05,0,0,84,4850.597921188405,1212.1953088928387,466246.49692074256,472309.2901508238,phi,geometry
off0000,1,1.2130773991046546e-05,1.21417578e-05,1.0586666515407672e-06,1,33,0,0,7,1.000642683695185,0.0026041666666666665,0.20572916666666666,0.099531127007778,0.20005502167106237,0.052646760949048244,1.9487168964055905,0.05263557658404156,-0.0005318495859664865,-0.000945860512778537,1.8082007590846705,-0.27366203421217444,-0.6730651143931867,1.4527467660369109,6.1768817868533565,6.201758073843864,6.342307446710717,6.326479429961747,0.0012853673903698848,0.005211680644245755,1.3572069670796448e-05,0,0,39,4865.841235188101,1217.042971215024,466209.31397732894,472292.19818373205,phi,geometry
off0000,1,1.2130773991046546e-05,1.21417578e-05,1.0587205388529504e-06,1,193,1,0,15,1.0019331925551165,0.0026041666666666665,0.4140625,0.09867430933158529,0.19833524742986575,0.054527617370817405,1.937657993696265,0.054526149883229305,0.00037170554674879886,-0.00014788521358244817,1.827066740626554,-0.6195594595833454,0.18025454743803088,1.4527555828296432,6.168436193162764,6.188352023262981,6.320966612019768,6.335833955072895,0.00129565032949297,0.005218402044557898,1.358957329765863e-05,1,0,79,4818.3356504754265,1211.3551741684669,466238.46838355943,472268.1592082033,phi,geometry
off0000,1,1.2130773991046546e-05,1.21417578e-05,1.0587230948073258e-06,1,193,2,0,5,1.0032340254859273,0.0026041666666666665,0.36197916666666663,0.09779577994414462,0.19656947517581708,0.05513765811948406,1.9314301359514932,0.05513764662888339,1.1640625083142542e-05,3.363963939342973e-05,1.8188283462459516,-0.6474837348750099,-0.05523250877995911,1.4527558444432618,6.176165798394441,6.196464785846172,6.326887521597987,6.344595182258135,0.0013060155321289457,0.005225177216072538,1.3607216953535705e-05,2,0,69,4786.774949210804,1210.8487235153784,466269.39539234265,472267.0190650688,phi,geometry
off0000,1,1.2130773991046546e-05,1.21417578e-05,1.0588159845694347e-06,1,37,2,0,6,1.0032340254859273,0.0026041666666666665,0.28385416666666663,0.09779575967338273,0.19656943288067,0.055072607987857264,1.9334036157145074,0.055072589449951054,2.174437985923286e-05,3.96111510079696e-05,1.8107376133148991,-0.5427915724704291,-0.40577844427676507,1.4527558387121706,6.1824770677153875,6.204468619514448,6.338395826581191,6.343912728757879,0.0013060155321289457,0.005225177216072538,1.3607216953535705e-05,2,0,54,4792.853572545706,1213.053128889908,466219.680451297,472225.58715273265,phi,geometry
off0000,1,1.2130773991046546e-05,1.21417578e-05,1.0588384133791474e-06,1,33,1,0,12,1.0019331925551165,0.0026041666666666665,0.23177083333333331,0.09867431469877667,0.19833525655079334,0.05443728487040113,1.9416817930221197,0.05443508214402195,0.0002918385415714715,0.0003932509382570118,1.8081039790018187,-0.37851213718329146,-0.5980106591661403,1.452755576724024,6.181245586636798,6.205012865370104,6.343669884301156,6.334641409116053,0.00129565032949297,0.005218402044557898,1.3589573297658703e-05,1,0,44,4831.124420709754,1215.6904869870345,466168.7693421359,472215.5842498327,phi,geometry
off0000,1,1.2130773991046546e-05,1.21417578e-05,1.0591266612822017e-06,1,193,2,0,6,1.0032340254859273,0.0026041666666666665,0.3671875,0.09779577729219537,0.19656947002345598,0.05513706106190152,1.9306295577515853,0.055137053829629044,1.629894149639326e-05,-2.3062457625742223e-05,1.818510431084863,-0.6475940343712634,-0.031181211432182953,1.4527558451012264,6.173605860070062,6.193838427348702,6.3243682593151656,6.342191042458645,0.0013060155321289457,0.005225177216072538,1.3607216953535705e-05,2,0,70,4784.763524972654,1210.3674759208136,466091.93684299325,472087.06784388673,phi,geometry
off0000,1,1.2130773991046546e-05,1.21417578e-05,1.0592332792201946e-06,1,37,2,0,5,1.0032340254859273,0.0026041666666666665,0.2786458333333333,0.09779576253137924,0.1965694387732318,0.055064408893520975,1.9328392636511584,0.05506438931667116,2.876200313520328e-05,3.6451640820357174e-05,1.8093393810706981,-0.529077955944183,-0.42689007923841515,1.4527558392590347,6.180672339374272,6.202820401373867,6.337254234624306,6.341404646993628,0.0013060155321289457,0.005225177216072538,1.3607216953535849e-05,2,0,53,4791.5852734840855,1212.83599284137,466035.1282917275,472039.54955805297,phi,geometry
off0000,1,1.2130773991046546e-05,1.21417578e-05,1.059554617559547e-06,1,197,1,0,0,1.0019331925551165,0.0026041666666666665,0.4192708333333333,0.09867431027594216,0.19833524942208886,0.0545237490939758,1.9361583520514682,0.05452228389529031,0.00036584146668647684,-0.00016104075709767184,1.8257859435040429,-0.6118200399786096,0.2022154578717504,1.4527555831741512,6.163662130361761,6.183571779139935,6.3166901920441445,6.330829957454518,0.00129565032949297,0.005218402044557898,1.3589573297658774e-05,1,0,80,4814.643211240794,1210.53456203105,465871.2131382613,471896.39091153315,phi,geometry
off0000,1,1.2130773991046546e-05,1.21417578e-05,1.059575354777827e-06,1,193,2,0,7,1.0032340254859273,0.0026041666666666665,0.3723958333333333,0.09779574616157813,0.1965694044111144,0.05513593377907607,1.9297606243970113,0.05513593131463666,1.593851095298373e-05,4.209774183096174e-06,1.8180897365412152,-0.6468952222818489,-0.0072352432961636124,1.4527558338682776,6.170828239761687,6.191001692958722,6.321680287432989,6.3395262100306,0.0013060155321289457,0.005225177216072538,1.3607216953535849e-05,2,0,71,4782.590612909085,1209.8529800096605,465894.71171453985,471887.1553074586,phi,geometry
off0000,1,1.2130773991046546e-05,1.21417578e-05,1.0596269993005436e-06,1,197,0,0,5,1.000642683695185,0.0026041666666666665,0.4453125,0.09953116456069969,0.2000550947686847,0.05285985892016091,1.9422259319187776,0.052849978357410274,-0.000819990254669777,0.0006099907071642107,1.8309221162702733,-0.5689137113792052,0.31032718826246286,1.4527467573853161,6.156306102619383,6.176343105272608,6.311759403857288,6.321350777354644,0.0012853673903698848,0.005211680644245755,1.3572069670796448e-05,0,0,85,4846.235504572331,1211.2368015261472,465806.68397724314,471864.15628334164,phi,geometry
off0000,1,1.2130773991046546e-05,1.21417578e-05,1.0596866648774686e-06,1,33,0,0,6,1.000642683695185,0.0026041666666666665,0.20052083333333331,0.09953112393903228,0.20005501540385123,0.05264283420822814,1.9469597877503884,0.052631633685073544,-0.0004972874222071626,-0.0009653156659569492,1.8054470221452072,-0.2502451410013048,-0.6843908494049858,1.4527467656770532,6.171312344173021,6.196402919562308,6.33738960769013,6.320359456881295,0.0012853673903698848,0.005211680644245755,1.3572069670796521e-05,0,0,38,4861.671923580637,1216.0927208980145,465759.8233634963,471837.5880079749,phi,geometry
off0000,1,1.2130773991046546e-05,1.21417578e-05,1.0596930775913264e-06,1,33,1,0,11,1.0019331925551165,0.0026041666666666665,0.2265625,0.09867431478633036,0.19833525664698226,0.05443350549163289,1.940286232288449,0.054431272816391665,0.0002778930725677132,0.000407228603351602,1.8057433815670751,-0.3577512235887818,-0.6132010805237865,1.452755576431789,6.176802887025694,6.200769346146312,6.339975503278501,6.329506026948718,0.00129565032949297,0.005218402044557898,1.3589573297658703e-05,1,0,43,4827.8462765571685,1214.9798620754245,465791.90655254986,471834.73269118246,phi,geometry
off0000,1,1.2130773991046546e-05,1.21417578e-05,1.0596993205350873e-06,1,37,2,0,4,1.0032340254859273,0.0026041666666666665,0.2734375,0.09779576383968937,0.19656944152877107,0.05505602518856166,1.9321886349799324,0.05505600284560837,3.574757770732366e-05,3.438515068657479e-05,1.8078382270232023,-0.5145831083660861,-0.4475244022883175,1.4527558397240352,6.1785917718958885,6.200901345232362,6.335861692091445,6.3386055920759095,0.0013060155321289457,0.005225177216072538,1.3607216953535705e-05,2,0,52,4790.109454425927,1212.5708234698839,465829.27272130846,471831.9529992043,phi,geometry
off0000,1,1.2130773991046546e-05,1.21417578e-05,1.060072338640449e-06,1,193,2,0,8,1.0032340254859273,0.0026041666666666665,0.37760416666666663,0.09779576154879235,0.19656943684788314,0.05513409374592276,1.9288091137598746,0.055134090843993636,1.708996341940654e-05,5.284279228409176e-06,1.8175690724075877,-0.6453468451596264,0.016574492242327293,1.452755839442507,6.167785092857613,6.1879041005374615,6.318778949046194,6.336554649706323,0.0013060155321289457,0.005225177216072538,1.3607216953535705e-05,2,0,72,4780.217415335506,1209.2979391346053,465676.40948350256,471665.9248379727,phi,geometry
off0000,1,1.2130773991046546e-05,1.21417578e-05,1.0602135758029695e-06,1,37,2,0,3,1.0032340254859273,0.0026041666666666665,0.26822916666666663,0.09779576555198748,0.19656944517130873,0.055047400036839216,1.9314519559617918,0.05504737330280421,4.287553628125197e-05,3.3241027550439986e-05,1.8062358074960045,-0.49932529195072956,-0.46764636075372895,1.4527558404661172,6.176236027063169,6.198711908021838,6.334215457942273,6.335519738031528,0.0013060155321289457,0.005225177216072538,1.3607216953535705e-05,2,0,51,4788.426421797864,1212.2571295753387,465602.40794961713,471603.0915009903,phi,geometry
off0000,1,1.2130773991046546e-05,1.21417578e-05,1.0604245534848839e-06,1,197,1,0,1,1.0019331925551165,0.0026041666666666665,0.42447916666666663,0.09867431152900875,0.19833525204365055,0.05451997012053528,1.934603488499521,0.05451850938082236,0.0003591280842037025,-0.00017408002866612577,1.8244221487360357,-0.6033961541664121,0.22380250680697505,1.4527555835510069,6.158712261826509,6.178621685167294,6.312273366051777,6.32561949796874,0.00129565032949297,0.005218402044557898,1.358957329765863e-05,1,0,81,4810.819750254181,1209.686881201348,465488.75666959217,471509.2633010477,phi,geometry
off0000,1,1.2130773991046546e-05,1.21417578e-05,1.0605850434024149e-06,1,33,1,0,10,1.0019331925551165,0.0026041666666666665,0.22135416666666666,0.09867431489301023,0.19833525678046848,0.05443050571527328,1.9388168398530208,0.05442824621860394,0.0002632986128407009,0.00042028541242796207,1.8033028146231111,-0.33644519027784187,-0.6276259484827932,1.4527555761353557,6.1721251473396945,6.196294152638052,6.336033430178446,6.324157641405961,0.00129565032949297,0.005218402044557898,1.358957329765863e-05,1,0,42,4824.389927259747,1214.2216476783742,465399.301971318,471437.91354625614,phi,geometry
off0000,1,1.2130773991046546e-05,1.21417578e-05,1.0606159040714523e-06,1,193,2,0,9,1.0032340254859273,0.0026041666666666665,0.3828125,0.0977957630076913,0.19656943987264078,0.05513182121147192,1.9277849439735724,0.055131817984218845,1.8530500807119574e-05,3.531176656525136e-06,1.8169489271662462,-0.6429882680058435,0.04021782549394846,1.4527558397838447,6.164510042059136,6.184580695780624,6.3156949438171655,6.3333098254312885,0.0013060155321289457,0.005225177216072538,1.3607216953535705e-05,2,0,73,4777.6709849640465,1208.7079946094398,465437.8171696818,471424.19614925527,phi,geometry
off0000,1,1.2130773991046546e-05,1.21417578e-05,1.0606536306243293e-06,1,197,0,0,6,1.000642683695185,0.0026041666666666665,0.4505208333333333,0.09953116401790936,0.20005509363989163,0.05285846847146293,1.9404077587036443,0.05284861001138992,-0.0007998259800824401,0.0006343401408100004,1.8291598891756289,-0.5572151965031162,0.32995089733821775,1.4527467572480752,6.150543025264113,6.170609044440318,6.306673190465458,6.315201537376241,0.0012853673903698848,0.005211680644245755,1.3572069670796592e-05,0,0,86,4841.7734113052375,1210.2570067123463,465355.39757116156,471407.42798917915,phi,geometry
off0000,1,1.2130773991046546e-05,1.21417578e-05,1.060735707249167e-06,1,33,0,0,5,1.000642683695185,0.0026041666666666665,0.1953125,0.09953112069101755,0.20005500875840482,0.052639785718347376,1.9451397352419824,0.05262855993874417,-0.00046251825544090766,-0.000983766288771993,1.8026304179143986,-0.22644082318839487,-0.6948501418441043,1.4527467652521697,6.165543392642758,6.190850530854442,6.332241556214601,6.314079944476743,0.0012853673903698848,0.005211680644245755,1.3572069670796521e-05,0,0,37,4857.349842208559,1215.0982584594885,465298.5037612833,471370.9518619513,phi,geometry
off0000,1,1.2130773991046546e-05,1.21417578e-05,1.060775045008372e-06,1,37,2,0,2,1.0032340254859273,0.0026041666666666665,0.2630208333333333,0.09779577034081924,0.1965694553119647,0.05503887127733328,1.9306298547759437,0.05503883943005793,4.820071830552027e-05,3.438554808030677e-05,1.8045340218870156,-0.483324332414052,-0.48722293634532904,1.4527558423695757,6.173607029281381,6.196253829013996,6.332313909588628,6.332152598118905,0.0013060155321289457,0.005225177216072538,1.3607216953535849e-05,2,0,50,4786.5377667092325,1211.8942283581728,465355.0395565318,471353.4715515992,phi,geometry
off0000,1,1.2130773991046546e-05,1.21417578e-05,1.0612041816307165e-06,1,193,2,0,10,1.0032340254859273,0.0026041666666666665,0.3880208333333333,0.09779576151503788,0.1965694367961264,0.05512909200960929,1.9266905758054378,0.055129088292343136,2.0057443671699316e-05,2.749173553040903e-06,1.8162313012661881,-0.6398336450616703,0.06366586091081089,1.452755839501963,6.161010609747793,6.181039040339833,6.312434625141505,6.3297999998179915,0.0013060155321289457,0.005225177216072538,1.3607216953535849e-05,2,0,74,4774.9570929424945,1208.0843235647963,465179.82116444013,471162.8625809474,phi,geometry
off0000,1,1.2130773991046546e-05,1.21417578e-05,1.061328839559654e-06,1,197,1,0,2,1.0019331925551165,0.0026041666666666665,0.4296875,0.09867431264936811,0.19833525440727268,0.05451636724940252,1.932995959952946,0.05451491354515987,0.0003514832685688548,-0.00018697258459334372,1.822977906639405,-0.5943080263921694,0.24499572009500195,1.452755583960098,6.153594741149061,6.173509869938856,6.307721919866227,6.320212643446532,0.00129565032949297,0.005218402044557898,1.358957329765863e-05,1,0,82,4806.871608577635,1208.813224675412,465091.83751340286,471107.5223466559,phi,geometry
off0000,1,1.2130773991046546e-05,1.21417578e-05,1.0613823687641022e-06,1,37,2,0,1,1.0032340254859273,0.0026041666666666665,0.2578125,0.09779577586091875,0.19656946674121678,0.055030532057666226,1.929722652587094,0.055030496433506985,4.6382589841180656e-05,4.206527029979975e-05,1.8027348158794825,-0.4666014487265346,-0.5062210856632093,1.4527558436032593,6.170705879678963,6.193527971719279,6.330154525257225,6.3285090477224335,0.0013060155321289457,0.005225177216072538,1.3607216953535705e-05,2,0,49,4784.444223237501,1211.4806151216264,465087.8379173869,471083.762755746,phi,geometry
off0000,1,1.2130773991046546e-05,1.21417578e-05,1.061512761504331e-06,1,33,1,0,9,1.0019331925551165,0.0026041666666666665,0.21614583333333331,0.09867431499942712,0.1983352569119544,0.05442829152656949,1.9372756966358038,0.05442600864533819,0.00024807466635483994,0.0004323891750755949,1.8007856116871783,-0.3146251923853472,-0.6412638254514729,1.4527555758335324,6.167218992689715,6.191593697245717,6.331846488618169,6.318606667928623,0.00129565032949297,0.005218402044557898,1.3589573297658703e-05,1,0,41,4820.760326850938,1213.4163886218885,464991.71965851064,471025.8963739835,phi,geometry
off0000,1,1.2130773991046546e-05,1.21417578e-05,1.061706537416912e-06,1,197,0,0,7,1.000642683695185,0.0026041666666666665,0.45572916666666663,0.09953116320385036,0.2000550919529464,0.05285744549456568,1.9385500030360203,0.052847591035766486,-0.0007805567196418783,0.000657569110267195,1.8273301103523654,-0.5449541420059244,0.34909277446139336,1.4527467570639632,6.144654491086893,6.164755313639106,6.301481526535237,6.308908752156221,0.0012853673903698848,0.005211680644245755,1.3572069670796448e-05,0,0,87,4837.218488081963,1209.2571501312616,464893.45209029,470939.92772850324,phi,geometry
off0000,1,1.2130773991046546e-05,1.21417578e-05,1.0618119627853416e-06,1,33,0,0,4,1.000642683695185,0.0026041666666666665,0.19010416666666666,0.09953111723177312,0.2000550016758699,0.05263763914572577,1.9432594716458258,0.052626378535651955,-0.0004277218496408835,-0.001001194824823284,1.7997549400843307,-0.20228414388157365,-0.7044293115120638,1.4527467647818195,6.159583595320715,6.185109332653173,6.326868722896342,6.307652739305385,0.0012853673903698848,0.005211680644245755,1.3572069670796448e-05,0,0,36,4852.88156360791,1214.0606603998244,464826.2267401106,470893.16896411835,phi,geometry
off0000,1,1.2130773991046546e-05,1.21417578e-05,1.061836368632167e-06,1,193,2,0,11,1.0032340254859273,0.0026041666666666665,0.39322916666666663,0.09779576147264882,0.19656943670339624,0.055125964769395235,1.925527759999721,0.05512596048059744,2.1637185568060633e-05,2.163426637983527e-06,1.8154181838340506,-0.6358962139706612,0.08689060589038987,1.4527558394741444,6.1572922555734655,6.1772845284846944,6.309002234223254,6.326031616149192,0.0013060155321289457,0.005225177216072538,1.3607216953535705e-05,2,0,75,4772.079914551853,1207.4277312551992,464902.8380437537,470882.34568956075,phi,geometry
off0000,1,1.2130773991046546e-05,1.21417578e-05,1.0620352393853953e-06,1,37,2,0,0,1.0032340254859273,0.0026041666666666665,0.25260416666666663,0.09779577370366155,0.19656946234078984,0.055022500483213346,1.9287323667747587,0.0550224604214006,4.503953317090056e-05,4.878566458760296e-05,1.8008402005347224,-0.44917930353076424,-0.5246151618684323,1.4527558433655021,6.167539294465999,6.190541054481584,6.327740194704762,6.324599283071489,0.0013060155321289457,0.005225177216072538,1.3607216953535705e-05,2,0,48,4782.151024438465,1211.0183009245686,464801.0015811997,470794.1709065627,phi,geometry
off0000,1,1.2130773991046546e-05,1.21417578e-05,1.062265941281676e-06,1,197,1,0,3,1.0019331925551165,0.0026041666666666665,0.4348958333333333,0.09867431257142553,0.19833525428426318,0.054513057044780024,1.9313383281702243,0.05451161227528123,0.000342977721748292,-0.00019970427945844606,1.8214557793413484,-0.5845763345147162,0.2657763926474601,1.4527555840833553,6.148317756748467,6.168244496989823,6.303041583488282,6.314619582966106,0.00129565032949297,0.005218402044557898,1.3589573297658774e-05,1,0,83,4802.805176378314,1207.9147040392616,464681.2044005449,470691.9242809625,phi,geometry
off0000,1,1.2130773991046546e-05,1.21417578e-05,1.0624745742367608e-06,1,33,1,0,8,1.0019331925551165,0.0026041666666666665,0.2109375,0.09867431512911286,0.19833525709037916,0.05442688916514498,1.935665111377944,0.05442458665093402,0.0002322358039980972,0.00044350716036163683,1.7981952208019942,-0.2923232551990623,-0.6540951656758209,1.4527555755323265,6.162091772101756,6.186675128353691,6.327418297799402,6.312864138551533,0.00129565032949297,0.005218402044557898,1.3589573297658703e-05,1,0,40,4816.96301304301,1212.5647812441553,464569.9690070174,470599.4968013046,phi,geometry
off0000,1,1.2130773991046546e-05,1.21417578e-05,1.062511373868289e-06,1,193,2,0,12,1.0032340254859273,0.0026041666666666665,0.3984375,0.09779576148260746,0.19656943673042052,0.05512250307698149,1.9242985453840507,0.05512249817090779,2.32094678034808e-05,1.480103262871487e-06,1.8145115645445828,-0.63119119291718,0.10986515318758046,1.4527558395000386,6.153361575167811,6.173323737682021,6.305402887227369,6.322012401326574,0.0013060155321289457,0.005225177216072538,1.3607216953535705e-05,2,0,76,4769.044534791935,1206.7391852853932,464607.41406692436,470583.19778700167,phi,geometry
off0000,1,1.2130773991046546e-05,1.21417578e-05,1.0627322469477895e-06,1,33,2,0,15,1.0032340254859273,0.0026041666666666665,0.24739583333333331,0.09779577338447573,0.19656946166357178,0.05501494688691175,1.9276608393763874,0.05501490220227738,4.3879172952372765e-05,5.469242870339443e-05,1.7988527178974385,-0.43108199836299654,-0.5423776559424648,1.4527558432337482,6.164112863693714,6.187298555073612,6.325072645330641,6.320432594663785,0.0013060155321289457,0.005225177216072538,1.3607216953535778e-05,2,0,47,4779.6624953611745,1210.5075604034375,464495.22401787946,470485.39407364407,phi,geometry
off0000,1,1.2130773991046546e-05,1.21417578e-05,1.0627840082035924e-06,1,197,0,0,8,1.000642683695185,0.0026041666666666665,0.4609375,0.09953116210341971,0.2000550896788292,0.05285679913033401,1.9366554393698847,0.05284692751092337,-0.0007625405024624004,0.0006797050402884345,1.8254356252565533,-0.5321524934160979,0.3677401156199949,1.4527467568378336,6.138649294761257,6.158790671328083,6.296190483258048,6.302483472534352,0.0012853673903698848,0.005211680644245755,1.3572069670796448e-05,0,0,88,4832.577553606296,1208.23846540041,464421.66378923046,470462.47980823717,phi,geometry
off0000,1,1.2130773991046546e-05,1.21417578e-05,1.0629135834398852e-06,1,33,0,0,3,1.000642683695185,0.0026041666666666665,0.18489583333333331,0.09953111351479454,0.2000549940378708,0.05263638139087173,1.9413218339694103,0.0526250763459366,-0.0003931460028638564,-0.001017556745387668,1.7968247052190667,-0.17781068664634136,-0.7131162608404927,1.4527467641755838,6.1534419461280425,6.179188071800836,6.3212770429098155,6.3010898354179545,0.0012853673903698848,0.005211680644245755,1.3572069670796521e-05,0,0,35,4848.2738824994385,1212.981113087286,464343.8727494745,470405.1277450612,phi,geometry
off0000,1,1.2130773991046546e-05,1.21417578e-05,1.0632279568777879e-06,1,193,2,0,13,1.0032340254859273,0.0026041666666666665,0.4036458333333333,0.09779576154466761,0.19656943686877962,0.0551187886125774,1.9230051582827141,0.05511878307567542,2.4697262905580845e-05,6.479459672845187e-07,1.8135135615944493,-0.6257349721499857,0.13256374060578716,1.452755839550362,6.149225687696086,6.169163776296925,6.301642028537456,6.31775075802846,0.0013060155321289457,0.005225177216072538,1.3607216953535849e-05,2,0,77,4765.856459016495,1206.0197128657312,464294.16298332426,470266.03915520647,phi,geometry
off0000,1,1.2130773991046546e-05,1.21417578e-05,1.0632342537230577e-06,1,197,1,0,4,1.0019331925551165,0.0026041666666666665,0.44010416666666663,0.09867431200696461,0.19833525317239648,0.05451006544307792,1.9296332738842616,0.05450863287039639,0.0003333521316518043,-0.00021225825143626154,1.819858461327395,-0.5742221317166447,0.28612706244459546,1.4527555841664879,6.142889820350155,6.162834049846903,6.298238328189708,6.308850896671277,0.00129565032949297,0.005218402044557898,1.358957329765863e-05,1,0,84,4798.627022423825,1206.9924138731196,464257.6346388825,470263.2540751794,phi,geometry
off0000,1,1.2130773991046546e-05,1.21417578e-05,1.0632565815113142e-06,1,37,3,0,14,1.0045452650801847,0.0026041666666666665,0.3255208333333333,0.09691979978387698,0.19480875118072868,0.05550795150455079,1.9175235704656954,0.05550795006657389,-1.245476705306755e-05,2.1253420419216258e-06,1.8025701609774725,-0.6149901308718312,-0.22231643433495027,1.4527558285824618,6.15934395391051,6.180257116307483,6.31199657450619,6.326225195512026,0.0013164636563858245,0.005232006588959295,1.3625001758659942e-05,3,0,62,4736.754437637511,1206.4222248100748,464310.20214974787,470253.37881219544,phi,geometry
off0000,1,1.2130773991046546e-05,1.21417578e-05,1.0632668945877486e-06,1,37,3,0,13,1.0045452650801847,0.0026041666666666665,0.3203125,0.09691979999558632,0.19480875162530467,0.055503497168813754,1.9176517320344553,0.055503495969236365,-1.1174071148696454e-05,2.881252052087194e-06,1.8020326836222935,-0.60801955140597,-0.24572056820678426,1.452755828653457,6.15975561940212,6.180782186870734,6.312771275847438,6.32615489108493,0.0013164636563858245,0.005232006588959295,1.3625001758659796e-05,3,0,61,4737.149903523247,1206.5700496708032,464305.0976720935,470248.8176252875,phi,geometry
off0000,1,1.2130773991046546e-05,1.21417578e-05,1.0632984652954162e-06,1,37,3,0,15,1.0045452650801847,0.0026041666666666665,0.33072916666666663,0.09691979991150136,0.19480875144229437,0.055511819172555876,1.917310080965255,0.05551181749585367,-1.356104705643575e-05,1.5005262973727704e-06,1.8030000564355126,-0.6211026679279866,-0.1987466199895443,1.4527558286012572,6.158658192828181,6.179463663367551,6.310994927897003,6.3259842153826495,0.0013164636563858245,0.005232006588959295,1.3625001758659796e-05,3,0,63,4736.154659962812,1206.2309902785098,464292.46967900527,470234.8553292466,phi,geometry
off0000,1,1.2130773991046546e-05,1.21417578e-05,1.063329558947466e-06,1,37,3,0,12,1.0045452650801847,0.0026041666666666665,0.31510416666666663,0.09691980020428884,0.19480875205239948,0.055498280531500334,1.9176937209942013,0.055498279567626214,-9.578400758286266e-06,3.903965993902313e-06,1.8013875264207944,-0.6001937832079351,-0.2689230555283509,1.4527558286818054,6.159890486963399,6.1810360843682055,6.313314753094367,6.325772296478263,0.0013164636563858245,0.005232006588959295,1.3625001758659796e-05,3,0,60,4737.338804367304,1206.6736201780884,464277.092399178,470221.10482372344,phi,geometry
off0000,1,1.2130773991046546e-05,1.21417578e-05,1.0633923430463796e-06,1,193,3,0,0,1.0045452650801847,0.0026041666666666665,0.3359375,0.09691980016365759,0.19480875195721,0.05551501060272257,1.917012185784013,0.05551500871850167,-1.4445195472260318e-05,7.358057620763501e-07,1.8033227524695818,-0.6263558431952004,-0.17504607554915178,1.452755828631391,6.157701305376903,6.178404850942798,6.309770641188705,6.325433476907861,0.0013164636563858245,0.005232006588959295,1.3625001758659796e-05,3,0,64,4735.352798705962,1205.9971598084826,464251.99238549056,470193.342344005,phi,geometry
off0000,1,1.2130773991046546e-05,1.21417578e-05,1.0634445647147998e-06,1,37,3,0,11,1.0045452650801847,0.0026041666666666665,0.3098958333333333,0.09691979927913164,0.19480875014143853,0.055492597768950276,1.9176490937423685,0.05549259702220647,-7.666582929073722e-06,4.909278304778679e-06,1.800634793305733,-0.5915174221887828,-0.2918895803465498,1.4527558284901687,6.159747167619803,6.18101736028725,6.313623775059321,6.325077887258014,0.0013164636563858245,0.005232006588959295,1.3625001758659942e-05,3,0,59,4737.320264830526,1206.7323185267821,464226.20037580153,470170.25295915885,phi,geometry
off0000,1,1.2130773991046546e-05,1.21417578e-05,1.0634688303208265e-06,1,33,1,0,7,1.0019331925551165,0.0026041666666666665,0.20572916666666666,0.09867431543511775,0.19833525762375862,0.05442635017253193,1.9339873977617492,0.05442403231898024,0.0002157609707020401,0.0004535928231161382,1.7955352411170162,-0.2695721888433114,-0.6661015595315384,1.4527555752331471,6.156750846293658,6.181545579311211,6.322752597937086,6.306941023176531,0.00129565032949297,0.005218402044557898,1.358957329765863e-05,1,0,39,4813.003531647716,1211.667538246082,464134.8538210805,470159.52489097434,phi,geometry
off0000,1,1.2130773991046546e-05,1.21417578e-05,1.0634719513134954e-06,1,33,2,0,14,1.0032340254859273,0.0026041666666666665,0.2421875,0.09779577332838317,0.19656946153676794,0.055007679885337966,1.9265097821491357,0.05500763045172104,4.2689158121827376e-05,6.0133937891180364e-05,1.7967748612302756,-0.4123348717486697,-0.5594818963176931,1.4527558431818006,6.160432110777647,6.183805872622898,6.322153502206806,6.316018276053543,0.0013060155321289457,0.005225177216072538,1.3607216953535778e-05,2,0,46,4776.982623556308,1209.948663926265,464171.2138168142,470158.14510429674,phi,geometry
off0000,1,1.2130773991046546e-05,1.21417578e-05,1.0635377322643951e-06,1,193,3,0,1,1.0045452650801847,0.0026041666666666665,0.3411458333333333,0.09691979211242721,0.1948087349913608,0.055517619093670034,1.9166310533039566,0.05551761705987009,-1.5027321070198448e-05,-5.5482608792502953e-08,1.8035388490157231,-0.6307501756483594,-0.15124956363453682,1.4527558257122883,6.1564773122362775,6.177084755184312,6.308328792249299,6.324575771532316,0.0013164636563858245,0.005232006588959295,1.3625001758659942e-05,3,0,65,4734.352021046264,1205.7216886695799,464188.99160839187,470129.0653181077,phi,geometry
off0000,1,1.2130773991046546e-05,1.21417578e-05,1.0636118917106474e-06,1,37,3,0,10,1.0045452650801847,0.0026041666666666665,0.3046875,0.09691980081862706,0.19480875360230582,0.05548647930553001,1.9175176307008694,0.05548647885251475,-5.063814764625442e-06,4.962884584363486e-06,1.799774915540406,-0.5819968466345368,-0.3145851044592804,1.4527558298566607,6.159324841706376,6.180725115901366,6.313695435127285,6.324072941334391,0.0013164636563858245,0.005232006588959295,1.3625001758659796e-05,3,0,58,4737.093625413533,1206.7455175353507,464152.44682075066,470096.28596369957,phi,geometry
off0000,1,1.2130773991046546e-05,1.21417578e-05,1.06373407344927e-06,1,193,3,0,2,1.0045452650801847,0.0026041666666666665,0.34635416666666663,0.0969198054982827,0.19480876321151439,0.05552053532565927,1.9161638132218315,0.05552053145654768,-1.531249340472836e-05,1.3969889922583307e-05,1.8036446013985552,-0.6342880719824399,-0.12739133678345738,1.452755830613965,6.154976049066577,6.175493418194263,6.306660283982926,6.323400329395749,0.0013164636563858245,0.005232006588959295,1.3625001758659796e-05,3,0,66,4733.145438102886,1205.402839091378,464103.741877804,470042.29015499825,phi,geometry
off0000,1,1.2130773991046546e-05,1.21417578e-05,1.0638295246319817e-06,1,37,3,0,9,1.0045452650801847,0.0026041666666666665,0.29947916666666663,0.09691981415130338,0.19480878111989142,0.055479808747440636,1.9172999715398724,0.05547980694098209,-6.520718534686167e-06,1.2566788597558846e-05,1.7988084911890956,-0.5716401373311008,-0.3369788513911304,1.4527558325372494,6.158625267568812,6.180161134900995,6.313529131776155,6.322761357118552,0.0013164636563858245,0.005232006588959295,1.3625001758659796e-05,3,0,57,4736.660151303453,1206.7140102265282,464056.74185608915,470000.11601761915,phi,geometry
off0000,1,1.2130773991046546e-05,1.21417578e-05,1.0638842753399308e-06,1,197,0,0,9,1.000642683695185,0.0026041666666666665,0.4661458333333333,0.09953116099549272,0.20005508738431707,0.052856528280992944,1.9347269412216905,0.052846614102642915,-0.0007462815441316941,0.0007007308061147864,1.8234793425028448,-0.5188322561101761,0.3858814773658572,1.4527467565923609,6.13253653590147,6.15272418548064,6.290806415768526,6.295937059070607,0.0012853673903698848,0.005211680644245755,1.3572069670796592e-05,0,0,89,4827.857658499903,1207.2022686691664,463940.8684605691,469975.9283877382,phi,geometry
off0000,1,1.2130773991046546e-05,1.21417578e-05,1.0639821327391668e-06,1,193,3,0,3,1.0045452650801847,0.0026041666666666665,0.3515625,0.09691981024961917,0.19480877278218,0.05552019993984037,1.9156187137156013,0.05552019661586858,-1.5157434977432605e-05,-1.1804546178257766e-05,1.803648026163132,-0.6369736943583243,-0.10350539479061667,1.4527558306903339,6.153224965266089,6.17365813322936,6.304792656639012,6.321933237037457,0.0013164636563858245,0.005232006588959295,1.3625001758659796e-05,3,0,67,4731.751081489486,1205.0458474915808,463995.9064640505,469932.7033930316,phi,geometry
off0000,1,1.2130773991046546e-05,1.21417578e-05,1.0639846806503174e-06,1,193,2,0,14,1.0032340254859273,0.0026041666666666665,0.40885416666666663,0.09779576161980537,0.19656943703861834,0.0551149069563095,1.9216499198575385,0.05511490081608027,2.6013610065634183e-05,-3.583016510976263e-07,1.812426387909948,-0.6195448876651658,0.15496172128670865,1.4527558396198768,6.144892016805712,6.16481205751362,6.2977252365661185,6.3132555398810535,0.0013060155321289457,0.005225177216072538,1.3607216953535705e-05,2,0,78,4762.521428968422,1205.2703649561265,463963.7862569881,469931.57805091265,phi,geometry
off0000,1,1.2130773991046546e-05,1.21417578e-05,1.0640385648352766e-06,1,33,0,0,2,1.000642683695185,0.0026041666666666665,0.1796875,0.09953110905555071,0.2000549848306985,0.05263618261649256,1.9393299684194634,0.05262482131384239,-0.00035916617935125456,-0.0010329093757556055,1.7938439700998023,-0.15305618528804835,-0.7209010622072121,1.4527467632889033,6.147128432580204,6.1730965055896,6.315473621683382,6.29440397112921,0.0012853673903698848,0.005211680644245755,1.3572069670796521e-05,0,0,34,4843.5345205948415,1211.8610519307394,463852.3845814812,469907.7801540068,phi,geometry
off0000,1,1.2130773991046546e-05,1.21417578e-05,1.064097694239142e-06,1,37,3,0,8,1.0045452650801847,0.0026041666666666665,0.2942708333333333,0.09691980649421085,0.19480876543144696,0.055472752620048166,1.9169952684510525,0.055472745294779205,-1.2079055047770012e-05,2.5822510363670302e-05,1.7977356158538595,-0.5604568028446892,-0.35903438122187764,1.4527558314272535,6.157646763524313,6.17932362073399,6.313120686666547,6.321144043842989,0.0013164636563858245,0.005232006588959295,1.3625001758659942e-05,3,0,56,4736.0186024015065,1206.6370059708483,463939.0128765061,469881.66848487844,phi,geometry
off0000,1,1.2130773991046546e-05,1.21417578e-05,1.0642321509925562e-06,1,197,1,0,5,1.0019331925551165,0.0026041666666666665,0.4453125,0.09867431194867773,0.19833525307502267,0.05450743948311685,1.927883494971977,0.054506023416409255,0.00032237882903402915,-0.00022459346847788285,1.8181886814932535,-0.5632667250353129,0.3060315100495083,1.4527555842389397,6.137319489595679,6.157287055742128,6.293318109849911,6.302917272411879,0.00129565032949297,0.005218402044557898,1.358957329765863e-05,1,0,85,4794.34376525757,1206.0474518712826,463821.9116833003,469822.3029004291,phi,geometry
off0000,1,1.2130773991046546e-05,1.21417578e-05,1.0642531329755011e-06,1,33,2,0,13,1.0032340254859273,0.0026041666666666665,0.23697916666666666,0.09779577333465404,0.19656946154271335,0.05500097362232626,1.9252805661750354,0.05500091954151837,4.129725690274182e-05,6.514236582160265e-05,1.7946093113207875,-0.3929644942180592,-0.5759006724218498,1.4527558431571936,6.156501426382293,6.180067191398292,6.318983268156282,6.311364633234965,0.0013060155321289457,0.005225177216072538,1.3607216953535705e-05,2,0,45,4774.11482295006,1209.3416747619576,463829.5837534083,469813.0402511203,phi,geometry
off0000,1,1.2130773991046546e-05,1.21417578e-05,1.064279870419386e-06,1,193,3,0,4,1.0045452650801847,0.0026041666666666665,0.3567708333333333,0.09691976837872496,0.19480868582995137,0.055521718987861256,1.9149968969380748,0.05552171699142637,-1.4780376660069568e-05,1.7976249250988482e-06,1.8035493749137008,-0.6388134637113984,-0.07962490886588375,1.4527558202808069,6.15122893485468,6.171583894319516,6.302731009967621,6.320178840625792,0.0013164636563858245,0.005232006588959295,1.3625001758659942e-05,3,0,68,4730.176622123113,1204.6517303025737,463866.4089884364,469801.2373408621,phi,geometry
off0000,1,1.2130773991046546e-05,1.21417578e-05,1.0644186240985677e-06,1,37,3,0,7,1.0045452650801847,0.0026041666666666665,0.2890625,0.09691979706037089,0.19480874544618326,0.05546501114171613,1.916604032529759,0.05546500297339964,-1.0797102122042683e-05,2.809864853727961e-05,1.796557582883995,-0.5484584982494306,-0.38071661979657595,1.4527558276118904,6.156390360719213,6.178213495675008,6.312468367359816,6.319224748626176,0.0013164636563858245,0.005232006588959295,1.3625001758659796e-05,3,0,55,4735.169458275925,1206.5120823400111,463798.31424669834,469739.99578731426,phi,geometry
off0000,1,1.2130773991046546e-05,1.21417578e-05,1.0644937915653697e-06,1,33,1,0,6,1.0019331925551165,0.0026041666666666665,0.20052083333333331,0.09867431586750293,0.19833525841337915,0.054426662814360066,1.9322450500447235,0.054424333988403704,0.00019866701447130962,0.00046262992130943596,1.7928093863334156,-0.24640550185139062,-0.6772663924590545,1.4527555749420864,6.1512041571795955,6.176212769145768,6.317853825197796,6.300848731954489,0.00129565032949297,0.005218402044557898,1.3589573297658703e-05,1,0,38,4808.887831312035,1210.7255129568177,463687.2125309062,469706.82587517507,phi,geometry
off0000,1,1.2130773991046546e-05,1.21417578e-05,1.064626975857123e-06,1,193,3,0,5,1.0045452650801847,0.0026041666666666665,0.36197916666666663,0.09691981384732341,0.1948087803590858,0.05552163469594772,1.914286055115658,0.0555216242722252,-1.661488956566685e-05,2.968887948258481e-05,1.8033443574878374,-0.6397878551996367,-0.055782877893630116,1.4527558319786718,6.148944172470549,6.169225787817678,6.300434014088784,6.318094370358713,0.0013164636563858245,0.005232006588959295,1.3625001758659796e-05,3,0,69,4728.38530854632,1204.2130532239216,463715.4674290236,469648.0657907938,phi,geometry
off0000,1,1.2130773991046546e-05,1.21417578e-05,1.0647800201652247e-06,1,193,2,0,15,1.0032340254859273,0.0026041666666666665,0.4140625,0.09779576196692151,0.19656943776036073,0.0551109141430268,1.9202351984382007,0.05511090749343139,2.7028125431964317e-05,-1.552725080994681e-06,1.8112523575295973,-0.6126389674680199,0.17703561846190757,1.452755839708708,6.140368127617224,6.16027612774815,6.293658086677467,6.308535880165841,0.0013060155321289457,0.005225177216072538,1.3607216953535705e-05,2,0,79,4759.045265801574,1204.4921836227206,463617.0242917828,469580.5617412071,phi,geometry
off0000,1,1.2130773991046546e-05,1.21417578e-05,1.0647910987577303e-06,1,37,3,0,6,1.0045452650801847,0.0026041666666666665,0.28385416666666663,0.09691979165409682,0.19480873422126913,0.05545703399138384,1.9161268068871375,0.0554570291847771,-3.4264395859749784e-06,2.283374246033617e-05,1.7952755006003587,-0.5356584768411673,-0.40199230490623766,1.4527558262758853,6.15485761932421,6.1768322488902445,6.311570776483621,6.317007890849337,0.0013164636563858245,0.005232006588959295,1.3625001758659796e-05,3,0,54,4734.1141913366155,1206.3391159028815,463635.22269469145,469575.67600193096,phi,geometry
off0000,1,1.2130773991046546e-05,1.21417578e-05,1.0650040122632459e-06,1,197,0,0,10,1.000642683695185,0.0026041666666666665,0.47135416666666663,0.09953115462365147,0.20005507441580525,0.052861396866598895,1.932769958928038,0.052851373540928934,-0.0007336904566585881,0.0007220054287028219,1.821464191387456,-0.5050150551043762,0.4035191541251227,1.4527467560067966,6.12633365230006,6.1465736533998525,6.285343846820522,6.289288581650003,0.0012853673903698848,0.005211680644245755,1.3572069670796448e-05,0,0,90,4823.07632307118,1206.1517131172789,463452.57132102456,469481.799357213,phi,geometry
off0000,1,1.2130773991046546e-05,1.21417578e-05,1.0650266963747234e-06,1,193,3,0,6,1.0045452650801847,0.0026041666666666665,0.3671875,0.09691981418583506,0.19480878137575672,0.055521049761102524,1.9135035527180693,0.05552104569083814,-1.2316632688032789e-05,-1.7328336484061636e-05,1.8030365468221599,-0.6399455616994892,-0.032011484648773084,1.4527558332324848,6.146430658833269,6.166645819696679,6.297958144886502,6.315738273338408,0.0013164636563858245,0.005232006588959295,1.3625001758659796e-05,3,0,70,4726.425097423235,1203.7390156979766,463541.6357036957,469471.7998168169,phi,geometry
off0000,1,1.2130773991046546e-05,1.21417578e-05,1.0650743861924146e-06,1,33,2,0,12,1.0032340254859273,0.0026041666666666665,0.23177083333333331,0.09779577336109176,0.19656946159201774,0.05499486330602948,1.9239749267004433,0.05499480478014835,3.964910201771845e-05,6.975092077564596e-05,1.7923589119047871,-0.3729985975999414,-0.5916089043244204,1.4527558431430208,6.152326360664627,6.176087880712505,6.315563584748222,6.306481086895183,0.0013060155321289457,0.005225177216072538,1.3607216953535778e-05,2,0,44,4771.063231794279,1208.686896670906,463471.02859833714,469450.7787268023,phi,geometry
off0000,1,1.2130773991046546e-05,1.21417578e-05,1.0651850298053047e-06,1,33,0,0,1,1.000642683695185,0.0026041666666666665,0.17447916666666666,0.09953110519774912,0.2000549768487653,0.052636902766258035,1.937286906076725,0.05262547320018652,-0.0003268854327776467,-0.0010470191950444699,1.7908174084674409,-0.12805634704251873,-0.7277740981708639,1.4527467624616075,6.140652620814837,6.166843879352154,6.309465370719413,6.28760733435651,0.0012853673903698848,0.005211680644245755,1.3572069670796448e-05,0,0,33,4838.6705615447345,1210.702014736622,463352.64304478903,469402.0156210704,phi,geometry
off0000,1,1.2130773991046546e-05,1.21417578e-05,1.0652130189749294e-06,1,37,3,0,5,1.0045452650801847,0.0026041666666666665,0.2786458333333333,0.09691979441461653,0.19480873988765932,0.05544891185165776,1.915564048927155,0.055448908522174815,3.972560252072703e-06,1.880029699920845e-05,1.7938907286202492,-0.5220716386965459,-0.42282725004570226,1.452755826714925,6.153049877263423,6.175181092362694,6.310426127234892,6.314497905085983,0.0013164636563858245,0.005232006588959295,1.3625001758659942e-05,3,0,53,4732.853786476896,1206.1204420329982,463450.7075472138,469389.6817757237,phi,geometry
off0000,1,1.2130773991046546e-05,1.21417578e-05,1.0652579834888762e-06,1,197,1,0,6,1.0019331925551165,0.0026041666666666665,0.4505208333333333,0.09867431222606549,0.198335253649875,0.054505236609900254,1.926091690865115,0.054503841809928406,0.00030989062317224113,-0.00023667205407641097,1.8164491836884131,-0.5517315898366509,0.32547475704523754,1.4527555843023108,6.131615363329446,6.151612081561709,6.288286877764735,6.296829488271837,0.00129565032949297,0.005218402044557898,1.3589573297658774e-05,1,0,86,4789.962061600596,1205.0809260559142,463374.8258608516,469369.8688485081,phi,geometry
off0000,1,1.2130773991046546e-05,1.21417578e-05,1.0654706413174535e-06,1,193,3,0,7,1.0045452650801847,0.0026041666666666665,0.3723958333333333,0.09691978290278996,0.19480871585520465,0.05551992560815719,1.9126530930186723,0.05551992407568008,-1.2367785327521633e-05,4.14776014811849e-06,1.8026272314920515,-0.6393022229988204,-0.008341833489261865,1.4527558233826519,6.143699859453328,6.163855807996356,6.295313980186937,6.3131220030840565,0.0013164636563858245,0.005232006588959295,1.3625001758659942e-05,3,0,71,4724.304922436297,1203.2336429500704,463348.6485116695,469276.18707705586,phi,geometry
off0000,1,1.2130773991046546e-05,1.21417578e-05,1.0655476810491875e-06,1,33,1,0,5,1.0019331925551165,0.0026041666666666665,0.1953125,0.0986743165322468,0.19833525967534688,0.054427844210016445,1.930440663822206,0.054425509004718736,0.0001809134402685139,0.00047060095009581956,1.7900214963767807,-0.2228573148692616,-0.6875745895949131,1.4527555746704606,6.1454599644175465,6.170684725362434,6.312726873473029,6.294598850327633,0.00129565032949297,0.005218402044557898,1.3589573297658703e-05,1,0,37,4804.622121157674,1209.7396354305097,463227.89637274947,469242.2581293376,phi,geometry
off0000,1,1.2130773991046546e-05,1.21417578e-05,1.0656127759920472e-06,1,197,2,0,0,1.0032340254859273,0.0026041666666666665,0.4192708333333333,0.09779576224287351,0.19656943834541354,0.05510688069291063,1.9187634016276665,0.05510687366096347,2.7683028395740514e-05,-2.9440168549073252e-06,1.8099938353461957,-0.6050359450079921,0.19876320756827154,1.4527558398210052,6.135661729746953,6.1555636769846584,6.289446162574097,6.303601180956663,0.0013060155321289457,0.005225177216072538,1.3607216953535849e-05,2,0,80,4755.433911663793,1203.6862264223691,463254.4734531862,469213.59359127237,phi,geometry
off0000,1,1.2130773991046546e-05,1.21417578e-05,1.0656836388551795e-06,1,37,3,0,4,1.0045452650801847,0.0026041666666666665,0.2734375,0.09691979485051397,0.19480874085948938,0.05544059022579551,1.9149163117481787,0.05544058678774099,1.140521766965144e-05,1.584728814332607e-05,1.7924045104330815,-0.5077143977117021,-0.4431891721766639,1.452755827071671,6.150969244319858,6.173262044790921,6.309033237318971,6.311700105611934,0.0013164636563858245,0.005232006588959295,1.3625001758659796e-05,3,0,52,4731.389735952708,1205.8556378445962,463245.1477584925,469182.3931322898,phi,geometry
off0000,1,1.2130773991046546e-05,1.21417578e-05,1.0659342539914191e-06,1,33,2,0,11,1.0032340254859273,0.0026041666666666665,0.2265625,0.09779577339594768,0.19656946165950998,0.054989414351940456,1.9225947115119066,0.05498935170445153,3.771086402313341e-05,7.394446742496528e-05,1.790026657550114,-0.35246600219844304,-0.6065828115663727,1.4527558431335308,6.147912822692849,6.171873658948343,6.311896471185656,6.3013774065363455,0.0013060155321289457,0.005225177216072538,1.3607216953535778e-05,2,0,43,4767.832278764969,1207.9847096160297,463096.26520405884,469072.0821924398,phi,geometry
off0000,1,1.2130773991046546e-05,1.21417578e-05,1.0659626102267684e-06,1,193,3,0,8,1.0045452650801847,0.0026041666666666665,0.37760416666666663,0.09691979906333933,0.1948087494720594,0.055518116572141014,1.9117226606975781,0.05551811487357466,-1.1110784620812732e-05,8.07173294260516e-06,1.802119235541292,-0.6378235557782217,0.01519552602321106,1.4527558276115566,6.140710673314611,6.1608123136715705,6.292463174984943,6.310206081665525,0.0013164636563858245,0.005232006588959295,1.3625001758659796e-05,3,0,72,4721.991677013896,1202.6885247140347,463134.9239560878,469059.60415781575,phi,geometry
off0000,1,1.2130773991046546e-05,1.21417578e-05,1.0661715731471205e-06,1,197,0,0,11,1.000642683695185,0.0026041666666666665,0.4765625,0.09953117084867326,0.20005510796979148,0.05278729447737005,1.9307338008454293,0.05277769013477406,-0.0006990899983363569,0.0007246761018422406,1.8193918876348985,-0.49072274498918106,0.420401423029992,1.4527467594274635,6.119879108747705,6.140169494195737,6.279642291834997,6.282391467682445,0.0012853673903698848,0.005211680644245755,1.3572069670796448e-05,0,0,91,4818.036641297079,1205.0510786318985,462944.5837066334,468967.6714265624,phi,geometry
off0000,1,1.2130773991046546e-05,1.21417578e-05,1.0662023939175228e-06,1,37,3,0,3,1.0045452650801847,0.0026041666666666665,0.26822916666666663,0.09691979748883388,0.194808746335891,0.05543203093172968,1.9141838798569817,0.055432025929924536,1.902850012448963e-05,1.3872151700276595e-05,1.790818533126459,-0.49260485146244026,-0.46304359150169955,1.4527558277181476,6.148616490696169,6.171075671480706,6.307389475592394,6.30861876782843,0.0013164636563858245,0.005232006588959295,1.3625001758659796e-05,3,0,51,4729.722440272052,1205.542920645888,463018.84959174274,468954.1149526607,phi,geometry
off0000,1,1.2130773991046546e-05,1.21417578e-05,1.0663100798740074e-06,1,197,1,0,7,1.0019331925551165,0.0026041666666666665,0.45572916666666663,0.09867431273122447,0.1983352546794861,0.054503486636410914,1.9242605719885923,0.05450211827599622,0.00029567959379841736,-0.00024846032390177534,1.8146427410798502,-0.5396383000782363,0.3444429941873447,1.4527555843544708,6.125786073430936,6.145817724558948,6.28315057927603,6.290598393954366,0.00129565032949297,0.005218402044557898,1.358957329765863e-05,1,0,87,4785.488570254392,1204.0939362697495,462917.17307725386,468906.755583778,phi,geometry
off0000,1,1.2130773991046546e-05,1.21417578e-05,1.066350475185891e-06,1,33,0,0,0,1.000642683695185,0.0026041666666666665,0.16927083333333331,0.09953109921570373,0.20005496446379195,0.05263893158944216,1.9351970003043788,0.05262742209651066,-0.0002987934949767441,-0.0010593794414807463,1.7877499505862433,-0.10284949355701334,-0.7337298725287227,1.4527467611500828,6.134028393804831,6.16044389486609,6.303263606426295,6.2807159688574545,0.0012853673903698848,0.005211680644245755,1.3572069670796521e-05,0,0,32,4833.692968649758,1209.506650581338,462845.7929165838,468888.99253581493,phi,geometry
off0000,1,1.2130773991046546e-05,1.21417578e-05,1.0664814690960513e-06,1,197,2,0,1,1.0032340254859273,0.0026041666666666665,0.42447916666666663,0.0977957626103384,0.19656943912423433,0.05510289682305334,1.9172370258600602,0.055102889595349674,2.785604655595566e-05,-4.536015538543404e-06,1.8086532734143257,-0.5967552333380155,0.2201234684899918,1.452755839969616,6.130780800980479,6.150682663687747,6.2850951888189615,6.298461221294791,0.0013060155321289457,0.005225177216072538,1.3607216953535705e-05,2,0,81,4751.693529377097,1202.8535655274252,462876.85268909694,468831.39978400146,phi,geometry
off0000,1,1.2130773991046546e-05,1.21417578e-05,1.0665018624117652e-06,1,193,3,0,9,1.0045452650801847,0.0026041666666666665,0.3828125,0.09691979958556568,0.19480875071473414,0.05551587092420879,1.910719908540283,0.05551586962401166,-9.476290214072263e-06,7.3866822234543454e-06,1.80151300821745,-0.6355420843553862,0.0385708326162721,1.4527558283311908,6.137489681791036,6.157543019140872,6.2894298812013645,6.30701709855627,0.0013164636563858245,0.005232006588959295,1.3625001758659796e-05,3,0,73,4719.506580092009,1202.1084550550265,462900.8199011693,468822.43493631633,phi,geometry
off0000,1,1.2130773991046546e-05,1.21417578e-05,1.0666286796730484e-06,1,33,1,0,4,1.0019331925551165,0.0026041666666666665,0.19010416666666666,0.09867431714613237,0.1983352608443501,0.054429924768872,1.928576940352103,0.0544275879221939,0.0001624288735071019,0.00047749364181075044,1.7871755192237018,-0.19896226462235542,-0.6970126940032833,1.4527555744327503,6.139526876158221,6.164969817997214,6.307377142381287,6.288203144720746,0.00129565032949297,0.005218402044557898,1.358957329765863e-05,1,0,36,4800.212884870921,1208.710926716105,462757.77028599154,468766.6940975786,phi,geometry
off0000,1,1.2130773991046546e-05,1.21417578e-05,1.0667682925729484e-06,1,37,3,0,2,1.0045452650801847,0.0026041666666666665,0.2630208333333333,0.09691980008079115,0.1948087520140654,0.05542356524263681,1.9133672968992939,0.05542355787978319,2.476877573527296e-05,1.4235831203730208e-05,1.789134592922825,-0.47676259666983667,-0.48235800777764865,1.4527558294644394,6.145993434048257,6.168623606130627,6.305493120799349,6.305259294621623,0.0013164636563858245,0.005232006588959295,1.3625001758659942e-05,3,0,50,4727.853392548414,1205.1815651152158,462772.30947476724,468705.34443243087,phi,geometry
off0000,1,1.2130773991046546e-05,1.21417578e-05,1.066831230450854e-06,1,33,2,0,10,1.0032340254859273,0.0026041666666666665,0.22135416666666666,0.09779577342000334,0.19656946170536188,0.05498466043201447,1.9211418643327363,0.054984594081076706,3.5466439068983085e-05,7.770903976876639e-05,1.7876156892978736,-0.331396542763807,-0.6207999208377416,1.4527558431242928,6.143267028547374,6.167430539620389,6.3079842948423535,6.296063639512455,0.0013060155321289457,0.005225177216072538,1.3607216953535705e-05,2,0,42,4764.426594190852,1207.2355635858787,462706.03092840605,468677.69308618276,phi,geometry
off0000,1,1.2130773991046546e-05,1.21417578e-05,1.0670859256433944e-06,1,193,3,0,10,1.0045452650801847,0.0026041666666666665,0.3880208333333333,0.09691979862879924,0.1948087487311159,0.05551317518338933,1.9096478891748763,0.05551317412532915,-7.73855837601645e-06,7.588627925645365e-06,1.8008105369220233,-0.6324735013861447,0.06175549194221681,1.4527558281055384,6.134046241486727,6.15405741489804,6.286222164400625,6.303565083664693,0.0013164636563858245,0.005232006588959295,1.3625001758659942e-05,3,0,74,4716.856829964389,1201.4950279734649,462647.475864443,468565.82772238087,phi,geometry
off0000,1,1.2130773991046546e-05,1.21417578e-05,1.0671845293114074e-06,1,197,0,0,12,1.000642683695185,0.0026041666666666665,0.4817708333333333,0.09953106118796157,0.20005487669589767,0.05321961114482959,1.928980914236184,0.05320772054164776,-0.0007598783521765743,0.0008294998846764913,1.8172363873677035,-0.47597760335172945,0.4382517552980089,1.4527467200010467,6.114326323145787,6.13472544080202,6.274826749641077,6.2763105335089096,0.0012853673903698848,0.005211680644245755,1.3572069670796592e-05,0,0,92,4814.135793162602,1204.1387522319048,462504.2595309016,468522.53407629614,phi,geometry
off0000,1,1.2130773991046546e-05,1.21417578e-05,1.0673799875032541e-06,1,37,3,0,1,1.0045452650801847,0.0026041666666666665,0.2578125,0.09691980581449257,0.1948087638289274,0.05541526594183117,1.9124669981144724,0.05541525696518251,2.368122355036492e-05,2.083473820403319e-05,1.787354720491094,-0.46020866059963683,-0.5010999009421904,1.4527558305462198,6.1431013713960585,6.165906906838648,6.30334184858013,6.301626746339958,0.0013164636563858245,0.005232006588959295,1.3625001758659796e-05,3,0,49,4725.783452984674,1204.7701818849373,462506.1847843764,468436.73841924604,phi,geometry
off0000,1,1.2130773991046546e-05,1.21417578e-05,1.0673845872450733e-06,1,197,2,0,2,1.0032340254859273,0.0026041666666666665,0.4296875,0.09779576310499496,0.19656944017039535,0.05509903650784962,1.915658597182882,0.05509902932228195,2.7422298694411608e-05,-6.312938524782761e-06,1.8072331847835623,-0.5878167346617122,0.24109658485634225,1.4527558401614067,6.1257334177923966,6.145641140525989,6.280610884377006,6.2931259794236425,0.0013060155321289457,0.005225177216072538,1.3607216953535705e-05,2,0,82,4747.830341451145,1201.9952715396112,462484.8941448646,468434.71975785535,phi,geometry
off0000,1,1.2130773991046546e-05,1.21417578e-05,1.0673867327840587e-06,1,197,1,0,8,1.0019331925551165,0.0026041666666666665,0.4609375,0.09867431312935164,0.19833525549161005,0.05450221314071256,1.9223928884524726,0.054500876830752595,0.00027946988515577714,-0.0002599201763755125,1.8127721757600561,-0.5270084829251547,0.3629235667295796,1.452755584398012,6.119840385139708,6.1399127134305385,6.277915268824475,6.284234996994149,0.00129565032949297,0.005218402044557898,1.358957329765863e-05,1,0,88,4780.930046678078,1203.087589860378,462449.7605273074,468433.7781638459,phi,geometry
off0000,1,1.2130773991046546e-05,1.21417578e-05,1.0675324473374493e-06,1,5,0,0,15,1.000642683695185,0.0026041666666666665,0.1640625,0.09953109204430652,0.20005494961482295,0.05264011758867066,1.933063462388847,0.05262844707786568,-0.00027889489990040286,-0.0010727327515156744,1.7846477628622388,-0.07746900926068682,-0.7387592738759567,1.4527467595719474,6.1272659014203255,6.153906143533499,6.296876301212646,6.273742327469218,0.0012853673903698848,0.005211680644245755,1.3572069670796521e-05,0,0,31,4828.607476050358,1208.277257560912,462332.95381046156,468369.8385440728,phi,geometry
off0000,1,1.2130773991046546e-05,1.21417578e-05,1.067713981514321e-06,1,193,3,0,11,1.0045452650801847,0.0026041666666666665,0.39322916666666663,0.09691979868864362,0.1948087488444466,0.05551008378100215,1.9085083183432254,0.05551008289270211,-5.916291961844725e-06,7.976008267520575e-06,1.8000137494944843,-0.6286308250903562,0.08472183049434075,1.4527558280795998,6.130385784587473,6.15036087190218,6.2828442497494805,6.2998564368215195,0.0013164636563858245,0.005232006588959295,1.3625001758659796e-05,3,0,75,4714.046547879851,1200.849054605486,462375.3100674435,468290.20566992887,phi,geometry
off0000,1,1.2130773991046546e-05,1.21417578e-05,1.067734915066163e-06,1,33,1,0,3,1.0019331925551165,0.0026041666666666665,0.18489583333333331,0.0986743174290972,0.1983352613317366,0.05443287393350815,1.9266567095855938,0.05443054011200927,0.0001430801338016313,0.0004833175472219371,1.784275541993829,-0.17475544345317465,-0.7055688498065227,1.452755574134734,6.133413910108905,6.159076818382419,6.301810613133456,6.281673604179996,0.00129565032949297,0.005218402044557898,1.3589573297658703e-05,1,0,35,4795.666868641924,1207.6405074690174,462277.71719731245,468281.0245734234,phi,geometry
off0000,1,1.2130773991046546e-05,1.21417578e-05,1.067763713668714e-06,1,33,2,0,9,1.0032340254859273,0.0026041666666666665,0.21614583333333331,0.09779577342584157,0.1965694617143166,0.05498063344670893,1.9196185253638827,0.05498056389627257,3.29072302554402e-05,8.102446207428541e-05,1.78512928724473,-0.30982098532660995,-0.6342394404265459,1.4527558431140193,6.138395822216178,6.16276516796713,6.303830105315596,6.29055038542377,0.0013060155321289457,0.005225177216072538,1.3607216953535778e-05,2,0,41,4760.85129074063,1206.440040570356,462301.103257654,468268.394588965,phi,geometry
off0000,1,1.2130773991046546e-05,1.21417578e-05,1.068037117294301e-06,1,37,3,0,0,1.0045452650801847,0.0026041666666666665,0.25260416666666663,0.09691980310433614,0.19480875829316693,0.0554072597906078,1.9114849313792444,0.05540724859184698,2.3126587561213213e-05,2.657341007351393e-05,1.7854808231368182,-0.4429654619633008,-0.5192441358438473,1.4527558302168018,6.139946926724514,6.162932206308662,6.300938464666907,6.297731215594347,0.0013164636563858245,0.005232006588959295,1.3625001758659796e-05,3,0,48,4723.517755113827,1204.3107140864286,462220.6954947131,468148.5239639133,phi,geometry
off0000,1,1.2130773991046546e-05,1.21417578e-05,1.0683205958537023e-06,1,197,2,0,3,1.0032340254859273,0.0026041666666666665,0.4348958333333333,0.09779576288107406,0.19656943970099747,0.05509540816865888,1.914030638589144,0.05509540122145132,2.6406343954647205e-05,-8.259747154316701e-06,1.8057360929229518,-0.5782407849784075,0.26166398827671,1.4527558400900251,6.120527674476731,6.1404471770774744,6.275998895855147,6.2876055401209205,0.0013060155321289457,0.005225177216072538,1.3607216953535849e-05,2,0,83,4743.85060964744,1201.1124298127493,462079.3378497748,468024.300889235,phi,geometry
off0000,1,1.2130773991046546e-05,1.21417578e-05,1.0683849475219715e-06,1,193,3,0,12,1.0045452650801847,0.0026041666666666665,0.3984375,0.09691979880366342,0.19480874908554704,0.055506659003227335,1.9073032025487349,0.055506658240034555,-4.068956123623487e-06,8.256401067373321e-06,1.7991246058372306,-0.6240289349572056,0.10744322900893141,1.4527558281165536,6.1265147866974585,6.146459845966846,6.279301152065749,6.2958987512723334,0.0013164636563858245,0.005232006588959295,1.3625001758659796e-05,3,0,76,4711.08068507835,1200.1715048051758,462084.8583503368,467996.1105402203,phi,geometry
off0000,1,1.2130773991046546e-05,1.21417578e-05,1.0684861741883052e-06,1,197,1,0,9,1.0019331925551165,0.0026041666666666665,0.4661458333333333,0.09867431366466942,0.19833525658737072,0.05450142722448683,1.9204914670173263,0.054500128709825034,0.00026088391594975235,-0.00027107139454058137,1.8108403840676925,-0.5138637264559615,0.3809050392797753,1.4527555844704265,6.113787289729953,6.133906002143384,6.272587211234637,6.277750539328464,0.00129565032949297,0.005218402044557898,1.3589573297658774e-05,1,0,89,4776.293410333121,1202.0630149975386,461973.416914024,467951.77333935467,phi,geometry
off0000,1,1.2130773991046546e-05,1.21417578e-05,1.0684875196401775e-06,1,197,0,0,13,1.000642683695185,0.0026041666666666665,0.48697916666666663,0.09953077435744416,0.20005427206716084,0.05233769412601821,1.926731950770014,0.05233132463405193,-0.0004529260383378726,0.0006793721203480685,1.815267978058685,-0.4607875476326672,0.4525185232666504,1.452746617948729,6.1072065421744774,6.127605383063682,6.26848203787332,6.268808015241113,0.0012853673903698848,0.005211680644245755,1.3572069670796448e-05,0,0,93,4807.914650704932,1202.8624529849549,461940.40698536654,467951.18408905645,phi,geometry
off0000,1,1.2130773991046546e-05,1.21417578e-05,1.068730090659929e-06,1,33,2,0,8,1.0032340254859273,0.0026041666666666665,0.2109375,0.09779577347395729,0.19656946180888882,0.05497742112186746,1.9180268706432484,0.054977348980628594,3.0010667344966586e-05,8.385483396431094e-05,1.7825708671849951,-0.2877709522211795,-0.6468817967995253,1.4527558431061103,6.133306160153233,6.1578842821363375,6.29943715197185,6.284848294783923,0.0013060155321289457,0.005225177216072538,1.3607216953535778e-05,2,0,40,4757.111594981825,1205.5987581171723,461882.262264127,467844.972617226,phi,geometry
off0000,1,1.2130773991046546e-05,1.21417578e-05,1.068734320696428e-06,1,5,0,0,14,1.000642683695185,0.0026041666666666665,0.15885416666666666,0.09953108498270788,0.2000549350582846,0.05264736409585877,1.9308795934661716,0.052635678910760764,-0.0002145973461247511,-0.0010882094578939206,1.7814961654599129,-0.051953444588533515,-0.7428783591619161,1.4527467582542841,6.120343870071591,6.147210935328646,6.290281055779192,6.266666162339065,0.0012853673903698848,0.005211680644245755,1.3572069670796448e-05,0,0,30,4823.404312797528,1206.9994465356754,461812.7171335946,467843.1208929278,phi,geometry
off0000,1,1.2130773991046546e-05,1.21417578e-05,1.068738287324841e-06,1,33,3,0,15,1.0045452650801847,0.0026041666666666665,0.24739583333333331,0.0969198023622026,0.1948087567384558,0.05539972083120393,1.9104229004350834,0.05539970718004962,2.2758959173268343e-05,3.1536801781595534e-05,1.7835154520474001,-0.42505682413534746,-0.5367634367865676,1.4527558299818095,6.1365355638538945,6.159704846489093,6.298284581683145,6.293581868691661,0.0013164636563858245,0.005232006588959295,1.3625001758659869e-05,3,0,47,4721.060489229064,1203.803403828496,461916.5205973868,467841.3844904444,phi,geometry
off0000,1,1.2130773991046546e-05,1.21417578e-05,1.0688643993635552e-06,1,33,1,0,2,1.0019331925551165,0.0026041666666666665,0.1796875,0.09867431676679744,0.1983352598752739,0.05443679317298546,1.924683069254029,0.05443446730404921,0.00012258251050175723,0.0004880510331037592,1.7813258210705678,-0.1502722302498851,-0.713233126737747,1.452755573676055,6.127130946783933,6.153015366858827,6.296034306815546,6.2750228472032585,0.00129565032949297,0.005218402044557898,1.3589573297658703e-05,1,0,34,4790.991591529215,1206.5296685777796,461788.6640574319,467786.1853175389,phi,geometry
off0000,1,1.2130773991046546e-05,1.21417578e-05,1.0690975896369742e-06,1,193,3,0,13,1.0045452650801847,0.0026041666666666665,0.4036458333333333,0.09691979892018322,0.1948087493351872,0.055502976707243204,1.906034723305355,0.05550297602882669,-2.2719936810322943e-06,8.375339790533767e-06,1.7981451849903516,-0.6186838923614458,0.12989419338148597,1.4527558281741073,6.122440256832346,6.142361334974375,6.275598222398009,6.291700305763089,0.0013164636563858245,0.005232006588959295,1.3625001758659942e-05,3,0,77,4707.964614852043,1199.4634157446612,461776.72432988277,467684.15236047946,phi,geometry
off0000,1,1.2130773991046546e-05,1.21417578e-05,1.0692079516738706e-06,1,37,4,0,14,1.0058669945911962,0.0026041666666666665,0.3255208333333333,0.09604710385611133,0.19305463438304396,0.055881259403827224,1.900435840532341,0.05588125709850766,-1.6041820039814286e-05,5.552707860706304e-07,1.787195286416135,-0.6073064207754241,-0.22083546698109507,1.4527558346005138,6.1321260749248765,6.153019251090887,6.285566028474461,6.299719652341836,0.0013269953656369626,0.005238890596829146,1.3642928842225028e-05,4,0,62,4678.916497352724,1199.792580913766,461757.16962730995,467635.87870557647,phi,geometry
off0000,1,1.2130773991046546e-05,1.21417578e-05,1.0692230131206658e-06,1,37,4,0,13,1.0058669945911962,0.0026041666666666665,0.3203125,0.09604710406627706,0.19305463482207963,0.055876874321668116,1.9005551256004343,0.0558768723661712,-1.4737931039202428e-05,1.152170123003241e-06,1.7866591870105326,-0.600373206659604,-0.24394824787690042,1.452755834662982,6.132510964701186,6.153517571664819,6.286315738489727,6.299622158470738,0.0013269953656369626,0.005238890596829146,1.3642928842224883e-05,4,0,61,4679.288718578499,1199.9354367555577,461750.0672688051,467629.29142413917,phi,geometry
off0000,1,1.2130773991046546e-05,1.21417578e-05,1.0692450977351656e-06,1,37,4,0,15,1.0058669945911962,0.0026041666666666665,0.33072916666666663,0.09604710394649134,0.1930546345676318,0.0558850698747491,1.9002324714599956,0.05588506723806745,-1.7166608670069602e-05,9.907893334438092e-08,1.787625272382236,-0.6133926853474729,-0.197556940383061,1.4527558346115157,6.131469862151349,6.152255327116435,6.284591934840924,6.299508815656346,0.0013269953656369626,0.005238890596829146,1.3642928842224883e-05,4,0,63,4678.3436891466245,1199.6068605161122,461741.68227267236,467619.6328223351,phi,geometry
off0000,1,1.2130773991046546e-05,1.21417578e-05,1.0692878957637394e-06,1,197,2,0,4,1.0032340254859273,0.0026041666666666665,0.44010416666666663,0.09779576254420799,0.1965694389936923,0.055092049593883696,1.9123557744667692,0.055092043154666155,2.45376187062807e-05,-1.0363619608193606e-05,1.8041646444863098,-0.5680480616874315,0.281808345041689,1.452755839978411,6.115171944089504,6.135109117161248,6.271265068231896,6.281910336339785,0.0013060155321289457,0.005225177216072538,1.3607216953535705e-05,2,0,84,4739.760751715732,1200.2061071843161,461660.94958360284,467600.9164425029,phi,geometry
off0000,1,1.2130773991046546e-05,1.21417578e-05,1.0692904320113404e-06,1,37,4,0,12,1.0058669945911962,0.0026041666666666665,0.31510416666666663,0.09604710430285693,0.19305463530160863,0.05587171331177453,1.900589501004434,0.05587171173603099,-1.3116047493717138e-05,2.0120333471950343e-06,1.786016891463689,-0.5925959791526079,-0.26685973886449604,1.4527558346780456,6.132621876078886,6.1537475435929565,6.286836823136111,6.299215385292083,0.0013269953656369626,0.005238890596829146,1.3642928842224883e-05,4,0,60,4679.458132356285,1200.0345918635405,461720.3146167078,467599.8073409276,phi,geometry
off0000,1,1.2130773991046546e-05,1.21417578e-05,1.0693341064434932e-06,1,193,4,0,0,1.0058669945911962,0.0026041666666666665,0.3359375,0.09604710410212076,0.19305463488176527,0.05588821945137703,1.8999459040007534,0.055888216528589954,-1.806917346642974e-05,-4.513224119678076e-07,1.7879494964960538,-0.6186305955929127,-0.17414712832862278,1.4527558346164762,6.13054519151011,6.151228719535306,6.283397669698176,6.298991062911342,0.0013269953656369626,0.005238890596829146,1.3642928842224883e-05,4,0,64,4677.572429263501,1199.3790713390156,461703.75782789156,467580.7093284941,phi,geometry
off0000,1,1.2130773991046546e-05,1.21417578e-05,1.0694101839310517e-06,1,37,4,0,11,1.0058669945911962,0.0026041666666666665,0.3098958333333333,0.0960471032723426,0.19305463317346203,0.055866138327755006,1.9005385569446802,0.05586613713559405,-1.118835774081723e-05,2.8325794925607137e-06,1.785268510441843,-0.5839793533250186,-0.2895362964262402,1.4527558344642828,6.1324575280548395,6.153707828995265,6.287126151076994,6.2984999170322205,0.0013269953656369626,0.005238890596829146,1.3642928842225028e-05,4,0,59,4679.424003225694,1200.0894508543552,461667.93233706325,467547.4457911433,phi,geometry
off0000,1,1.2130773991046546e-05,1.21417578e-05,1.0694746924062959e-06,1,193,4,0,1,1.0058669945911962,0.0026041666666666665,0.3411458333333333,0.09604709701909661,0.19305461996603454,0.05589080439604012,1.899577224024026,0.0558908012675688,-1.8678133805735433e-05,-9.126146307071798e-07,1.7881684907228068,-0.6230205279624562,-0.15064030189270883,1.4527558320622478,6.129355799825184,6.149943221239577,6.281988044388583,6.298168897744248,0.0013269953656369626,0.005238890596829146,1.3642928842225028e-05,4,0,65,4676.605648527132,1199.1101181468823,461643.5285410247,467519.24430769874,phi,geometry
off0000,1,1.2130773991046546e-05,1.21417578e-05,1.0694820430998288e-06,1,33,3,0,14,1.0045452650801847,0.0026041666666666665,0.2421875,0.09691980186876076,0.19480875570389006,0.05539245131681817,1.909282604582499,0.055392435038368784,2.2390921331174033e-05,3.608396883618666e-05,1.7814610649722633,-0.4065078009517291,-0.5536315976483006,1.4527558298224168,6.132872795664892,6.156230217710336,6.295381823593183,6.2891879762838165,0.0013164636563858245,0.005232006588959295,1.3625001758659869e-05,3,0,46,4718.415599714987,1203.2485256802286,461594.36685982853,467516.03098522377,phi,geometry
off0000,1,1.2130773991046546e-05,1.21417578e-05,1.0695822708579467e-06,1,37,4,0,10,1.0058669945911962,0.0026041666666666665,0.3046875,0.09604710493192913,0.19305463688772323,0.05586010176167562,1.9004020433096285,0.055860101049495625,-8.517083449879109e-06,2.650317508511058e-06,1.7844144762521745,-0.5745297409454895,-0.3119430716111478,1.4527558358883823,6.132016987266491,6.153397408955862,6.2871806974720155,6.297476935061074,0.0013269953656369626,0.005238890596829146,1.3642928842224883e-05,4,0,58,4679.185527543189,1200.0993527829737,461592.93639998144,467472.2212803076,phi,geometry
off0000,1,1.2130773991046546e-05,1.21417578e-05,1.069605443248413e-06,1,197,1,0,10,1.0019331925551165,0.0026041666666666665,0.47135416666666663,0.09867431185481179,0.1983352528886433,0.05450585043784488,1.91856179230582,0.054504608223993764,0.00023774988208465306,-0.000280872382471476,1.8088503607229094,-0.50022537291065,0.3983896330286751,1.4527555842473303,6.107644324059014,6.127815485310931,6.267181033912917,6.271164174728255,0.00129565032949297,0.005218402044557898,1.358957329765863e-05,1,0,90,4771.596126521472,1201.0225985426111,461489.4750368095,467462.0937618736,phi,geometry
off0000,1,1.2130773991046546e-05,1.21417578e-05,1.0696667710113299e-06,1,193,4,0,2,1.0058669945911962,0.0026041666666666665,0.34635416666666663,0.09604710860652085,0.19305464439306413,0.055893564836479774,1.8991240436066974,0.05589356042494324,-1.8985881624155043e-05,1.151908355532096e-05,1.7882790348692708,-0.6265647310527377,-0.12707031224048113,1.4527558363376805,6.127893155321031,6.148390490911737,6.280355577952944,6.297033128691838,0.0013269953656369626,0.005238890596829146,1.3642928842224883e-05,4,0,66,4675.437617944205,1198.7985715211887,461561.05632435996,467435.29251382535,phi,geometry
off0000,1,1.2130773991046546e-05,1.21417578e-05,1.0697286642925085e-06,1,33,2,0,7,1.0032340254859273,0.0026041666666666665,0.20572916666666666,0.09779577381139588,0.19656946248544574,0.054975007810928754,1.9163692509898922,0.054974933751417036,2.673839072631435e-05,8.618525075381997e-05,1.7799439785774405,-0.2652788347053504,-0.6587091005313679,1.4527558430998486,6.128005551874788,6.152795174197779,6.294809333814336,6.278968455496581,0.0013060155321289457,0.005225177216072538,1.3607216953535705e-05,2,0,39,4753.2130784309,1204.7124550804278,461450.3217070984,467408.2472406097,phi,geometry
off0000,1,1.2130773991046546e-05,1.21417578e-05,1.069804520475823e-06,1,37,4,0,9,1.0058669945911962,0.0026041666666666665,0.29947916666666663,0.09604711855524412,0.19305466497161666,0.055853532424513075,1.900180711878066,0.05585353052405355,-1.0173303314188724e-05,1.0430659198831246e-05,1.7834554050051459,-0.5642552110418739,-0.33405031501774535,1.4527558385260677,6.131302383502474,6.1528184525385115,6.287000219696554,6.296150688632585,0.0013269953656369626,0.005238890596829146,1.3642928842224883e-05,4,0,57,4678.74428489988,1200.0652193052285,461496.2954146002,467375.1049188053,phi,geometry
off0000,1,1.2130773991046546e-05,1.21417578e-05,1.0698318406029742e-06,1,197,0,0,14,1.000642683695185,0.0026041666666666665,0.4921875,0.09953236135228748,0.20005762435499963,0.053589999208449035,1.9241769225338552,0.05357046679717915,-0.00038948693638332275,0.0013933421045388798,1.8124695407479225,-0.4447167880539087,0.46865549340201584,1.4527472078463453,6.099059186617759,6.119557091830639,6.261152000220983,6.26020462307966,0.0012853673903698848,0.005211680644245755,1.3572069670796448e-05,0,0,94,4802.61721658537,1201.4438171822305,461359.10860062286,467363.16963439045,phi,geometry
off0000,1,1.2130773991046546e-05,1.21417578e-05,1.0698505938459243e-06,1,193,3,0,14,1.0045452650801847,0.0026041666666666665,0.40885416666666663,0.09691979908859388,0.19480874969367304,0.055499127176484364,1.904705161177225,0.055499126551606937,-6.137989199632033e-07,8.305633889627536e-06,1.7970776618330306,-0.6126127054440509,0.1520503254991798,1.452755828248608,6.118169518881287,6.138072652467391,6.271740955070446,6.287269840360154,0.0013164636563858245,0.005232006588959295,1.3625001758659796e-05,3,0,78,4704.70396123401,1198.7258544559452,461451.54748313833,467354.9772988283,phi,geometry
off0000,1,1.2130773991046546e-05,1.21417578e-05,1.0699100792830515e-06,1,193,4,0,3,1.0058669945911962,0.0026041666666666665,0.3515625,0.0960471128193238,0.1930546529031426,0.0558934060076799,1.8985936786784883,0.055893401786088905,-1.8877503866333235e-05,-1.074979201459872e-05,1.788288192161854,-0.6292671296524696,-0.10347066266022056,1.4527558364970115,6.126181695357702,6.146594833757749,6.278524867596286,6.295606892548664,0.0013269953656369626,0.005238890596829146,1.3642928842224883e-05,4,0,67,4674.084323246013,1198.4491046444566,461456.45961706794,467328.9930449584,phi,geometry
off0000,1,1.2130773991046546e-05,1.21417578e-05,1.069954636991619e-06,1,5,0,0,13,1.000642683695185,0.0026041666666666665,0.15364583333333331,0.09953107994586247,0.20005492468691705,0.05264513009871623,1.9286494152328797,0.052633475943695406,-0.00014095340136684973,-0.0010986652510374614,1.7783154654758728,-0.026336512298516166,-0.7460489663871998,1.4527467573558723,6.113274988588571,6.140368103148275,6.283488817434133,6.259503948312973,0.0012853673903698848,0.005211680644245755,1.3572069670796521e-05,0,0,29,4818.078959751606,1205.6820438092825,461285.7703667083,467309.5313702692,phi,geometry
off0000,1,1.2130773991046546e-05,1.21417578e-05,1.0700151767075348e-06,1,33,1,0,1,1.0019331925551165,0.0026041666666666665,0.17447916666666666,0.09867431792562545,0.19833526212695474,0.054441559248320594,1.9226590281693021,0.054439245184356624,9.967537261426564e-05,0.0004919572806659911,1.778330815990036,-0.12554823381380303,-0.7199964503297033,1.4527555733919935,6.120687478692939,6.146794664849073,6.2900550804009345,6.2682629411077135,0.00129565032949297,0.005218402044557898,1.358957329765863e-05,1,0,33,4786.1940593649015,1205.3794824669262,461291.5182162808,467283.0917581126,phi,geometry
off0000,1,1.2130773991046546e-05,1.21417578e-05,1.0700774038714891e-06,1,37,4,0,8,1.0058669945911962,0.0026041666666666665,0.2942708333333333,0.09604710938174375,0.19305464617481777,0.055846602132777305,1.899873552959329,0.05584659508075871,-1.5652557812164364e-05,2.329506251535235e-05,1.782391351797051,-0.5531652155508,-0.3558213464338836,1.4527558371788212,6.130311568306479,6.151968676129502,6.286580080042152,6.294521657450756,0.0013269953656369626,0.005238890596829146,1.3642928842225028e-05,4,0,56,4678.098682153639,1199.9860688835429,461377.83355078264,467255.9183018198,phi,geometry
off0000,1,1.2130773991046546e-05,1.21417578e-05,1.070203500283824e-06,1,193,4,0,4,1.0058669945911962,0.0026041666666666665,0.3567708333333333,0.0960470768924971,0.19305457825651906,0.05589478043796148,1.897987451830035,0.05589477735569021,-1.8545275456798504e-05,7.990621206829896e-07,1.7881964924346374,-0.6311337339654207,-0.07987416102592282,1.4527558273400194,6.1242267319438,6.144561662826528,6.276501468801254,6.293894947135217,0.0013269953656369626,0.005238890596829146,1.3642928842225028e-05,4,0,68,4672.553198560702,1198.0628146492681,461330.2479976041,467200.86401081405,phi,geometry
off0000,1,1.2130773991046546e-05,1.21417578e-05,1.0702671541412385e-06,1,33,3,0,13,1.0045452650801847,0.0026041666666666665,0.23697916666666666,0.09691980141693397,0.1948087547591657,0.055385725223490015,1.9080654058890192,0.05538570628761684,2.1855732518091425e-05,4.024774197528205e-05,1.7793203110685425,-0.3873446575665806,-0.569821849373996,1.4527558296861236,6.128963003861484,6.152512495622321,6.2922306950826625,6.284557823186809,0.0013164636563858245,0.005232006588959295,1.3625001758659796e-05,3,0,45,4715.586466665472,1202.6461442333123,461254.84475144465,467173.07736234344,phi,geometry
off0000,1,1.2130773991046546e-05,1.21417578e-05,1.070284870327966e-06,1,197,2,0,5,1.0032340254859273,0.0026041666666666665,0.4453125,0.09779576179411795,0.19656943745573466,0.05508901758412149,1.910636625324194,0.055089011893132374,2.1642163213567458e-05,-1.2595187091966345e-05,1.8025214957745752,-0.557259509682024,0.3015135323161515,1.4527558398665292,6.1096746156439785,6.129635319273634,6.266415200061636,6.276050880626498,0.0013060155321289457,0.005225177216072538,1.3607216953535705e-05,2,0,85,4735.567211122674,1199.277380095247,461230.49975938065,467165.3443505986,phi,geometry
off0000,1,1.2130773991046546e-05,1.21417578e-05,1.0704030993388103e-06,1,37,4,0,7,1.0058669945911962,0.0026041666666666665,0.2890625,0.09604710098875036,0.19305462830954284,0.05583896809413619,1.899481233017094,0.05583896093891957,-1.3810673916439041e-05,2.466465203820437e-05,1.781223671050866,-0.5412713712763321,-0.37722207107863603,1.4527558334337207,6.129045939492305,6.150849380117997,6.2859189027551015,6.2925939352833495,0.0013269953656369626,0.005238890596829146,1.3642928842224883e-05,4,0,55,4677.24944772334,1199.8595117129564,461236.6356745719,467113.7446340082,phi,geometry
off0000,1,1.2130773991046546e-05,1.21417578e-05,1.0705460654495508e-06,1,193,4,0,5,1.0058669945911962,0.0026041666666666665,0.36197916666666663,0.09604711436712589,0.19305465616991752,0.05589471661109855,1.8972946896898735,0.055894707097205856,-2.0146754925996522e-05,2.5644899045690847e-05,1.7880001101847114,-0.6321483661363283,-0.056313308338475504,1.4527558370828157,6.121990205462959,6.1422519425281115,6.274249503275896,6.291860089531901,0.0013269953656369626,0.005238890596829146,1.3642928842224883e-05,4,0,69,4670.8125816627735,1197.6332649184048,461182.91806650435,467051.36391308554,phi,geometry
off0000,1,1.2130773991046546e-05,1.21417578e-05,1.0706426006813024e-06,1,193,3,0,15,1.0045452650801847,0.0026041666666666665,0.4140625,0.09691979936577691,0.19480875027491612,0.05549516202959584,1.9033168358660828,0.05549516144335274,7.837489291986284e-07,8.028265651368912e-06,1.7959243063417225,-0.6058330608329886,0.1738883721932316,1.4527558283384887,6.113710022248591,6.133601228894239,6.2677348255914,6.282616359704003,0.0013164636563858245,0.005232006588959295,1.3625001758659796e-05,3,0,79,4701.304407695486,1197.9601903725911,461109.98730525194,467009.25190332,phi,geometry
off0000,1,1.2130773991046546e-05,1.21417578e-05,1.0707576942163462e-06,1,33,2,0,6,1.0032340254859273,0.0026041666666666665,0.20052083333333331,0.0977957740400659,0.19656946294507474,0.05497341677326729,1.9146481127251096,0.0549733414760783,2.3100286782601805e-05,8.800601448404563e-05,1.7772522739774506,-0.2423777088804909,-0.6697050070304458,1.4527558430998573,6.122501832508628,6.147505455869633,6.289950996959389,6.272922156332541,0.0013060155321289457,0.005225177216072538,1.3607216953535778e-05,2,0,38,4749.161587102264,1203.7819651165785,461006.11049028725,466959.0540425061,phi,geometry
off0000,1,1.2130773991046546e-05,1.21417578e-05,1.0707663093246282e-06,1,197,1,0,11,1.0019331925551165,0.0026041666666666665,0.4765625,0.09867432613881147,0.19833528261437533,0.05443286272978469,1.9165543759448027,0.054431492667935434,0.00023396818964207055,-0.00030726175536399913,1.806803942211768,-0.4861152359777538,0.4151290976449115,1.4527555879643064,6.101253374108592,6.121475068759938,6.261539619553039,6.264332603824789,0.00129565032949297,0.005218402044557898,1.358957329765863e-05,1,0,91,4766.646077915718,1199.9408122018658,460988.71012083197,466955.2970109495,phi,geometry
off0000,1,1.2130773991046546e-05,1.21417578e-05,1.0707801580698148e-06,1,37,4,0,6,1.0058669945911962,0.0026041666666666665,0.28385416666666663,0.09604709608130768,0.19305461813734362,0.05583113281548999,1.8990042136593313,0.05583112905147995,-6.5134208362618526e-06,1.943896145794181e-05,1.779953426492294,-0.5285868252082405,-0.39821950131869355,1.4527558322739453,6.127506900220679,6.149461889997038,6.285015136467539,6.290371795770799,0.0013269953656369626,0.005238890596829146,1.3642928842224883e-05,4,0,54,4676.197957986052,1199.685607806432,461073.37416167476,466949.2577274672,phi,geometry
off0000,1,1.2130773991046546e-05,1.21417578e-05,1.0708321113100449e-06,1,225,0,0,0,1.000642683695185,0.0026041666666666665,0.5026041666666666,0.09953005371320893,0.20005275049896584,0.05273133609735303,1.922625135990538,0.052697459884411,-0.001575555470084686,-0.0010436250780750905,1.8098250775384117,-0.4285131722127651,0.4872340951697346,1.4527463525584303,6.0942111393427245,6.114935948910731,6.257030328962753,6.254694882826849,0.0012853673903698848,0.005211680644245755,1.3572069670796303e-05,0,0,96,4798.3428356777495,1200.8805434659546,460927.37951129937,466926.60289044306,phi,geometry
off0000,1,1.2130773991046546e-05,1.21417578e-05,1.0709416199699638e-06,1,193,4,0,6,1.0058669945911962,0.0026041666666666665,0.3671875,0.09604711758627116,0.19305466314995726,0.05589414180388097,1.896529997333367,0.05589413789549294,-1.6308245157030907e-05,-1.30749039849673e-05,1.7877022552780595,-0.6323523769477628,-0.032819942528219154,1.452755839000058,6.1195226743443705,6.139717924322163,6.271816589630928,6.289551571018934,0.0013269953656369626,0.005238890596829146,1.3642928842224883e-05,4,0,70,4668.902561874238,1197.1681374052991,461012.7868186711,466878.85751795064,phi,geometry
off0000,1,1.2130773991046546e-05,1.21417578e-05,1.0710922091682472e-06,1,33,3,0,12,1.0045452650801847,0.0026041666666666665,0.23177083333333331,0.0969198009739813,0.19480875383431626,0.05537957612727674,1.9067730184029206,0.05537955458839694,2.1096149946447287e-05,4.4052015395567746e-05,1.777095999688937,-0.36759480035682734,-0.5853095030405586,1.452755829557429,6.12481169523286,6.148557005579088,6.288832806809724,6.279700774987515,0.0013164636563858245,0.005232006588959295,1.3625001758659869e-05,3,0,44,4712.577160845872,1201.9965563939768,460898.64340836427,466813.2171256041,phi,geometry
off0000,1,1.2130773991046546e-05,1.21417578e-05,1.071184369007444e-06,1,33,1,0,0,1.0019331925551165,0.0026041666666666665,0.16927083333333331,0.09867431609990902,0.19833525825363546,0.0544476039226977,1.9205892496060502,0.05444530174582475,7.184751333990847e-05,0.0004955084902247936,1.775296164140726,-0.1006199687999176,-0.7258527517122594,1.4527555726462191,6.114098500200655,6.1404294461233695,6.283885365152138,6.261411041243528,0.00129565032949297,0.005218402044557898,1.3589573297658703e-05,1,0,32,4781.285974197568,1204.191850112203,460787.57681174536,466773.05463605514,phi,geometry
off0000,1,1.2130773991046546e-05,1.21417578e-05,1.0711947147242815e-06,1,5,0,0,12,1.000642683695185,0.0026041666666666665,0.1484375,0.09953109397302795,0.20005495423870032,0.05265228106941475,1.926369181252183,0.05264058821007106,-6.56046044532264e-05,-0.0011076419756639493,1.7751030821159592,-0.0006575285020821721,-0.7482692282841099,1.4527467622849206,6.106046859363686,6.13336518770581,6.27648637147914,6.252244986851154,0.0012853673903698848,0.005211680644245755,1.3572069670796521e-05,0,0,28,4812.636311036147,1204.3239800223694,460751.5861992933,466768.54649035184,phi,geometry
off0000,1,1.2130773991046546e-05,1.21417578e-05,1.0712066221039192e-06,1,37,4,0,5,1.0058669945911962,0.0026041666666666665,0.2786458333333333,0.09604709864244855,0.1930546233931393,0.055823143093595144,1.8984429613931935,0.05582314096214482,8.029593542026134e-07,1.5405316102722843e-05,1.7785819572590942,-0.5151263411890207,-0.4187800754441171,1.4527558326799388,6.12569582881558,6.147807460636452,6.283867035835021,6.287859708227587,0.0013269953656369626,0.005238890596829146,1.3642928842225028e-05,4,0,53,4674.945189895845,1199.4653682208414,460888.9473998164,466763.3579579331,phi,geometry
off0000,1,1.2130773991046546e-05,1.21417578e-05,1.0713098716365634e-06,1,197,2,0,6,1.0032340254859273,0.0026041666666666665,0.4505208333333333,0.0977957612812917,0.19656943639484184,0.055086367144878266,1.9088758488990576,0.05508636233179405,1.7536721961176432e-05,-1.4924275809592194e-05,1.800809354756053,-0.5458962595207723,0.3207646304916049,1.4527558397552562,6.1040441674952275,6.124034228951708,6.261455129140047,6.270037824192985,0.0013060155321289457,0.005225177216072538,1.3607216953535849e-05,2,0,86,4731.276496544318,1198.327330717482,460788.7689215917,466718.37274885346,phi,geometry
off0000,1,1.2130773991046546e-05,1.21417578e-05,1.0713812814842178e-06,1,193,4,0,7,1.0058669945911962,0.0026041666666666665,0.3723958333333333,0.09604708854899578,0.193054602473853,0.05589301994634658,1.895697879605003,0.055893017584863834,-1.61239922881663e-05,1.999417806696792e-06,1.7873041783447912,-0.6317637202968782,-0.00942478258649204,1.452755830304072,6.116838609382242,6.136974566900648,6.269216118037884,6.286983751752954,0.0013269953656369626,0.005238890596829146,1.3642928842225028e-05,4,0,71,4666.834372486985,1196.6717239380114,460823.7588773801,466687.2649738051,phi,geometry
off0000,1,1.2130773991046546e-05,1.21417578e-05,1.0714703015359184e-06,1,197,0,0,15,1.000642683695185,0.0026041666666666665,0.4973958333333333,0.0995326789809876,0.20005826608095828,0.05272763252883755,1.9212676770508033,0.052685236931842294,-0.0016642604741554693,-0.0013035638096892826,1.810056729971421,-0.42974444288151503,0.47987897951234776,1.4527472198280207,6.089828040916505,6.110302176247898,6.252704930938746,6.250720487869668,0.0012853673903698848,0.005211680644245755,1.3572069670796592e-05,0,0,95,4794.728308305879,1200.0676208582322,460653.6956652982,466648.4915944623,phi,geometry
off0000,1,1.2130773991046546e-05,1.21417578e-05,1.0714721996710414e-06,1,197,3,0,0,1.0045452650801847,0.0026041666666666665,0.4192708333333333,0.09691979967222035,0.19480875091991612,0.05549115773959262,1.9018721168648878,0.05549115719584955,1.8575086916144278e-06,7.542912335551558e-06,1.7946874466583858,-0.598363356525929,0.1953863129340367,1.4527558284468023,6.1090693805789815,6.128954658369569,6.2635853360601885,6.27774915693321,0.0013164636563858245,0.005232006588959295,1.3625001758659942e-05,3,0,80,4697.771780911894,1197.1672984484483,460752.7258376648,466647.66491702513,phi,geometry
off0000,1,1.2130773991046546e-05,1.21417578e-05,1.0716817373690658e-06,1,37,4,0,4,1.0058669945911962,0.0026041666666666665,0.2734375,0.09604709908644443,0.19305462437267068,0.05581495237754552,1.8977980220743105,0.055814950396713164,8.17463042179898e-06,1.2421575614743062e-05,1.7771105123065345,-0.5009061924910247,-0.43887190154180133,1.4527558330076564,6.12361479238414,6.145888064083879,6.28247337928658,6.285062946526271,0.0013269953656369626,0.005238890596829146,1.3642928842224883e-05,4,0,52,4673.492594681182,1199.200754014503,460683.7315349449,466556.4248836406,phi,geometry
off0000,1,1.2130773991046546e-05,1.21417578e-05,1.071803477517544e-06,1,197,1,0,12,1.0019331925551165,0.0026041666666666665,0.4817708333333333,0.09867420441427534,0.19833502617913878,0.05484381460140688,1.9148405307981982,0.054843233226886494,0.0001406533521885738,-0.0002097281319751261,1.8046933721288767,-0.4715552515214205,0.4328183634553863,1.452755544861571,6.0958011951435465,6.116130688989912,6.256820378065072,6.25835374521634,0.00129565032949297,0.005218402044557898,1.3589573297658774e-05,1,0,92,4762.839001964135,1199.0185842316312,460541.57376865885,466503.4313548546,phi,geometry
off0000,1,1.2130773991046546e-05,1.21417578e-05,1.071815408129121e-06,1,33,2,0,5,1.0032340254859273,0.0026041666666666665,0.1953125,0.09779577418329619,0.1965694632382105,0.05497268255455194,1.9128659926642322,0.05497260672331765,1.9031025790903357e-05,8.930345484908774e-05,1.774499535996454,-0.21910124943731998,-0.6798546500059353,1.4527558431192316,6.116803113332909,6.1420230034611505,6.284866905178359,6.26672082229835,0.0013060155321289457,0.005225177216072538,1.3607216953535778e-05,2,0,37,4744.963178257688,1202.8081874184038,460550.46723751945,466498.2386031955,phi,geometry
off0000,1,1.2130773991046546e-05,1.21417578e-05,1.0718683101998963e-06,1,193,4,0,8,1.0058669945911962,0.0026041666666666665,0.37760416666666663,0.09604710237639792,0.19305463105671392,0.055891226719431246,1.8947881923678733,0.05589122416601413,-1.4957323842290069e-05,7.855296745621789e-06,1.7868086160051828,-0.6303536007023227,0.01384202976347499,1.452755833275694,6.113902886154059,6.133984681580942,6.266415330569946,6.284122961813036,0.0013269953656369626,0.005238890596829146,1.3642928842224883e-05,4,0,72,4664.57989683769,1196.1368866314108,460614.49779466627,466475.21457813535,phi,geometry
off0000,1,1.2130773991046546e-05,1.21417578e-05,1.0719557445165364e-06,1,33,3,0,11,1.0045452650801847,0.0026041666666666665,0.2265625,0.09691980051964061,0.1948087528863825,0.055374058547223395,1.9054072634856414,0.05537403454192463,2.0079694007546952e-05,4.749049326352194e-05,1.7747910895281296,-0.34728670389192196,-0.6000711404285999,1.45275582942801,6.120424720875917,6.144369406748587,6.285190133797413,6.274626531264815,0.0013164636563858245,0.005232006588959295,1.3625001758659869e-05,3,0,43,4709.392022496907,1201.3001334429932,460526.47426412103,466437.1664200609,phi,geometry
off0000,1,1.2130773991046546e-05,1.21417578e-05,1.072120063480749e-06,1,225,0,0,1,1.000642683695185,0.0026041666666666665,0.5078125,0.09953001668321644,0.20005268478668362,0.053528478784695396,1.9202753075309946,0.05351255655957433,-0.0003093120247661267,0.001268328637727225,1.8079480663955156,-0.4131470626675237,0.4980868905514073,1.4527463842091195,6.086763939394391,6.107457358585194,6.250321637498638,6.246948390963158,0.0012853673903698848,0.005211680644245755,1.3572069670796592e-05,0,0,97,4793.1587196808,1199.3503394005463,460373.16865867184,466365.67771775316,phi,geometry
off0000,1,1.2130773991046546e-05,1.21417578e-05,1.0722049281094671e-06,1,37,4,0,3,1.0058669945911962,0.0026041666666666665,0.26822916666666663,0.09604710143810351,0.19305462926740216,0.0558065326150852,1.8970696904063067,0.05580652943260093,1.572858923287549e-05,1.0383558879392276e-05,1.7755407584817016,-0.4859442974510315,-0.45846108341202424,1.4527558336393807,6.1212646135236986,6.143704319355831,6.28083159157701,6.281985831174025,0.0013269953656369626,0.005238890596829146,1.3642928842224883e-05,4,0,51,4671.840617779885,1198.8888113005726,460458.0356154991,466328.7650445795,phi,geometry
off0000,1,1.2130773991046546e-05,1.21417578e-05,1.0723379192508927e-06,1,197,3,0,1,1.0045452650801847,0.0026041666666666665,0.42447916666666663,0.09691980004050187,0.19480875169803277,0.05548719946385464,1.900373452833699,0.05548719898687694,2.4779224581705683e-06,6.8404834480151095e-06,1.7933694898173853,-0.5902226608231529,0.21652331024174679,1.4527558285880107,6.104255458275385,6.124140785976353,6.259298111875787,6.272677885754241,0.0013164636563858245,0.005232006588959295,1.3625001758659796e-05,3,0,81,4694.112104794883,1196.3479944782123,460380.4709420231,466270.93104129616,phi,geometry
off0000,1,1.2130773991046546e-05,1.21417578e-05,1.072361223635253e-06,1,197,2,0,7,1.0032340254859273,0.0026041666666666665,0.45572916666666663,0.09779576087363315,0.19656943554542905,0.055084129021585854,1.907076120085992,0.05508412499459033,1.1990743187888557e-05,-1.731673014340025e-05,1.7990309509267808,-0.5339795767021128,0.3395479010018415,1.4527558396443268,6.098289157336505,6.11831437061052,6.256390734028296,6.263881935201916,0.0013060155321289457,0.005225177216072538,1.3607216953535705e-05,2,0,87,4726.895158392034,1197.3570399730975,460336.545916867,466260.7981152321,phi,geometry
off0000,1,1.2130773991046546e-05,1.21417578e-05,1.072370528231825e-06,1,5,1,0,15,1.0019331925551165,0.0026041666666666665,0.1640625,0.09867431536180192,0.19833525651821143,0.05445271421932861,1.9184769556956671,0.05445044786622397,3.552839459188893e-05,0.0004955307787371173,1.7722272320241113,-0.07552166619419667,-0.7307947355740352,1.452755571723925,6.107374142474799,6.133929416072741,6.277533118869442,6.25447945279882,0.00129565032949297,0.005218402044557898,1.3589573297658703e-05,1,0,31,4776.273137182529,1202.9676122426608,460277.5117784753,466256.7525279005,phi,geometry
off0000,1,1.2130773991046546e-05,1.21417578e-05,1.0724033174167501e-06,1,193,4,0,9,1.0058669945911962,0.0026041666666666665,0.3828125,0.09604710332800886,0.1930546332566778,0.05588899897648626,1.89380656167364,0.05588899688862955,-1.3353354184346674e-05,7.420537152636685e-06,1.786216096004658,-0.6281480481617105,0.03695106226680419,1.4527558343563978,6.110735433392063,6.130768983681618,6.26343220535765,6.280989297237953,0.0013269953656369626,0.005238890596829146,1.3642928842224883e-05,4,0,73,4662.154925914628,1195.567161204474,460384.77444340347,466242.4965305226,phi,geometry
off0000,1,1.2130773991046546e-05,1.21417578e-05,1.0724535438709862e-06,1,5,0,0,11,1.000642683695185,0.0026041666666666665,0.14322916666666666,0.09953109351376044,0.20005495305161963,0.05262499833318104,1.924048324951321,0.052613698777595065,1.382065567274591e-05,-0.001090394193525984,1.7718696482833933,0.025048107829212105,-0.7495415255569529,1.4527467613264993,6.0986904136939755,6.126232661642989,6.269302946509364,6.244920730369918,0.0012853673903698848,0.005211680644245755,1.3572069670796448e-05,0,0,27,4807.066373951282,1202.9357121271473,460210.65880638896,466220.6608924674,phi,geometry
off0000,1,1.2130773991046546e-05,1.21417578e-05,1.0727751807591938e-06,1,37,4,0,2,1.0058669945911962,0.0026041666666666665,0.2630208333333333,0.09604710431964952,0.19305463550436672,0.05579819535315449,1.8962585096205942,0.055798190237210464,2.1343159764064597e-05,1.0741992037572485e-05,1.7738744837189684,-0.4702600556141699,-0.47751558237720115,1.4527558353139354,6.11864708904139,6.1412578373480216,6.278939936708471,6.278633740763554,0.0013269953656369626,0.005238890596829146,1.3642928842225028e-05,4,0,50,4669.990708377962,1198.5288037258488,460212.36021719256,466080.8797292964,phi,geometry
off0000,1,1.2130773991046546e-05,1.21417578e-05,1.0728562285197195e-06,1,33,3,0,10,1.0045452650801847,0.0026041666666666665,0.22135416666666666,0.09691980003828082,0.19480875188331218,0.05536922944624362,1.9039700994069104,0.05536920319088015,1.8783883186802093e-05,5.054348158642196e-05,1.772408682709586,-0.3264498396990666,-0.6140847686204927,1.4527558292955027,6.115808371507489,6.1399557925286095,6.281305129394504,6.269345191111884,0.0013164636563858245,0.005232006588959295,1.3625001758659796e-05,3,0,42,4706.035723559531,1200.5573399950774,460139.0770910367,466045.6701545913,phi,geometry
off0000,1,1.2130773991046546e-05,1.21417578e-05,1.0728999687365576e-06,1,33,2,0,4,1.0032340254859273,0.0026041666666666665,0.19010416666666666,0.09779577447680796,0.1965694638437067,0.054972793496792044,1.9110255795593154,0.05497271780999773,1.4400594609438038e-05,9.007800050368074e-05,1.7716896719690445,-0.19548363831832,-0.6891448462537243,1.4527558431766474,6.110917984842658,6.136356170483672,6.2795624555246,6.260376182202421,0.0013060155321289457,0.005225177216072538,1.3607216953535705e-05,2,0,36,4740.6242391322385,1201.7921299976888,460084.2539352768,466026.6703044067,phi,geometry
off0000,1,1.2130773991046546e-05,1.21417578e-05,1.0729832471068687e-06,1,193,4,0,10,1.0058669945911962,0.0026041666666666665,0.3880208333333333,0.09604710251841474,0.19305463156866462,0.055886328098167314,1.8927565617698205,0.055886326351694215,-1.1644071053142517e-05,7.721628310594284e-06,1.7855285336154274,-0.6251642647724464,0.05987403293064703,1.4527558341279005,6.107347430097052,6.12733888237268,6.260276506616813,6.277594542782452,0.0013269953656369626,0.005238890596829146,1.3642928842225028e-05,4,0,74,4659.568050380043,1194.9644748216203,460135.9676509863,465990.50017618795,phi,geometry
off0000,1,1.2130773991046546e-05,1.21417578e-05,1.0731498364710967e-06,1,197,1,0,13,1.0019331925551165,0.0026041666666666665,0.48697916666666663,0.09867406873573649,0.1983347417205057,0.054148955241601626,1.9124465139332134,0.05414659829704251,0.0003602675797606345,-0.0003541947016290835,1.8025077001634828,-0.4565520677238818,0.44718885156463917,1.4527555018470997,6.088184145194535,6.108529079228999,6.249988285663727,6.250359983007115,0.00129565032949297,0.005218402044557898,1.358957329765863e-05,1,0,93,4756.434307347181,1197.7514380598125,459963.9768517007,465918.1625971077,phi,geometry
off0000,1,1.2130773991046546e-05,1.21417578e-05,1.0732108455908199e-06,1,225,0,0,2,1.000642683695185,0.0026041666666666665,0.5130208333333333,0.09953125878180097,0.2000552819151634,0.052407584360689936,1.9186501878336384,0.05240335524619694,-0.0002465940345691118,0.0006184244867649965,1.8060547344884677,-0.3960287371840851,0.5123925044633512,1.4527467492684314,6.0815747927287225,6.102352112538123,6.245860717890471,6.241242514461084,0.0012853673903698848,0.005211680644245755,1.3572069670796592e-05,0,0,98,4788.323956167264,1198.4823588186282,459904.87010088365,465891.67641586956,phi,geometry
off0000,1,1.2130773991046546e-05,1.21417578e-05,1.073238247291536e-06,1,197,3,0,2,1.0045452650801847,0.0026041666666666665,0.4296875,0.09691980051035536,0.1948087526909549,0.055483363007613445,1.8988233218597617,0.05548336263242249,2.530505195891984e-06,5.935507986171468e-06,1.7919729047131794,-0.5814305257842061,0.23727970856913272,1.4527558287689144,6.0992762140430905,6.119167546357673,6.254878768017938,6.2674123954860255,0.0013164636563858245,0.005232006588959295,1.3625001758659796e-05,3,0,82,4690.331464175605,1195.5033297783555,459993.94657035975,465879.78136431373,phi,geometry
off0000,1,1.2130773991046546e-05,1.21417578e-05,1.0733911740172019e-06,1,37,4,0,1,1.0058669945911962,0.0026041666666666665,0.2578125,0.09604710943470134,0.19305464605328335,0.055790015917400286,1.895364928130717,0.05579000957749735,2.0397841497313015e-05,1.7068526398165207e-05,1.7721136730316038,-0.45387426979407247,-0.49600351597674563,1.452755836321038,6.115763611625794,6.138549777399046,6.2767961909086365,6.275011816176604,0.0013269953656369626,0.005238890596829146,1.3642928842224883e-05,4,0,49,4667.9437979824725,1198.1194248547956,459947.34395167255,465813.40717450983,phi,geometry
off0000,1,1.2130773991046546e-05,1.21417578e-05,1.0734372263017812e-06,1,197,2,0,8,1.0032340254859273,0.0026041666666666665,0.4609375,0.0977957605018546,0.1965694347680614,0.05508232259157156,1.9052401331392401,0.05508231885452034,4.719949192443446e-06,-1.9733549774361682e-05,1.797189051343101,-0.5215307451555483,0.3578507517309587,1.452755839533125,6.092418202796339,6.11248432553772,6.251227929508206,6.2575940686748135,0.0013060155321289457,0.005225177216072538,1.3607216953535705e-05,2,0,88,4722.429781779428,1196.3675854339897,459874.62561906216,465793.4229862756,phi,geometry
off0000,1,1.2130773991046546e-05,1.21417578e-05,1.0735781982626883e-06,1,5,1,0,14,1.0019331925551165,0.0026041666666666665,0.15885416666666666,0.09867431402973462,0.1983352536946341,0.054464948451432516,1.916313883112313,0.05446271229860934,4.823600318269518e-05,0.0004911742909643685,1.7691073417003098,-0.050291449743817336,-0.7348393581142207,1.4527555711887656,6.100488151727204,6.12727004048506,6.270971122174763,6.247442946889652,0.00129565032949297,0.005218402044557898,1.358957329765863e-05,1,0,30,4771.142809188944,1201.71257496685,459759.40409086156,465732.2594750174,phi,geometry
off0000,1,1.2130773991046546e-05,1.21417578e-05,1.0736072456879287e-06,1,193,4,0,11,1.0058669945911962,0.0026041666666666665,0.39322916666666663,0.09604710242417225,0.19305463136826814,0.05588326553580913,1.8916398954389129,0.05588326406139067,-9.847994092914339e-06,8.23453982960885e-06,1.7847478189629844,-0.6214150524951401,0.08258358950465744,1.4527558340866285,6.103744291840303,6.123699735748314,6.2569524546231685,6.273945065228485,0.0013269953656369626,0.005238890596829146,1.3642928842224883e-05,4,0,75,4656.823346812129,1194.3296365845674,459868.5056796911,465719.6586630878,phi,geometry
off0000,1,1.2130773991046546e-05,1.21417578e-05,1.0736975607885568e-06,1,5,0,0,10,1.000642683695185,0.0026041666666666665,0.13802083333333331,0.09953104612751247,0.2000548544070369,0.05267353888095339,1.921729948620043,0.052661819412832024,7.031190098205544e-05,-0.0011088420131637078,1.768643184239376,0.0507451577234599,-0.7499148026505512,1.452746748983586,6.0913432647696055,6.119109471940298,6.262071817913029,6.237664355840741,0.0012853673903698848,0.005211680644245755,1.3572069670796521e-05,0,0,26,4801.562057348527,1201.5590665034467,459677.36308325053,465680.4842071025,phi,geometry
off0000,1,1.2130773991046546e-05,1.21417578e-05,1.0737920771227424e-06,1,33,3,0,9,1.0045452650801847,0.0026041666666666665,0.21614583333333331,0.09691979952580856,0.1948087508169775,0.05536513192012634,1.9024635914922137,0.05536510369938978,1.7196562688787972e-05,5.3189914832635754e-05,1.76995201709979,-0.30511459406596686,-0.6273297845677319,1.45275582916028,6.110969281356608,6.135322590973461,6.2771806524499425,6.263867140417241,0.0013164636563858245,0.005232006588959295,1.3625001758659869e-05,3,0,41,4702.513179641099,1199.7687201424637,459737.2126099587,465639.4945097423,phi,geometry
off0000,1,1.2130773991046546e-05,1.21417578e-05,1.074009499605742e-06,1,33,2,0,3,1.0032340254859273,0.0026041666666666665,0.18489583333333331,0.09779577437882216,0.1965694636379064,0.054973766650423354,1.9091296620223568,0.05497369169164262,9.057345801408106e-06,9.032990594768464e-05,1.7688266989587236,-0.171559490725686,-0.6975639874637499,1.4527558431439482,6.104855381152943,6.130513646521785,6.274043562665615,6.2539001221699975,0.0013060155321289457,0.005225177216072538,1.3607216953535778e-05,2,0,35,4736.151436216397,1200.7348957873735,459608.3441185137,465545.23045051744,phi,geometry
off0000,1,1.2130773991046546e-05,1.21417578e-05,1.0740525013957583e-06,1,37,4,0,0,1.0058669945911962,0.0026041666666666665,0.25260416666666663,0.09604710689334689,0.19305464085452434,0.05578212321228548,1.8943908882316318,0.05578211508044127,1.9966474967835615e-05,2.2551338800148108e-05,1.7702602527833244,-0.4368091208712532,-0.5139000552191393,1.4527558359800092,6.112620763297372,6.135586725675231,6.274403125900746,6.271130104232186,0.0013269953656369626,0.005238890596829146,1.3642928842224883e-05,4,0,48,4665.704945988106,1197.662554009684,459663.2239377926,465526.59143779037,phi,geometry
off0000,1,1.2130773991046546e-05,1.21417578e-05,1.0741716390902528e-06,1,197,3,0,3,1.0045452650801847,0.0026041666666666665,0.4348958333333333,0.09691980030578455,0.19480875226044617,0.055479754522305955,1.8972242197611702,0.055479754273536,2.0471157436811004e-06,4.838668129653986e-06,1.790500179737953,-0.5720069774392814,0.25763707840199723,1.4527558286968707,6.094139689191534,6.11404295747202,6.250332907697398,6.261962705873826,0.0013164636563858245,0.005232006588959295,1.3625001758659942e-05,3,0,83,4686.436030207745,1194.6343813868177,459593.88890074077,465474.95931233536,phi,geometry
off0000,1,1.2130773991046546e-05,1.21417578e-05,1.074274241999998e-06,1,193,4,0,12,1.0058669945911962,0.0026041666666666665,0.3984375,0.09604710247773131,0.19305463148245883,0.055879873139967194,1.8904585269465974,0.055879871894034754,-8.021250406250173e-06,8.654746312054977e-06,1.7838758834966664,-0.6169149520800721,0.10505339729932443,1.4527558341112243,6.09993237476975,6.119857878264731,6.253464963894957,6.270048324573554,0.0013269953656369626,0.005238890596829146,1.3642928842224883e-05,4,0,76,4653.925635372802,1193.6635952906317,459582.91301161307,465430.5022422765,phi,geometry
off0000,1,1.2130773991046546e-05,1.21417578e-05,1.0743897347398889e-06,1,197,1,0,14,1.0019331925551165,0.0026041666666666665,0.4921875,0.0986753892976678,0.19833752496679102,0.05496178021407918,1.9103549933275434,0.05495945003679814,0.0004212492529050652,0.000280508503189059,1.8003779998488483,-0.44066944298154576,0.4624994056364544,1.4527559739900777,6.081485192709288,6.101883095880244,6.24407185902967,6.243203089822604,0.00129565032949297,0.005218402044557898,1.358957329765863e-05,1,0,94,4751.9322194950655,1196.6293618167567,459431.90868262894,465380.47026394075,phi,geometry
off0000,1,1.2130773991046546e-05,1.21417578e-05,1.0745361260655894e-06,1,197,2,0,9,1.0032340254859273,0.0026041666666666665,0.4661458333333333,0.0977957606380248,0.196569435023694,0.055080986383729595,1.9033706412739333,0.05508098172087804,-4.669739209480953e-06,-2.217797196674655e-05,1.795286479513077,-0.508571010387945,0.3756617919539744,1.4527558394663536,6.086440093189443,6.106552846341625,6.245972786828765,6.251185261829008,0.0013060155321289457,0.005225177216072538,1.3607216953535849e-05,2,0,89,4717.887097420946,1195.3618410023446,459403.81939575024,465317.0683341735,phi,geometry
off0000,1,1.2130773991046546e-05,1.21417578e-05,1.0747468127884041e-06,1,225,0,0,3,1.000642683695185,0.0026041666666666665,0.5182291666666666,0.09953128214737245,0.2000553430016961,0.05318400456512731,1.915832544118842,0.05317386412045068,-0.0004204310420636935,0.0009496071936332378,1.8034155367500857,-0.3789388412243614,0.5239390169903493,1.452746800544676,6.072642951633509,6.093451609630078,6.2377248873625435,6.231981273536608,0.0012853673903698848,0.005211680644245755,1.3572069670796303e-05,0,0,99,4781.998920932435,1196.9546379040278,459246.89689310605,465225.85045194253,phi,geometry
off0000,1,1.2130773991046546e-05,1.21417578e-05,1.0747577650865605e-06,1,33,4,0,15,1.0058669945911962,0.0026041666666666665,0.24739583333333331,0.09604710615370966,0.1930546393011478,0.055774676754111074,1.8933381505586298,0.055774666588120116,1.9723799079039588e-05,2.729434676915899e-05,1.7683167208958723,-0.419088164371286,-0.531178348057174,1.4527558357290242,6.10922392390338,6.132373940379731,6.271762280888178,6.266997679199536,0.0013269953656369626,0.005238890596829146,1.3642928842224956e-05,4,0,47,4663.278235336954,1197.1584229079476,459360.67291869334,465221.10957693827,phi,geometry
off0000,1,1.2130773991046546e-05,1.21417578e-05,1.0747616628995728e-06,1,33,3,0,8,1.0045452650801847,0.0026041666666666665,0.2109375,0.09691979908382022,0.1948087498920364,0.05536178635292657,1.9008898988056948,0.05536175650968794,1.529888508041853e-05,5.5410226732565434e-05,1.7674244681443143,-0.2833121923635784,-0.6397869633279936,1.4527558290240166,6.105914382423742,6.130476516407808,6.272819943080457,6.258202987463615,0.0013164636563858245,0.005232006588959295,1.3625001758659869e-05,3,0,40,4698.829506543227,1198.9348895704038,459321.6579742958,465219.4223704094,phi,geometry
off0000,1,1.2130773991046546e-05,1.21417578e-05,1.0748041102937084e-06,1,5,1,0,13,1.0019331925551165,0.0026041666666666665,0.15364583333333331,0.09867431811238259,0.1983352622046352,0.05446798887509518,1.9141015299693533,0.05446571160244202,6.588163646515476e-05,0.0004936915505470439,1.7659575226327313,-0.024962430885959886,-0.7379400872239895,1.4527555723017007,6.093445111533283,6.1204525268567735,6.264202458154525,6.240310566829548,0.00129565032949297,0.005218402044557898,1.3589573297658703e-05,1,0,29,4765.883277223154,1200.418880397265,459234.7472348745,465201.04939249496,phi,geometry
off0000,1,1.2130773991046546e-05,1.21417578e-05,1.0748742371236877e-06,1,225,1,0,0,1.0019331925551165,0.0026041666666666665,0.5026041666666666,0.09867304489490336,0.1983325884572516,0.054357893736554114,1.9090838266838859,0.05430784654842006,-0.0008838051885380877,-0.002158078575140884,1.7979034944918761,-0.4246455425861237,0.4814771489506282,1.452755152655027,6.077510717577352,6.098151253348971,6.240801703304614,6.238528102716157,0.00129565032949297,0.005218402044557898,1.3589573297658485e-05,1,0,96,4748.549018086576,1196.0913427516386,459226.0584345634,465170.6987954016,phi,geometry
off0000,1,1.2130773991046546e-05,1.21417578e-05,1.0749440356833032e-06,1,5,0,0,9,1.000642683695185,0.0026041666666666665,0.1328125,0.099531056316471,0.20005487519397608,0.05268120896701948,1.9193958050431148,0.05266916928096772,7.070572769409394e-05,-0.0011240045282873102,1.765397615618125,0.07640049078919843,-0.7494094209403265,1.4527467500996916,6.083944374928683,6.11193648614872,6.254733293483843,6.2304151823384695,0.0012853673903698848,0.005211680644245755,1.3572069670796521e-05,0,0,25,4795.987280847171,1200.1510503368047,459144.3558733985,465140.4942045825,phi,geometry
off0000,1,1.2130773991046546e-05,1.21417578e-05,1.074983010840634e-06,1,193,4,0,13,1.0058669945911962,0.0026041666666666665,0.4036458333333333,0.09604710259476403,0.19305463172949963,0.05587622519436706,1.8892145934988236,0.05587622413504903,-6.240057813061732e-06,8.913083808489407e-06,1.7829147673058123,-0.611679700414479,0.12725822925311894,1.4527558341556417,6.095918577681381,6.115820197286466,6.24981929233919,6.2659124753904925,0.0013269953656369626,0.005238890596829146,1.3642928842225028e-05,4,0,77,4650.880162237098,1192.967369118135,459279.7822914094,465123.6298227646,phi,geometry
off0000,1,1.2130773991046546e-05,1.21417578e-05,1.0751365001935315e-06,1,197,3,0,4,1.0045452650801847,0.0026041666666666665,0.44010416666666663,0.09691979995597269,0.19480875152421478,0.05547640619266398,1.8955787122832135,0.05547640607311113,7.41290647715122e-07,3.565839863508388e-06,1.7889539124530551,-0.5619723249368955,0.2775782044491485,1.4527558285734152,6.088854108563425,6.108775213752559,6.245666241346864,6.256339092855058,0.0013164636563858245,0.005232006588959295,1.3625001758659796e-05,3,0,84,4682.432051902444,1193.742185993662,459181.053295535,465057.2275334311,phi,geometry
off0000,1,1.2130773991046546e-05,1.21417578e-05,1.075142040328363e-06,1,33,2,0,2,1.0032340254859273,0.0026041666666666665,0.1796875,0.09779577411898238,0.1965694630679939,0.0549756414243882,1.9071812238755281,0.054975567555483086,2.5862238331490556e-06,9.008488702190174e-05,1.7659148151557218,-0.14736373816103687,-0.7051021308945927,1.4527558429679253,6.098624836484063,6.124504715134775,6.268316924791483,6.24730491390422,0.0013060155321289457,0.005225177216072538,1.3607216953535778e-05,2,0,34,4731.5519078222915,1199.6376872604617,459123.64152964304,465054.8311247258,phi,geometry
off0000,1,1.2130773991046546e-05,1.21417578e-05,1.0751949017009218e-06,1,37,5,0,14,1.0071992979382958,0.0026041666666666665,0.3255208333333333,0.09517761593230643,0.1913069636073969,0.056238062107260955,1.8834620167307754,0.05623806041513872,-1.3735534284353582e-05,1.2878064602850028e-06,1.771920526837795,-0.599677565283407,-0.21934819975143519,1.4527558328901966,6.105053234962093,6.125924724561179,6.259284356038604,6.273361557734458,0.0013376113285621383,0.005245829676761957,1.3660999342458635e-05,5,0,62,4621.793082166714,1193.195066797614,459216.97880792606,465031.96695689036,phi,geometry
off0000,1,1.2130773991046546e-05,1.21417578e-05,1.0752147388365969e-06,1,37,5,0,13,1.0071992979382958,0.0026041666666666665,0.3203125,0.09517761613651435,0.19130696403414899,0.05623375063671887,1.8835725308584306,0.05623374921766352,-1.2481813988032823e-05,1.9498530705490505e-06,1.7713858302694854,-0.592782090865132,-0.2421716582808192,1.4527558329520647,6.105411448873714,6.126396385161821,6.260009143102584,6.2732370326768505,0.0013376113285621383,0.005245829676761957,1.366099934245849e-05,5,0,61,4622.142473199212,1193.3329922332964,459207.91190089926,465023.38736633176,phi,geometry
off0000,1,1.2130773991046546e-05,1.21417578e-05,1.075227282216698e-06,1,37,5,0,15,1.0071992979382958,0.0026041666666666665,0.33072916666666663,0.09517761599227081,0.19130696372773695,0.05624181247464663,1.8832686465541242,0.056241810518406245,-1.4813748353254977e-05,7.732180201536633e-07,1.7723505618240625,-0.6057371050645446,-0.19635895865418795,1.4527558328894816,6.104426443004585,6.125190211699448,6.258337714884221,6.27318068310304,0.0013376113285621383,0.005245829676761957,1.366099934245849e-05,5,0,63,4621.246762961083,1193.0148163894653,459203.7009198855,465017.96249923605,phi,geometry
off0000,1,1.2130773991046546e-05,1.21417578e-05,1.0752869425552296e-06,1,37,5,0,12,1.0071992979382958,0.0026041666666666665,0.31510416666666663,0.09517761635448471,0.19130696447518714,0.05622865796863224,1.883599376002606,0.05622865683589105,-1.091677967144559e-05,2.8651272020229754e-06,1.7707464042451486,-0.585053680907435,-0.2647942061053149,1.4527558329631436,6.105498457724935,6.126602474215898,6.26050785432743,6.272806197865728,0.0013376113285621383,0.005245829676761957,1.366099934245849e-05,5,0,60,4622.292738577511,1193.4277620259054,459176.4413235123,464992.1618241157,phi,geometry
off0000,1,1.2130773991046546e-05,1.21417578e-05,1.0753116984654425e-06,1,193,5,0,0,1.0071992979382958,0.0026041666666666665,0.3359375,0.09517761603613717,0.19130696381157197,0.05624492207102181,1.8829932658167783,0.05624491988512416,-1.5679566703762117e-05,2.060798981862222e-07,1.772676253821905,-0.6109592197986928,-0.17323789998221,1.4527558328730168,6.103533822556147,6.124195651622346,6.257173327409191,6.272695700730866,0.0013376113285621383,0.005245829676761957,1.366099934245849e-05,5,0,64,4620.505553097489,1192.7930170310467,459168.1581679883,464981.4567381168,phi,geometry
off0000,1,1.2130773991046546e-05,1.21417578e-05,1.0754114700178076e-06,1,37,5,0,11,1.0071992979382958,0.0026041666666666665,0.3098958333333333,0.09517761532573046,0.19130696234785313,0.05622320177394329,1.8835421825031002,0.05622320092065935,-9.06150638551525e-06,3.7199210136454324e-06,1.7700023628851003,-0.576496995802238,-0.28718287288885835,1.4527558327370806,6.105313103728134,6.126541781429158,6.2607774719211156,6.272069760549153,0.0013376113285621383,0.005245829676761957,1.3660999342458635e-05,5,0,59,4622.243285720348,1193.4788049184313,459122.59588333685,464938.3179739756,phi,geometry
off0000,1,1.2130773991046546e-05,1.21417578e-05,1.075447672951586e-06,1,193,5,0,1,1.0071992979382958,0.0026041666666666665,0.3411458333333333,0.09517760993409982,0.1913069509580711,0.05624747506714927,1.8826369046437348,0.0562474727150767,-1.6265114389456797e-05,-2.0575421585746558e-07,1.772898092147875,-0.6153441453404657,-0.15001884008410335,1.4527558306388741,6.102378909171977,6.122944636191443,6.255795819453242,6.271908906577991,0.0013376113285621383,0.005245829676761957,1.3660999342458635e-05,5,0,65,4619.572200804269,1192.5305375963135,459110.5639569866,464922.66669538716,phi,geometry
off0000,1,1.2130773991046546e-05,1.21417578e-05,1.07550550942933e-06,1,33,4,0,14,1.0058669945911962,0.0026041666666666665,0.2421875,0.09604710564552803,0.19305463823193117,0.05576749401873223,1.892208388359122,0.05576748164070592,1.948356981797663e-05,3.163816320752706e-05,1.7662855111680325,-0.4007361703492305,-0.547812558991067,1.4527558355492804,6.105578542504418,6.128916745779499,6.268875227301242,6.262623740181714,0.0013269953656369626,0.005238890596829146,1.3642928842224956e-05,4,0,46,4660.667540803003,1196.607295954095,459040.3901369009,464897.664973658,phi,geometry
off0000,1,1.2130773991046546e-05,1.21417578e-05,1.075588335122916e-06,1,37,5,0,10,1.0071992979382958,0.0026041666666666665,0.3046875,0.0951776171172041,0.19130696634220948,0.056217264311181354,1.883400688073098,0.05621726383450815,-6.419989922479624e-06,3.518274659150931e-06,1.7691541666233277,-0.5671184655483564,-0.3093029786271312,1.4527558342311515,6.104854406268202,6.1262132319411675,6.260814918910197,6.271028870778666,0.0013376113285621383,0.005245829676761957,1.366099934245849e-05,5,0,58,4621.993223114717,1193.4854398026657,459046.3868600674,464861.86552298476,phi,geometry
off0000,1,1.2130773991046546e-05,1.21417578e-05,1.0756015709595394e-06,1,197,1,0,15,1.0019331925551165,0.0026041666666666665,0.4973958333333333,0.09867563077283194,0.198338036817507,0.054284284428271226,1.9076791071269086,0.05423798538609997,-0.0008384898050323875,-0.0020788006141795293,1.7981026641570192,-0.4258798584874516,0.4740176484632792,1.4527560709891134,6.072959260215581,6.093344611877245,6.236312108843492,6.23439568832933,0.00129565032949297,0.005218402044557898,1.3589573297658774e-05,1,0,95,4744.78526908498,1195.2223200496876,458916.13756687526,464856.14515600994,phi,geometry
off0000,1,1.2130773991046546e-05,1.21417578e-05,1.0756349094616146e-06,1,193,5,0,2,1.0071992979382958,0.0026041666666666665,0.34635416666666663,0.09517761976668386,0.1913069716881115,0.05625010682121561,1.882197601079109,0.05625010338367969,-1.6558601339342507e-05,1.0608309735719026e-05,1.7730133239637504,-0.6188939751010414,-0.12673519692097304,1.4527558343087947,6.100954635542178,6.12143027360603,6.25419916051636,6.270812523905612,0.0013376113285621383,0.005245829676761957,1.366099934245849e-05,5,0,66,4618.44202802199,1192.2262262579175,459031.06903208623,464841.7372863661,phi,geometry
off0000,1,1.2130773991046546e-05,1.21417578e-05,1.0756549794980253e-06,1,197,2,0,10,1.0032340254859273,0.0026041666666666665,0.47135416666666663,0.09779575920389734,0.1965694320506173,0.055084835722978974,1.901472976544531,0.055084827602595345,-1.821659024147446e-05,-2.3722895500344665e-05,1.7933261584778486,-0.4951213173132295,0.392983016160003,1.452755839132001,6.080371943568811,6.100537399752026,6.240639524993932,6.2446742533935256,0.0013060155321289457,0.005225177216072538,1.3607216953535705e-05,2,0,90,4713.284088834913,1194.3437482633199,458925.43623083783,464833.06406793604,phi,geometry
off0000,1,1.2130773991046546e-05,1.21417578e-05,1.075732242051757e-06,1,193,4,0,14,1.0058669945911962,0.0026041666666666665,0.40885416666666663,0.09604710260077148,0.1930546317575512,0.05587241120904539,1.8879103299335067,0.0558724102973422,-4.589331461862466e-06,8.989780116049406e-06,1.7818666024961558,-0.6057259792424027,0.14917393488569225,1.4527558342157543,6.091710117252756,6.111593899268223,6.246020843257882,6.261546136727827,0.0013269953656369626,0.005238890596829146,1.3642928842224883e-05,4,0,78,4647.692425515863,1192.2420056585584,458959.74382922985,464799.67826040427,phi,geometry
off0000,1,1.2130773991046546e-05,1.21417578e-05,1.0757632605075968e-06,1,33,3,0,7,1.0045452650801847,0.0026041666666666665,0.20572916666666666,0.09691979892293837,0.19480874953201632,0.05535922009719623,1.8992513842624015,0.055359189019310424,1.3048655790376751e-05,5.718939287150019e-05,1.7648295379113819,-0.2610746144283817,-0.6514388447423282,1.4527558288873696,6.100651258085473,6.125424941000362,6.268226987228524,6.252363867448698,0.0013164636563858245,0.005232006588959295,1.3625001758659796e-05,3,0,39,4694.990325056288,1198.056602052395,458893.22934344923,464786.2762705579,phi,geometry
off0000,1,1.2130773991046546e-05,1.21417578e-05,1.0758152285834036e-06,1,37,5,0,9,1.0071992979382958,0.0026041666666666665,0.29947916666666663,0.09517763097283426,0.1913069948796278,0.0562108105227217,1.8831757131281692,0.05621080868166482,-8.383356654318667e-06,1.1691617763322319e-05,1.7682024000973775,-0.5569261419201622,-0.3311258238971798,1.4527558368419466,6.10412472824275,6.125619244392661,6.260620176364507,6.269687992258345,0.0013376113285621383,0.005245829676761957,1.366099934245849e-05,5,0,57,4621.544331356305,1193.4486907675584,458948.8313925786,464763.8244147025,phi,geometry
off0000,1,1.2130773991046546e-05,1.21417578e-05,1.0758342540580896e-06,1,225,0,0,4,1.000642683695185,0.0026041666666666665,0.5234375,0.09953113540768524,0.2000550339730883,0.05281057334416973,1.9140437292122823,0.05280314025540351,-0.0002956225925365916,0.0008352504958978762,1.8009893709256242,-0.3615804380058752,0.537829220107335,1.4527467494018254,6.066977390675501,6.087939749606991,6.232762257006875,6.225788793092123,0.0012853673903698848,0.005211680644245755,1.3572069670796592e-05,0,0,100,4777.422343113356,1195.9784770161168,458782.2045289102,464755.6053490397,phi,geometry
off0000,1,1.2130773991046546e-05,1.21417578e-05,1.0758738620980718e-06,1,193,5,0,3,1.0071992979382958,0.0026041666666666665,0.3515625,0.09517762366193361,0.19130697959701043,0.05625012017442062,1.881681769885283,0.05625011711566326,-1.646357763066934e-05,-8.547604327732602e-06,1.7730280864187942,-0.621612414566784,-0.10341998813175868,1.4527558346104554,6.099282495683792,6.11967395019713,6.252405072553686,6.269426807895099,0.0013376113285621383,0.005245829676761957,1.366099934245849e-05,5,0,67,4617.129008582475,1191.8842054343422,458929.4822681072,464738.495482124,phi,geometry
off0000,1,1.2130773991046546e-05,1.21417578e-05,1.0760467132709092e-06,1,5,1,0,12,1.0019331925551165,0.0026041666666666665,0.1484375,0.09867432918484836,0.19833528521351948,0.05447784071134978,1.9118466558492688,0.054475563737530784,8.590104956661418e-05,0.0004906170187669884,1.762781440450407,0.0004272732251448391,-0.7401074557949081,1.452755575060351,6.08626649269294,6.113498712756611,6.257246877119024,6.233104116490171,0.00129565032949297,0.005218402044557898,1.3589573297658703e-05,1,0,28,4760.523835862312,1199.0898218917725,458704.22837948124,464663.8420372353,phi,geometry
off0000,1,1.2130773991046546e-05,1.21417578e-05,1.0760928622769646e-06,1,37,5,0,8,1.0071992979382958,0.0026041666666666665,0.2942708333333333,0.09517762022747767,0.19130697286952753,0.05620402380827135,1.8828661006383502,0.05620401680876967,-1.3896704823059395e-05,2.4365587701880547e-05,1.767147092846695,-0.545929428656595,-0.3526144695034845,1.452755835277848,6.103121495002183,6.124757087695151,6.260188187070159,6.26804721553838,0.0013376113285621383,0.005245829676761957,1.3660999342458635e-05,5,0,56,4620.894704254732,1193.3673926750814,458829.6525016879,464643.9145986177,phi,geometry
off0000,1,1.2130773991046546e-05,1.21417578e-05,1.0761312053071036e-06,1,197,3,0,5,1.0045452650801847,0.0026041666666666665,0.4453125,0.09691979917272418,0.1948087499162662,0.05547337255911434,1.8938893752445543,0.0554733724967648,-1.5223778095467516e-06,2.144724561907866e-06,1.7873367146862442,-0.5513471785362722,0.29708706252356915,1.4527558284480595,6.083427755067216,6.10337256776475,6.240884471730747,6.250551953857314,0.0013164636563858245,0.005232006588959295,1.3625001758659796e-05,3,0,85,4678.325839370154,1192.8283896427467,458756.20490170876,464627.35913072166,phi,geometry
off0000,1,1.2130773991046546e-05,1.21417578e-05,1.0761625471807066e-06,1,193,5,0,4,1.0071992979382958,0.0026041666666666665,0.3567708333333333,0.09517759308631335,0.1913069160309206,0.056251358047900143,1.8810909657336516,0.056251355726811426,-1.6146601593859263e-05,6.450089700748678e-07,1.7729432185314764,-0.6235051334365582,-0.08010564153835482,1.4527558266023346,6.097368442739502,6.117681703122492,6.25041976199151,6.267757125566462,0.0013376113285621383,0.005245829676761957,1.3660999342458635e-05,5,0,68,4615.640528019418,1191.5056899924457,458806.68122829974,464613.8274463116,phi,geometry
off0000,1,1.2130773991046546e-05,1.21417578e-05,1.0762075483560865e-06,1,5,0,0,8,1.000642683695185,0.0026041666666666665,0.12760416666666666,0.09953106597629895,0.20005489604068213,0.05267645810959329,1.9170186291501725,0.05266427584657393,6.757058844754878e-05,-0.0011308062359584423,1.7621269759136142,0.10197793206726957,-0.7479769024760262,1.4527467552943747,6.076409101676205,6.104626219520615,6.247205017357049,6.22309360256109,0.0012853673903698848,0.005211680644245755,1.3572069670796448e-05,0,0,24,4790.296176407067,1198.7059481173592,458605.3976859517,464594.39981047617,phi,geometry
off0000,1,1.2130773991046546e-05,1.21417578e-05,1.0762944918894045e-06,1,33,4,0,13,1.0058669945911962,0.0026041666666666665,0.23697916666666666,0.09604710517582155,0.19305463724567767,0.05576083829770842,1.8910029581447716,0.05576082365964782,1.9082304319494735e-05,3.5613571967051276e-05,1.7641692421090118,-0.3817790989724038,-0.5637763674513246,1.4527558353907126,6.101689002290361,6.125219319780696,6.265742482519121,6.258016559918596,0.0013269953656369626,0.005238890596829146,1.3642928842224883e-05,4,0,45,4657.876209291394,1196.0092406998938,458702.9842244639,464556.86967445514,phi,geometry
off0000,1,1.2130773991046546e-05,1.21417578e-05,1.0762954907530872e-06,1,33,2,0,1,1.0032340254859273,0.0026041666666666665,0.17447916666666666,0.09779577402311247,0.19656946286343122,0.05497844526028303,1.9051834995438997,0.05497837208081267,-6.130257748034429e-06,8.949302540452163e-05,1.7629585080813976,-0.12293160876423605,-0.7117508589979993,1.4527558429240837,6.092236683445589,6.118339440859306,6.262390230000022,6.2406034006028275,0.0013060155321289457,0.005225177216072538,1.3607216953535705e-05,2,0,33,4726.833380669636,1198.5041083381377,458631.10105014144,464556.43853914924,phi,geometry
off0000,1,1.2130773991046546e-05,1.21417578e-05,1.0764233400846643e-06,1,37,5,0,7,1.0071992979382958,0.0026041666666666665,0.2890625,0.09517761315991968,0.1913069576996642,0.05619652181985475,1.8824727163713897,0.05619651503539957,-1.1627559067798636e-05,2.5046464655652822e-05,1.7659897063137968,-0.5341399058625693,-0.37373579711008925,1.4527558316173288,6.101846605933005,6.123628574292351,6.259518064123076,6.266111111797529,0.0013376113285621383,0.005245829676761957,1.366099934245849e-05,5,0,55,4620.045417805138,1193.2392161740759,458687.97744444554,464501.26207842474,phi,geometry
off0000,1,1.2130773991046546e-05,1.21417578e-05,1.0765004999629873e-06,1,193,5,0,5,1.0071992979382958,0.0026041666666666665,0.36197916666666663,0.09517762322562008,0.1913069786743762,0.05625134033899119,1.8804160092922457,0.05625133304850924,-1.752525531234831e-05,2.265091909595955e-05,1.7727553485769785,-0.6245589245281843,-0.05682421918943123,1.4527558344371478,6.095179673801871,6.115419890764631,6.248212357845478,6.265771381720424,0.0013376113285621383,0.005245829676761957,1.366099934245849e-05,5,0,69,4613.949577152102,1191.0851606142073,458662.93347701035,464467.96821477666,phi,geometry
off0000,1,1.2130773991046546e-05,1.21417578e-05,1.0765205777154455e-06,1,193,4,0,15,1.0058669945911962,0.0026041666666666665,0.4140625,0.09604710292012343,0.19305463241925055,0.05586848594390002,1.886548023693007,0.05586848514973853,-3.1899226415376665e-06,8.863497823822924e-06,1.780733626351954,-0.5990711547463916,0.17077748455295697,1.4527558342902607,6.087314360906629,6.107186333032288,6.242075024878902,6.256958217195095,0.0013269953656369626,0.005238890596829146,1.3642928842224883e-05,4,0,79,4644.368004423089,1191.488560303126,458623.449044724,464459.3056094502,phi,geometry
off0000,1,1.2130773991046546e-05,1.21417578e-05,1.0765372724873648e-06,1,225,1,0,1,1.0019331925551165,0.0026041666666666665,0.5078125,0.09867314241071776,0.19833278712103616,0.05489225378975117,1.9067409065993648,0.05488926399293064,0.0005124644468993143,0.0002561339951729701,1.7959225388456967,-0.40949004948357576,0.4925860521161081,1.452755162386902,6.070049102803353,6.090677235566243,6.234076456022552,6.230755409471065,0.00129565032949297,0.005218402044557898,1.3589573297658774e-05,1,0,97,4743.229218306249,1194.7314268304226,458514.14220192796,464452.1028470646,phi,geometry
off0000,1,1.2130773991046546e-05,1.21417578e-05,1.0767951477503103e-06,1,33,3,0,6,1.0045452650801847,0.0026041666666666665,0.20052083333333331,0.09691979851285566,0.19480874867289033,0.0553574689366458,1.897550418893328,0.05535743703524691,1.0456170231273913e-05,5.850323822461676e-05,1.7621708268348524,-0.23843451172194619,-0.6622692450313049,1.4527558287573883,6.095187541110334,6.120175268104209,6.263405949173121,6.246360858750296,0.0013164636563858245,0.005232006588959295,1.3625001758659869e-05,3,0,38,4691.001286046557,1197.134655480091,458452.73803494225,464340.87397646887,phi,geometry
off0000,1,1.2130773991046546e-05,1.21417578e-05,1.0768050108055374e-06,1,37,5,0,6,1.0071992979382958,0.0026041666666666665,0.28385416666666663,0.09517760856252787,0.19130694820310626,0.056188852441116335,1.881995877998403,0.05618884867709961,-4.531959365704735e-06,2.0061228536672507e-05,1.7647311987454368,-0.521570597645424,-0.39445708594125706,1.452755830646066,6.1003011294788525,6.122234689212056,6.258607929278819,6.263883635553808,0.0013376113285621383,0.005245829676761957,1.366099934245849e-05,5,0,54,4618.997616094232,1193.0643667221348,458524.5588376602,464336.62082047656,phi,geometry
off0000,1,1.2130773991046546e-05,1.21417578e-05,1.0768152442297139e-06,1,197,2,0,11,1.0032340254859273,0.0026041666666666665,0.4765625,0.09779576964744541,0.19656945398126827,0.055011716777629775,1.8994989657284718,0.05501169911769176,-1.364336565803373e-05,-4.1914976775787483e-05,1.7913103681380904,-0.48120344036059076,0.40956896219030575,1.4527558426023213,6.074059291839974,6.094275550555276,6.235074619689025,6.2379213118188765,0.0013060155321289457,0.005225177216072538,1.3607216953535705e-05,2,0,91,4708.43347448477,1193.2778555099874,458430.49670599814,464332.2080359929,phi,geometry
off0000,1,1.2130773991046546e-05,1.21417578e-05,1.076892077628244e-06,1,193,5,0,6,1.0071992979382958,0.0026041666666666665,0.3671875,0.09517762895532832,0.19130699088411657,0.05625078820654025,1.8796688554391368,0.05625078578438135,-1.4135322193502897e-05,-8.525805302322972e-06,1.772467291065734,-0.6248081851379902,-0.03360714201689756,1.4527558370685272,6.092757666219322,6.1129313635696825,6.245821945377974,6.263509968323779,0.0013376113285621383,0.005245829676761957,1.366099934245849e-05,5,0,70,4612.088741791391,1190.6288357717851,458496.36158476485,464299.07916232804,phi,geometry
off0000,1,1.2130773991046546e-05,1.21417578e-05,1.0771082599454622e-06,1,225,0,0,5,1.000642683695185,0.0026041666666666665,0.5286458333333333,0.09953114829615704,0.20005506071454202,0.052884435105406705,1.9118417362649325,0.052876670658157834,-0.0002689634458846684,0.0008653526399457532,1.7985154561131231,-0.34392169022365243,0.5497261587740048,1.4527467524370685,6.059997303326099,6.081058051803902,6.226503699028423,6.218386190173944,0.0012853673903698848,0.005211680644245755,1.3572069670796592e-05,0,0,101,4772.12567272064,1194.772490396034,458238.9932904655,464205.89145358215,phi,geometry
off0000,1,1.2130773991046546e-05,1.21417578e-05,1.0771232926388922e-06,1,33,4,0,12,1.0058669945911962,0.0026041666666666665,0.23177083333333331,0.0960471047120433,0.19305463627286842,0.05575474350108699,1.8897235559492558,0.055754726631851964,1.8464719014594007e-05,3.9244536052115916e-05,1.7619706895149294,-0.3622440327310989,-0.5790454800363222,1.452755835237896,6.097560776877573,6.121286954347393,6.262365636823712,6.253185457872774,0.0013269953656369626,0.005238890596829146,1.3642928842224956e-05,4,0,44,4654.9082543436325,1195.3645501459894,458349.14003619616,464199.4128406858,phi,geometry
off0000,1,1.2130773991046546e-05,1.21417578e-05,1.0771540980584302e-06,1,197,3,0,6,1.0045452650801847,0.0026041666666666665,0.4505208333333333,0.09691979855426495,0.19480874863881442,0.05547070692799294,1.8921588217932652,0.055470706704775434,-4.939719164455027e-06,6.026943143074278e-07,1.785651250449507,-0.5401523376472205,0.31614881115138177,1.452755828319983,6.077869003690956,6.097843361727335,6.235993342595449,6.244611828583943,0.0013164636563858245,0.005232006588959295,1.3625001758659942e-05,3,0,86,4674.123769831379,1191.894195139961,458320.1192843319,464186.1372493033,phi,geometry
off0000,1,1.2130773991046546e-05,1.21417578e-05,1.0772360390227818e-06,1,37,5,0,5,1.0071992979382958,0.0026041666666666665,0.2786458333333333,0.09517761100759979,0.19130695322132274,0.056181022501553615,1.8814360989616856,0.056181020102384335,2.565267322796206e-06,1.621711948441578e-05,1.7633729245062473,-0.5082361435714051,-0.4147453989643726,1.452755831039515,6.098486583467532,6.120576828999564,6.25745617553334,6.261369386988748,0.0013376113285621383,0.005245829676761957,1.3660999342458635e-05,5,0,53,4617.752344951831,1192.8444357467483,458340.2317169969,464150.82849769545,phi,geometry
off0000,1,1.2130773991046546e-05,1.21417578e-05,1.0773008305516036e-06,1,5,1,0,11,1.0019331925551165,0.0026041666666666665,0.14322916666666666,0.09867431479647944,0.19833525484660114,0.05444633969144217,1.909551828489339,0.05444391357528072,0.00010932287266264331,0.0005022239667595359,1.7595888467069773,0.02584282291040192,-0.7413281491589323,1.4527555697634096,6.0789614698343595,6.1064164694303935,6.250112449442116,6.2258346522103745,0.00129565032949297,0.005218402044557898,1.358957329765863e-05,1,0,27,4755.033239112144,1197.7271430883584,458170.1529399661,464122.9133221666,phi,geometry
off0000,1,1.2130773991046546e-05,1.21417578e-05,1.0773272672426057e-06,1,193,5,0,7,1.0071992979382958,0.0026041666666666665,0.3723958333333333,0.09517760309599536,0.19130693691049572,0.056249690318125316,1.8788549277195177,0.056249688647632724,-1.3708661635319325e-05,4.4442663611214195e-08,1.7720803123701414,-0.624273397613623,-0.010484796516859445,1.4527558294884493,6.090120228654595,6.110234566711269,6.243265037619941,6.26099047393905,0.0013376113285621383,0.005245829676761957,1.3660999342458635e-05,5,0,71,4610.071792669061,1190.1413372108004,458311.3110123973,464111.52414227714,phi,geometry
off0000,1,1.2130773991046546e-05,1.21417578e-05,1.0773466153305763e-06,1,197,4,0,0,1.0058669945911962,0.0026041666666666665,0.4192708333333333,0.09604710314405161,0.1930546328936804,0.05586452318815304,1.8851299912289503,0.055864522497701026,-2.1011811228847215e-06,8.528105434415256e-06,1.7795181203868988,-0.5917332758267289,0.1920470601829403,1.4527558343818197,6.08273879609123,6.102604965951603,6.237987229258925,6.252157871345105,0.0013269953656369626,0.005238890596829146,1.3642928842225028e-05,4,0,80,4640.912581856091,1190.7080736168855,458271.56849928066,464103.18915475364,phi,geometry
off0000,1,1.2130773991046546e-05,1.21417578e-05,1.0774672424213333e-06,1,33,2,0,0,1.0032340254859273,0.0026041666666666665,0.16927083333333331,0.09779577360777576,0.1965694618942625,0.05498249564112118,1.9031405952237719,0.05498241997179917,-1.9648211183038412e-05,8.90781589789203e-05,1.7599629909934191,-0.09829858416091641,-0.7175038563479295,1.452755842427653,6.085704067546765,6.112030697674458,6.256274129047079,6.23381092423187,0.0013060155321289457,0.005225177216072538,1.3607216953535778e-05,2,0,32,4722.005953170681,1197.33618948158,458131.8886644926,464051.23080714484,phi,geometry
off0000,1,1.2130773991046546e-05,1.21417578e-05,1.0774705758707797e-06,1,5,0,0,7,1.000642683695185,0.0026041666666666665,0.12239583333333333,0.09953105339464291,0.2000548697922911,0.05268176991182438,1.9146308104059446,0.052669584500309626,7.871225136056837e-05,-0.0011302893384594014,1.7588600111551795,0.12744147063738437,-0.7456415176723377,1.4527467518102481,6.068840772395666,6.09728166562822,6.239587788520325,6.215800008775301,0.0012853673903698848,0.005211680644245755,1.3572069670796521e-05,0,0,23,4784.586333996526,1197.2465173323571,458067.9622866171,464049.79513794597,phi,geometry
off0000,1,1.2130773991046546e-05,1.21417578e-05,1.0777156734999757e-06,1,37,5,0,4,1.0071992979382958,0.0026041666666666665,0.2734375,0.09517761145159116,0.19130695419802685,0.056172994718812895,1.8807939085809737,0.05617299228112605,9.729639026875236e-06,1.3386502870548435e-05,1.7619161287088256,-0.49415267470166135,-0.43456923042962325,1.452755831359526,6.096404973480354,6.1186569002902464,6.256061524011923,6.2585735809060274,0.0013376113285621383,0.005245829676761957,1.366099934245849e-05,5,0,52,4616.31100209729,1192.5799423805493,458135.3684687739,463944.2594132517,phi,geometry
off0000,1,1.2130773991046546e-05,1.21417578e-05,1.0778093301002434e-06,1,193,5,0,8,1.0071992979382958,0.0026041666666666665,0.37760416666666663,0.09517761353718072,0.19130695835115988,0.05624793943022443,1.877965681240215,0.05624793749052977,-1.2652364510728793e-05,7.623996604188084e-06,1.7715969750228762,-0.6229307194216865,0.012513065435748632,1.4527558312118218,6.087237491288594,6.107297820625325,6.2405137770296255,6.258184331734945,0.0013376113285621383,0.005245829676761957,1.366099934245849e-05,5,0,72,4607.874968240096,1189.6166696068117,458106.453184654,463903.9448225009,phi,geometry
off0000,1,1.2130773991046546e-05,1.21417578e-05,1.0778320288198891e-06,1,197,2,0,12,1.0032340254859273,0.0026041666666666665,0.4817708333333333,0.09779565422441583,0.1965692105176107,0.055418888309368045,1.897814135767053,0.05541877519623829,-9.78155133128397e-05,5.449147060791504e-05,1.78923155799313,-0.46683854589802576,0.42709565423045553,1.452755800241801,6.068675264442173,6.08899954235992,6.230421936745038,6.232010953283488,0.0013060155321289457,0.005225177216072538,1.3607216953535849e-05,2,0,92,4704.70539315876,1192.403529031207,457997.066265243,463894.17518743296,phi,geometry
off0000,1,1.2130773991046546e-05,1.21417578e-05,1.0778555343502307e-06,1,33,3,0,5,1.0045452650801847,0.0026041666666666665,0.1953125,0.09691979809858024,0.19480874781059979,0.05535656486604404,1.8957895299075966,0.05535653255641844,7.436866572989376e-06,5.9344685882923e-05,1.759452076775816,-0.21542512200116878,-0.6722636001207533,1.4527558286470301,6.089531341515107,6.114735374478596,6.258361607105062,6.240205363553692,0.0013164636563858245,0.005232006588959295,1.3625001758659869e-05,3,0,37,4686.868397092085,1196.1699469527034,458001.0203869035,463884.05873094825,phi,geometry
off0000,1,1.2130773991046546e-05,1.21417578e-05,1.0779119488690027e-06,1,225,1,0,2,1.0019331925551165,0.0026041666666666665,0.5130208333333333,0.09867463694449133,0.19833593455493936,0.054149720316510365,1.9043728331305716,0.05414718701190759,0.00040779381715445455,-0.0003287145516887353,1.7934150984482788,-0.3925649836677033,0.5061530458482756,1.4527556876592886,6.062464504341963,6.0831707993610635,6.227276885343208,6.222737916181669,0.00129565032949297,0.005218402044557898,1.3589573297658774e-05,1,0,98,4736.862907119935,1193.4083702222624,457929.5092220058,463859.780499348,phi,geometry
off0000,1,1.2130773991046546e-05,1.21417578e-05,1.0779904395976822e-06,1,33,4,0,11,1.0058669945911962,0.0026041666666666665,0.2265625,0.09604710423751074,0.1930546352782817,0.055749265787370446,1.8883719838507276,0.05574924679177534,1.759786233838832e-05,4.252406189680531e-05,1.7596927759741605,-0.3421591034836753,-0.5935968593919049,1.4527558350844723,6.093199681549713,6.117125272736382,6.258746643202069,6.248140083641443,0.0013269953656369626,0.005238890596829146,1.3642928842224956e-05,4,0,43,4651.767955922856,1194.6735907889624,457979.56435609143,463826.00590280327,phi,geometry
off0000,1,1.2130773991046546e-05,1.21417578e-05,1.078203145433889e-06,1,197,3,0,7,1.0045452650801847,0.0026041666666666665,0.45572916666666663,0.09691979807893987,0.19480874764817072,0.05546844784645341,1.8903896774528004,0.05546844698225121,-9.737299905926882e-06,-1.0280561374768217e-06,1.7839002066766012,-0.5284087203702941,0.3347497714351877,1.4527558281885828,6.072186288660926,6.092195995629881,6.230998618837275,6.238529355058609,0.0013164636563858245,0.005232006588959295,1.3625001758659796e-05,3,0,87,4669.832253090622,1190.9404642734976,457873.7304859174,463734.50320328155,phi,geometry
off0000,1,1.2130773991046546e-05,1.21417578e-05,1.0782088790822761e-06,1,197,4,0,1,1.0058669945911962,0.0026041666666666665,0.42447916666666663,0.09604710344027699,0.19305463352144706,0.05586060534145737,1.8836586501837849,0.05586060475265617,-1.4530478236299404e-06,7.979363047197444e-06,1.7782224536485078,-0.5837311024783893,0.2129620054184371,1.4527558345035525,6.077991218487433,6.097857575819932,6.233763025067292,6.247154670799845,0.0013269953656369626,0.005238890596829146,1.3642928842224883e-05,4,0,81,4637.332081125076,1189.9016333511754,457904.80346330884,463732.03717778507,phi,geometry
off0000,1,1.2130773991046546e-05,1.21417578e-05,1.0782433237193563e-06,1,37,5,0,3,1.0071992979382958,0.0026041666666666665,0.26822916666666663,0.095177613730168,0.19130695894610328,0.05616474773493512,1.8800696098506735,0.056164743971091044,1.706357098557028e-05,1.1472804257807195e-05,1.7603624549864125,-0.47933793401673985,-0.45389526321700896,1.4527558319979332,6.094057158784032,6.116475560455749,6.254421440245415,6.255500567100101,0.0013376113285621383,0.005245829676761957,1.366099934245849e-05,5,0,51,4614.6740631018,1192.2686951736905,457910.2804333047,463717.2231915802,phi,geometry
off0000,1,1.2130773991046546e-05,1.21417578e-05,1.0783400569216955e-06,1,193,5,0,9,1.0071992979382958,0.0026041666666666665,0.3828125,0.09517761542517171,0.19130696252621163,0.056245758302622774,1.87700492085984,0.0562457567442093,-1.1100093066350557e-05,7.217771593804099e-06,1.7710180023700561,-0.6207999390802443,0.035357373363908866,1.452755832655377,6.08412322248715,6.104135368028358,6.237580446940155,6.255105626097931,0.0013376113285621383,0.005245829676761957,1.366099934245849e-05,5,0,73,4605.5090841632245,1189.057199982032,457881.058849669,463675.62513381423,phi,geometry
off0000,1,1.2130773991046546e-05,1.21417578e-05,1.0783600316873982e-06,1,225,0,0,6,1.000642683695185,0.0026041666666666665,0.5338541666666666,0.09953114314325581,0.2000550500294828,0.05288891487523259,1.9096929753075296,0.05288120201322025,-0.00022927413862398755,0.0008736267429215146,1.796010613723887,-0.32598337492920426,0.5612557123093157,1.4527467512466534,6.053186495825654,6.074359866494397,6.220394358350082,6.211151227650817,0.0012853673903698848,0.005211680644245755,1.3572069670796303e-05,0,0,102,4766.918092378559,1193.5926349126803,457706.52561270463,463667.03633999586,phi,geometry
off0000,1,1.2130773991046546e-05,1.21417578e-05,1.078555803346591e-06,1,5,1,0,10,1.0019331925551165,0.0026041666666666665,0.13802083333333331,0.09867429715672718,0.19833521828163853,0.054504267329975736,1.9072545577098725,0.054502086278613894,0.00010795465356308511,0.0004754936895075725,1.756390679927408,0.05124793077908516,-0.7416774076106675,1.4527555657015376,6.071648767440204,6.099328047689193,6.242914077055414,6.218614976923008,0.00129565032949297,0.005218402044557898,1.3589573297658703e-05,1,0,26,4749.607200251321,1196.3474600849552,457636.9201882137,463582.87484854995,phi,geometry
off0000,1,1.2130773991046546e-05,1.21417578e-05,1.0786559647321806e-06,1,5,2,0,15,1.0032340254859273,0.0026041666666666665,0.1640625,0.09779577090608764,0.19656945629881253,0.05498565986774931,1.9010553793719231,0.05498557788483257,-4.0762112047600656e-05,8.575670848470302e-05,1.7569333724685485,-0.07349940690598723,-0.7223534573390555,1.4527558418177182,6.079036222397533,6.105587279474879,6.249975711749128,6.226938919568293,0.0013060155321289457,0.005225177216072538,1.3607216953535778e-05,2,0,31,4717.074725227284,1196.1348324486016,457626.61810567457,463539.82766335044,phi,geometry
off0000,1,1.2130773991046546e-05,1.21417578e-05,1.078741669677394e-06,1,5,0,0,6,1.000642683695185,0.0026041666666666665,0.1171875,0.09953104486164031,0.20005485196604797,0.052695947952740275,1.9122134398955721,0.05268374023949088,9.185651897762038e-05,-0.0011304898918978944,1.7555966394731388,0.15275962321430017,-0.7423645847582598,1.4527467493589514,6.061178648095383,6.089839409788236,6.231823054671071,6.208477283995436,0.0012853673903698848,0.005211680644245755,1.3572069670796484e-05,0,0,22,4778.807363597515,1195.75916802783,457528.4333566879,463502.99988831324,phi,geometry
off0000,1,1.2130773991046546e-05,1.21417578e-05,1.0788179490556168e-06,1,37,5,0,2,1.0071992979382958,0.0026041666666666665,0.2630208333333333,0.09517761668477467,0.19130696531356697,0.056156578877897725,1.879263753917804,0.056156573131976084,2.2391883045879423e-05,1.199775579967154e-05,1.758713691635946,-0.46381112261198154,-0.47269191888894485,1.4527558336256958,6.091444963018033,6.11403444491292,6.252534220536858,6.25215574589319,0.0013376113285621383,0.005245829676761957,1.3660999342458635e-05,5,0,50,4612.842973360226,1191.9099547050791,457665.4743124932,463470.22724055854,phi,geometry
off0000,1,1.2130773991046546e-05,1.21417578e-05,1.078894393957647e-06,1,33,4,0,10,1.0058669945911962,0.0026041666666666665,0.22135416666666666,0.09604710373465597,0.19305463422557148,0.05574445987761724,1.8869501761152707,0.055744438932999206,1.6459211706631337e-05,4.543332202407778e-05,1.7573385651671594,-0.3215534218535167,-0.6074088667544908,1.452755834926549,6.088611958147099,6.112740319012849,6.254887921032778,6.24289047285604,0.0013269953656369626,0.005238890596829146,1.3642928842224883e-05,4,0,42,4648.459910020072,1193.9368201409443,457594.9913962879,463437.38812644896,phi,geometry
off0000,1,1.2130773991046546e-05,1.21417578e-05,1.0789158205353671e-06,1,193,5,0,10,1.0071992979382958,0.0026041666666666665,0.3880208333333333,0.09517761471886396,0.19130696105137676,0.0562431441386319,1.875976670192302,0.056243142859243735,-9.448621609650855e-06,7.391696280590997e-06,1.770345163997029,-0.6178997733208939,0.058020147777459424,1.4527558324459515,6.080790273625234,6.100760391196395,6.234476359877539,6.251767749731522,0.0013376113285621383,0.005245829676761957,1.3660999342458635e-05,5,0,74,4602.9839928719,1188.465160452455,457636.73540318327,463428.1845565076,phi,geometry
off0000,1,1.2130773991046546e-05,1.21417578e-05,1.0789425815024597e-06,1,33,3,0,4,1.0045452650801847,0.0026041666666666665,0.19010416666666666,0.09691979785777598,0.1948087473078108,0.055356495819801704,1.8939713635986877,0.055356463480200555,3.861958021025202e-06,5.971179302641579e-05,1.756677138228257,-0.19208017950488926,-0.6814089541526609,1.4527558285770337,6.083691153973326,6.109113517456514,6.25309928048749,6.2339089974485065,0.0013164636563858245,0.005232006588959295,1.3625001758659796e-05,3,0,36,4682.597921358836,1195.163468570731,457538.92877696984,463416.6901668994,phi,geometry
off0000,1,1.2130773991046546e-05,1.21417578e-05,1.0791058626627851e-06,1,197,4,0,2,1.0058669945911962,0.0026041666666666665,0.4296875,0.096047103840286,0.1930546343681096,0.055856802012604366,1.8821364297802687,0.05585680152831325,-1.3491998415787809e-06,7.230599248037254e-06,1.7768490538635533,-0.5750838285984898,0.23350282690947213,1.4527558346640053,6.07307946546592,6.092951975005003,6.22940792084327,6.241958332210015,0.0013269953656369626,0.005238890596829146,1.3642928842224883e-05,4,0,82,4633.63244195044,1189.0703107664588,457523.8671252445,463346.5698779614,phi,geometry
off0000,1,1.2130773991046546e-05,1.21417578e-05,1.0791960776672422e-06,1,197,2,0,13,1.0032340254859273,0.0026041666666666665,0.48697916666666663,0.09779552429796062,0.1965689376516096,0.05471768016732941,1.8954611490539677,0.05471747007460733,0.00013173317484717093,-7.508594576014406e-05,1.787086862456742,-0.4520344689664252,0.44131434655327884,1.4527557569556302,6.061155101708569,6.081493879109986,6.22368503491583,6.2241148853727255,0.0013060155321289457,0.005225177216072538,1.3607216953535705e-05,2,0,93,4698.421418604347,1191.120704757409,457418.2944662457,463307.83658960747,phi,geometry
off0000,1,1.2130773991046546e-05,1.21417578e-05,1.0792767641609828e-06,1,197,3,0,8,1.0045452650801847,0.0026041666666666665,0.4609375,0.09691979762092535,0.19480874669118056,0.055466616158005105,1.888584587003799,0.05546661372989341,-1.6187344533415533e-05,-2.7070556716940077e-06,1.782086302788356,-0.5161372839938984,0.35287739479008773,1.4527558280529294,6.066388109318256,6.08643893234482,6.225906104897114,6.232315264129849,0.0013164636563858245,0.005232006588959295,1.3625001758659796e-05,3,0,88,4665.457733133702,1189.968358484054,457417.7737059283,463273.199797546,phi,geometry
off0000,1,1.2130773991046546e-05,1.21417578e-05,1.0793609188809927e-06,1,225,1,0,3,1.0019331925551165,0.0026041666666666665,0.5182291666666666,0.0986744056921865,0.19833545303573744,0.05481765394646615,1.9018721647177959,0.05481650429576085,0.00022505011356386233,-0.00027457864762733743,1.7910380341316123,-0.37567156755483283,0.5178526475294098,1.4527556264893973,6.054510860810491,6.075251116419935,6.220094947854011,6.21442503897685,0.00129565032949297,0.005218402044557898,1.3589573297658485e-05,1,0,99,4731.2669793512805,1191.9970797295207,457313.8156365281,463237.0796956089,phi,geometry
off0000,1,1.2130773991046546e-05,1.21417578e-05,1.0794382575470757e-06,1,37,5,0,1,1.0071992979382958,0.0026041666666666665,0.2578125,0.09517762141733618,0.19130697507855413,0.05614856174661616,1.8783768028741936,0.056148554706112914,2.141794144903683e-05,1.8218122752284978e-05,1.7569717818638615,-0.4475928203835852,-0.49092793610780816,1.4527558345845737,6.088569848801378,6.111334788225242,6.25039771695623,6.2485443135655325,0.0013376113285621383,0.005245829676761957,1.366099934245849e-05,5,0,49,4610.8187118608475,1191.502492462892,457401.56887847185,463203.8900827956,phi,geometry
off0000,1,1.2130773991046546e-05,1.21417578e-05,1.0795357277686927e-06,1,193,5,0,11,1.0071992979382958,0.0026041666666666665,0.39322916666666663,0.09517761457477227,0.19130696074861306,0.05624014506659229,1.8748826292962366,0.05624014399473429,-7.716445727296962e-06,7.811489209328178e-06,1.7695803270678256,-0.6142428005474598,0.08047435409439695,1.452755832396062,6.077244054359559,6.097178245212956,6.231205742514605,6.248177046646839,0.0013376113285621383,0.005245829676761957,1.366099934245849e-05,5,0,75,4600.30373383746,1187.8413602644098,457373.92276395496,463162.0678580568,phi,geometry
off0000,1,1.2130773991046546e-05,1.21417578e-05,1.079614955101202e-06,1,225,0,0,7,1.000642683695185,0.0026041666666666665,0.5390625,0.0995311389571123,0.20005504127809934,0.052897915976878346,1.9075388937154005,0.05289020162391831,-0.00019133586062799186,0.0008828802107803844,1.7934777473738388,-0.3077828671815767,0.5721991850582481,1.4527467500218088,6.046358793700749,6.067649422653122,6.214250747483525,6.203914062569609,0.0012853673903698848,0.005211680644245755,1.3572069670796592e-05,0,0,103,4761.7044512975845,1192.406539760941,457173.96780915646,463128.078800215,phi,geometry
off0000,1,1.2130773991046546e-05,1.21417578e-05,1.079812718946722e-06,1,5,1,0,9,1.0019331925551165,0.0026041666666666665,0.1328125,0.09867432900437292,0.19833528439528292,0.05451414559108961,1.9049336218027553,0.054512060335959574,5.8389126517347955e-05,0.0004732210531259445,1.7531702340099742,0.07661012271536816,-0.741145817740012,1.452755573392209,6.064259206308984,6.0921641342187876,6.235584174002115,6.2113783464944206,0.00129565032949297,0.005218402044557898,1.3589573297658703e-05,1,0,25,4744.085695528778,1194.933335891891,457104.2395141106,463043.25854553125,phi,geometry
off0000,1,1.2130773991046546e-05,1.21417578e-05,1.0798335602953166e-06,1,33,4,0,9,1.0058669945911962,0.0026041666666666665,0.21614583333333331,0.09604710320008562,0.19305463310823404,0.055740375173120596,1.8854601819153596,0.05574035252206465,1.5034645102084594e-05,4.794909432371188e-05,1.7549112548185022,-0.3004569967722079,-0.6204612626024896,1.452755834765319,6.083804218827184,6.1081385000900354,6.250792322029347,6.237446971680731,0.0013269953656369626,0.005238890596829146,1.3642928842224956e-05,4,0,41,4644.988982047737,1193.1547798417032,457196.1778082406,463034.32157013,phi,geometry
off0000,1,1.2130773991046546e-05,1.21417578e-05,1.0798654423710953e-06,1,5,2,0,14,1.0032340254859273,0.0026041666666666665,0.15885416666666666,0.09779576960069956,0.1965694536102445,0.05499600490065877,1.8989212791685053,0.05499594725552382,-1.1969609699355237e-05,7.872248325096757e-05,1.7538540615598008,-0.04857073829980579,-0.726318689426449,1.4527558415784916,6.07221201541392,6.098989854879419,6.243472770685908,6.219967042228397,0.0013060155321289457,0.005225177216072538,1.3607216953535705e-05,2,0,30,4712.031098208522,1194.8847822980579,457113.73500923195,463020.6508897385,phi,geometry
off0000,1,1.2130773991046546e-05,1.21417578e-05,1.0800096943120008e-06,1,5,0,0,5,1.000642683695185,0.0026041666666666665,0.11197916666666666,0.09953104066063247,0.2000548434526021,0.052708710030181675,1.9097880507274152,0.05269640444362419,0.00012720819761282456,-0.001131764036457676,1.752344744622475,0.17789870771360142,-0.7381939748392996,1.4527467491065056,6.0534909745115675,6.082369396164763,6.223978051869697,6.201189269781939,0.0012853673903698848,0.005211680644245755,1.3572069670796484e-05,0,0,21,4773.005637588896,1194.260678067329,456991.5410296012,462958.80734525743,phi,geometry
off0000,1,1.2130773991046546e-05,1.21417578e-05,1.080036029672407e-06,1,197,4,0,3,1.0058669945911962,0.0026041666666666665,0.4348958333333333,0.09604710359641787,0.1930546338556879,0.055853219524311694,1.8805657718223359,0.05585321914188015,-1.7653363765006955e-06,6.2931433655120335e-06,1.775400367327136,-0.5658111067238027,0.2536512356610829,1.4527558345803002,6.06801143960889,6.0878960411273795,6.224927396247805,6.236578726455727,0.0013269953656369626,0.005238890596829146,1.3642928842225028e-05,4,0,83,4629.819680885048,1188.2151471824661,457129.48383171123,462947.51865977875,phi,geometry
off0000,1,1.2130773991046546e-05,1.21417578e-05,1.0800543999718146e-06,1,33,3,0,3,1.0045452650801847,0.0026041666666666665,0.18489583333333331,0.09691979736013853,0.19480874625690428,0.05535726208999829,1.8920986810962053,0.055357229981292784,-4.186323424049031e-07,5.9621504245805766e-05,1.7538499830871164,-0.16843384265831132,-0.6896939150657166,1.4527558283881559,6.0776758611120485,6.10331833492857,6.247624849579102,6.227483575885355,0.0013164636563858245,0.005232006588959295,1.3625001758659869e-05,3,0,35,4678.196420414434,1194.1164755784773,457067.3316376974,462939.6445336903,phi,geometry
off0000,1,1.2130773991046546e-05,1.21417578e-05,1.080103807744388e-06,1,37,5,0,0,1.0071992979382958,0.0026041666666666665,0.25260416666666663,0.09517761904713767,0.19130697022842014,0.05614082606587699,1.8774106648717606,0.056140817195174095,2.093927421224715e-05,2.361279088518542e-05,1.755138636901398,-0.4307049703315667,-0.5085788025093195,1.4527558342579012,6.085438285223162,6.10838306056808,6.248014598302214,6.24467620073242,0.0013376113285621383,0.005245829676761957,1.366099934245849e-05,5,0,48,4608.6062117833535,1191.048112990411,457118.8137104093,462918.46803518303,phi,geometry
off0000,1,1.2130773991046546e-05,1.21417578e-05,1.080198721728281e-06,1,193,5,0,12,1.0071992979382958,0.0026041666666666665,0.3984375,0.09517761464402538,0.19130696089415064,0.05623682290525092,1.8737247168805853,0.05623682199892818,-5.957024945050399e-06,8.151765181006295e-06,1.7687253915538974,-0.6098432243948466,0.10269394130832954,1.4527558324201302,6.073490795154816,6.093395136894757,6.227773403280787,6.244340837434775,0.0013376113285621383,0.005245829676761957,1.366099934245849e-05,5,0,76,4597.4729935221285,1187.186726228194,457093.13298862934,462877.7927083797,phi,geometry
off0000,1,1.2130773991046546e-05,1.21417578e-05,1.080373413922233e-06,1,197,3,0,9,1.0045452650801847,0.0026041666666666665,0.4661458333333333,0.09691979768159659,0.19480874678716834,0.055465245724120496,1.886746251999748,0.055465240060076804,-2.466991782552095e-05,-4.439625373759359e-06,1.7802123149716245,-0.5033589562179754,0.3705203020802186,1.4527558279561277,6.060483127741713,6.080580796719044,6.220721751843301,6.2259804615584695,0.0013164636563858245,0.005232006588959295,1.3625001758659942e-05,3,0,89,4661.006786639911,1188.979087849066,456952.9612887321,462802.9471632211,phi,geometry
off0000,1,1.2130773991046546e-05,1.21417578e-05,1.0803850776311215e-06,1,197,2,0,14,1.0032340254859273,0.0026041666666666665,0.4921875,0.09779686384706511,0.19657176050475028,0.055599916027684305,1.8933247650488119,0.05559689110234664,0.00019761253876122097,0.0005452626191839308,1.7848677448498584,-0.4363653382025994,0.456630146789555,1.4527562386673436,6.054282078669804,6.0746834120740125,6.217598932672533,6.21678405459895,0.0013060155321289457,0.005225177216072538,1.3607216953535705e-05,2,0,94,4693.880089759226,1189.9685480686626,456914.10215978225,462797.95079761016,phi,geometry
off0000,1,1.2130773991046546e-05,1.21417578e-05,1.0804212639294397e-06,1,225,1,0,4,1.0019331925551165,0.0026041666666666665,0.5234375,0.09867430501919018,0.1983352385911381,0.05445551953093996,1.9000852743094259,0.054453327933797646,0.0003073211808220985,-0.000379786796366696,1.7886220613930883,-0.3585121565221036,0.531624119817128,1.452755582204042,6.048825474046324,6.069719354062751,6.215112179026744,6.208216204296425,0.00129565032949297,0.005218402044557898,1.3589573297658774e-05,1,0,100,4726.717187956982,1191.0579995823482,456864.6752258524,462782.45041339175,phi,geometry
off0000,1,1.2130773991046546e-05,1.21417578e-05,1.0808063106243549e-06,1,33,4,0,8,1.0058669945911962,0.0026041666666666665,0.2109375,0.09604710276147402,0.1930546321831749,0.05573702423859615,1.8839041203270601,0.055737000173687525,1.3302316896824168e-05,5.0056573768312535e-05,1.752414178002956,-0.27890066015338166,-0.6327350986672907,1.4527558346018359,6.078783297156876,6.103326429442373,6.246463005373138,6.231820076707527,0.0013269953656369626,0.005238890596829146,1.3642928842224956e-05,4,0,40,4641.360165308254,1192.3280687462213,456783.8918864413,462617.5801204958,phi,geometry
off0000,1,1.2130773991046546e-05,1.21417578e-05,1.0808131895542236e-06,1,33,5,0,15,1.0071992979382958,0.0026041666666666665,0.24739583333333331,0.09517761836383694,0.191306968791906,0.056133519348515654,1.876367081014302,0.056133508423232975,2.0641700213513102e-05,2.8292564849797374e-05,1.7532167298003123,-0.41317086207113113,-0.525618074078346,1.4527558340183915,6.08205563469771,6.10518450156273,6.245386395839184,6.240560454829441,0.0013376113285621383,0.005245829676761957,1.3660999342458562e-05,5,0,47,4606.209500789034,1190.5470482973135,456817.87920144765,462614.635750534,phi,geometry
off0000,1,1.2130773991046546e-05,1.21417578e-05,1.080867977894763e-06,1,225,2,0,0,1.0032340254859273,0.0026041666666666665,0.5026041666666666,0.09779457899356953,0.19656694114377452,0.05489073044633022,1.8922500203154777,0.05484959145037225,-0.0010426059387623492,-0.001851372332998569,1.7826434327763414,-0.4205521708910867,0.47531926378183087,1.4527554005544678,6.050916053841387,6.071549213157756,6.214922749982435,6.212709663474249,0.0013060155321289457,0.005225177216072538,1.360721695353556e-05,2,0,96,4690.908074134034,1189.6180931052475,456710.66001431836,462591.18618155766,phi,geometry
off0000,1,1.2130773991046546e-05,1.21417578e-05,1.080870118764276e-06,1,225,0,0,8,1.000642683695185,0.0026041666666666665,0.5442708333333333,0.09953113469057243,0.20005503236118316,0.05290708340293432,1.9053849030938326,0.05289934303179961,-0.0001541592131493341,0.0008917488133116938,1.7909191990439686,-0.28933662525889137,0.5825670508339788,1.4527467487826655,6.0395313820788585,6.060944360057249,6.208087764941548,6.196692862342924,0.0012853673903698848,0.005211680644245755,1.3572069670796592e-05,0,0,104,4756.495107075723,1191.2168737754973,456642.5579505943,462590.2699314455,phi,geometry
off0000,1,1.2130773991046546e-05,1.21417578e-05,1.080903584743037e-06,1,193,5,0,13,1.0071992979382958,0.0026041666666666665,0.4036458333333333,0.09517761477092475,0.19130696116102774,0.05623324991745145,1.8725050265789331,0.05623324913942441,-4.244802335304524e-06,8.335684166593188e-06,1.7677823594031992,-0.6047164604423179,0.1246539482581461,1.4527558324649696,6.06953728729168,6.089417845748317,6.224184509833179,6.240267154996893,0.0013376113285621383,0.005245829676761957,1.3660999342458635e-05,5,0,77,4594.496894321307,1186.5022576328595,456794.94846955815,462575.94762151234,phi,geometry
off0000,1,1.2130773991046546e-05,1.21417578e-05,1.0809977852236752e-06,1,197,4,0,4,1.0058669945911962,0.0026041666666666665,0.44010416666666663,0.09604710319872489,0.1930546330194703,0.055849896186975743,1.8789492024904346,0.05584989586726559,-2.9769722423620968e-06,5.181620836151965e-06,1.7738789474776688,-0.5559329277181921,0.27339013353381597,1.4527558344416316,6.062795276610839,6.082697880417889,6.220327083014543,6.231026029721763,0.0013269953656369626,0.005238890596829146,1.3642928842224883e-05,4,0,84,4625.8999354821635,1187.337270175418,456722.4005491804,462535.637754838,phi,geometry
off0000,1,1.2130773991046546e-05,1.21417578e-05,1.0810748696910367e-06,1,5,1,0,8,1.0019331925551165,0.0026041666666666665,0.12760416666666666,0.09867433065640839,0.19833528784459778,0.054518927330183486,1.902588222181041,0.054516867534379725,1.473998290975405e-05,0.00047368154452710314,1.749940157341006,0.10189437182430604,-0.7397086763705555,1.45275557386365,6.056792695313414,6.084922325215899,6.228122640364652,6.204126796926584,0.00129565032949297,0.005218402044557898,1.358957329765863e-05,1,0,24,4738.500082157847,1193.4951211439686,456570.6621222693,462502.6573255711,phi,geometry
off0000,1,1.2130773991046546e-05,1.21417578e-05,1.0810934467109949e-06,1,5,2,0,13,1.0032340254859273,0.0026041666666666665,0.15364583333333331,0.09779577432943169,0.19656946350851076,0.05499522421424825,1.8967376741396762,0.05499516397118854,2.0040319794848017e-05,7.889577368668814e-05,1.7507461954586112,-0.023545872644560824,-0.7293470747657748,1.4527558430326437,6.065229318822195,6.092232539804575,6.236761871065741,6.212898142711049,0.0013060155321289457,0.005225177216072538,1.3607216953535778e-05,2,0,29,4706.856505569364,1193.601987737626,456594.25139615487,462494.70988946187,phi,geometry
off0000,1,1.2130773991046546e-05,1.21417578e-05,1.0811890209618765e-06,1,33,3,0,2,1.0045452650801847,0.0026041666666666665,0.1796875,0.09691979636635265,0.19480874417826774,0.05535892079943102,1.890174424959218,0.05535888895555262,-5.866259538873449e-06,5.9086982232796566e-05,1.7509747519763015,-0.14452057719610573,-0.697108727156923,1.4527558280856585,6.07149492229809,6.09735903544151,6.24194495527281,6.2209412769031385,0.0013164636563858245,0.005232006588959295,1.3625001758659869e-05,3,0,34,4673.670932389072,1193.0319114475624,456587.12373606756,462453.8265799042,phi,geometry
off0000,1,1.2130773991046546e-05,1.21417578e-05,1.0812604187862856e-06,1,37,6,0,14,1.008542259712172,0.0026041666666666665,0.3255208333333333,0.09431141669954048,0.18956590338199444,0.05660472356406232,1.8665250246584457,0.056604721970316074,-1.336640150031439e-05,1.3290745969265336e-06,1.7566636686372261,-0.5921044694278155,-0.2178548146124362,1.4527558322320009,6.0778738612668635,6.098724651180687,6.232904902749275,6.246905963274138,0.0013483122191906283,0.005252824269334229,1.3679214406694109e-05,6,0,62,4565.210702344562,1186.5841972933104,456671.49491360603,462423.2898132439,phi,geometry
off0000,1,1.2130773991046546e-05,1.21417578e-05,1.0812753554739327e-06,1,5,0,0,4,1.000642683695185,0.0026041666666666665,0.10677083333333333,0.09953104141498505,0.2000548449315401,0.05271767662169183,1.9073562847468757,0.0527053270196861,0.0001840371665611793,-0.0011260827938223126,1.7491047874191574,0.20282627516453214,-0.7331452391536554,1.4527467489711052,6.0457829374001735,6.074876956284502,6.216058947168952,6.193939665216198,0.0012853673903698848,0.005211680644245755,1.3572069670796521e-05,0,0,20,4767.183553288122,1192.7520906713464,456456.9662753907,462416.90191935014,phi,geometry
off0000,1,1.2130773991046546e-05,1.21417578e-05,1.0812851064423478e-06,1,37,6,0,13,1.008542259712172,0.0026041666666666665,0.3203125,0.0943114168935502,0.18956590378777113,0.056600483342077026,1.866626899136624,0.056600482005208314,-1.2140982890304977e-05,1.9827666003841932e-06,1.756130396276977,-0.5852471029577073,-0.24039101549784891,1.4527558322926095,6.078205583880138,6.099169839784044,6.2336049623753285,6.246754591713737,0.0013483122191906283,0.005252824269334229,1.3679214406693963e-05,6,0,61,4565.537739830371,1186.717237001401,456660.4768928447,462412.7318696765,phi,geometry
off0000,1,1.2130773991046546e-05,1.21417578e-05,1.081287958821659e-06,1,37,6,0,15,1.008542259712172,0.0026041666666666665,0.33072916666666663,0.09431141672977293,0.18956590344019145,0.05660841544730867,1.8663415136017873,0.05660841360535225,-1.4417089092551473e-05,8.294621938761343e-07,1.7570937226341228,-0.598136833424606,-0.19515282158850927,1.4527558322221525,6.077276302242527,6.0980193582930875,6.231985515740073,6.246754861883794,0.0013483122191906283,0.005252824269334229,1.3679214406693963e-05,6,0,63,4564.690347160817,1186.409370138522,456660.41233253275,462411.5120498321,phi,geometry
off0000,1,1.2130773991046546e-05,1.21417578e-05,1.0813621698799607e-06,1,37,6,0,12,1.008542259712172,0.0026041666666666665,0.31510416666666663,0.0943114170874805,0.18956590417929803,0.056595454790955436,1.866646335681544,0.056595453723569444,-1.0607180734170252e-05,2.882031814502913e-06,1.7554938514535179,-0.5775677948390179,-0.2627267066497504,1.4527558322992271,6.078268867898389,6.099352227178536,6.234081489337392,6.24629987246364,0.0013483122191906283,0.005252824269334229,1.3679214406693963e-05,6,0,60,4565.669281405333,1186.8076632436569,456627.30101216974,462379.77795681875,phi,geometry
off0000,1,1.2130773991046546e-05,1.21417578e-05,1.0813675553326774e-06,1,193,6,0,0,1.008542259712172,0.0026041666666666665,0.3359375,0.0943114167150531,0.18956590340298757,0.05661148337150522,1.8660771775877474,0.05661148131322306,-1.526268792884263e-05,3.0848941620434657e-07,1.7574208503976967,-0.6033426206660972,-0.17231851145206634,1.4527558321929657,6.076415558323347,6.097056668773116,6.23085082205171,6.246302474023391,0.0013483122191906283,0.005252824269334229,1.3679214406693963e-05,6,0,64,4563.978626389884,1186.1935151943264,456627.3030603396,462377.4752019238,phi,geometry
off0000,1,1.2130773991046546e-05,1.21417578e-05,1.081490165282958e-06,1,197,3,0,10,1.0045452650801847,0.0026041666666666665,0.47135416666666663,0.09691979622958875,0.1948087437773764,0.05546895130615713,1.8848799028784846,0.05546893861755133,-3.714083474373578e-05,-5.3108894858415875e-06,1.77828110740744,-0.49009444006682323,0.3876802692020335,1.4527558276158608,6.054488208298403,6.074638804091359,6.21545953224898,6.219543437643042,0.0013164636563858245,0.005232006588959295,1.3625001758659796e-05,3,0,90,4656.495994381116,1187.9756967813864,456480.58317346626,462325.05486462876,phi,geometry
off0000,1,1.2130773991046546e-05,1.21417578e-05,1.0814915442512973e-06,1,37,6,0,11,1.008542259712172,0.0026041666666666665,0.3098958333333333,0.0943114160451202,0.18956590202115775,0.0565901121484888,1.8665830112415212,0.056590111344197745,-8.794906682086851e-06,3.6985750730117133e-06,1.7547541581100243,-0.5690712483371577,-0.2848295925058245,1.4527558320578373,6.078062701219985,6.0992707531404085,6.2343316013714025,6.245542657386401,0.0013483122191906283,0.005252824269334229,1.3679214406694109e-05,6,0,59,4565.604892448337,1186.854933006974,456572.0055462491,462324.4653717044,phi,geometry
off0000,1,1.2130773991046546e-05,1.21417578e-05,1.0814988202400302e-06,1,193,6,0,1,1.008542259712172,0.0026041666666666665,0.3411458333333333,0.09431141144655135,0.189565892302921,0.05661399777018694,1.8657329936976772,0.056613995554761126,-1.5838175764851583e-05,-2.0193552123013644e-08,1.7576455016385009,-0.6077219285771114,-0.1493852464889225,1.4527558302372914,6.075294978900311,6.095839988383109,6.229505276905742,6.245550902755939,0.0013483122191906283,0.005252824269334229,1.3679214406694109e-05,6,0,65,4563.078118235179,1185.9374682395514,456572.339409575,462321.3549960497,phi,geometry
off0000,1,1.2130773991046546e-05,1.21417578e-05,1.081564947373555e-06,1,33,5,0,14,1.0071992979382958,0.0026041666666666665,0.2421875,0.09517761789869686,0.19130696781185227,0.056126472757726587,1.875247695624518,0.05612645961384193,2.0342817694888873e-05,3.2582347421399233e-05,1.7512084653728142,-0.3950149824904204,-0.5420202896200021,1.4527558338470652,6.078427274119015,6.101744361488395,6.242514620784425,6.236206194520039,0.0013376113285621383,0.005245829676761957,1.3660999342458562e-05,5,0,46,4603.632377816076,1189.9995516925342,456499.45663090324,462293.0885604118,phi,geometry
off0000,1,1.2130773991046546e-05,1.21417578e-05,1.081576598073763e-06,1,197,2,0,15,1.0032340254859273,0.0026041666666666665,0.4973958333333333,0.09779695106742593,0.19657194891413393,0.05483580543761919,1.8908708270328356,0.05479475426665454,-0.0010272295170774557,-0.0018561417964735008,1.782839105570422,-0.42175411824874476,0.46797507616637185,1.452756287061531,6.046432428083742,6.066811306511563,6.210500981794765,6.208642343815368,0.0013060155321289457,0.005225177216072538,1.3607216953535849e-05,2,0,95,4687.238329240497,1188.768907627728,456412.1015207329,462288.1087576011,phi,geometry
off0000,1,1.2130773991046546e-05,1.21417578e-05,1.08164901047102e-06,1,193,5,0,14,1.0071992979382958,0.0026041666666666665,0.40885416666666663,0.09517761478605,0.19130696120732046,0.05622951469539722,1.8712257525735678,0.05622951401316881,-2.6626940583455126e-06,8.344627329265981e-06,1.7667533245215012,-0.5988788697313786,0.1463304711124913,1.4527558325253065,6.065390648394343,6.085253479307116,6.2204443826069795,6.2359645051574395,0.0013376113285621383,0.005245829676761957,1.366099934245849e-05,5,0,78,4591.380816071628,1185.7889845063887,456479.9904794167,462257.1602799947,phi,geometry
off0000,1,1.2130773991046546e-05,1.21417578e-05,1.0816732741002711e-06,1,37,6,0,10,1.008542259712172,0.0026041666666666665,0.3046875,0.0943114179533049,0.18956590626412295,0.05658427107160576,1.8664366188308235,0.05658427063527102,-6.1495487093858825e-06,3.40035536992477e-06,1.753911773021981,-0.5597639095646669,-0.3066651433019526,1.4527558336193511,6.077585949310454,6.098924180588224,6.234352064930043,6.244483961934602,0.0013483122191906283,0.005252824269334229,1.3679214406693963e-05,6,0,58,4565.343518816847,1186.858325125148,456494.58928242355,462246.79112636554,phi,geometry
off0000,1,1.2130773991046546e-05,1.21417578e-05,1.0816812966181853e-06,1,193,6,0,2,1.008542259712172,0.0026041666666666665,0.34635416666666663,0.09431141966466514,0.18956590963076547,0.05661651175806867,1.8653073773718678,0.05661650867448004,-1.6127295006491295e-05,9.437924061250445e-06,1.7577653372899313,-0.611276702497215,-0.12638601221678358,1.452755833338899,6.073908800667495,6.094363716125452,6.227944142135684,6.244493629342102,0.0013483122191906283,0.005252824269334229,1.3679214406693963e-05,6,0,66,4561.985078272356,1185.6403241565235,456495.73737292964,462243.3627753585,phi,geometry
off0000,1,1.2130773991046546e-05,1.21417578e-05,1.0817014635367123e-06,1,225,1,0,5,1.0019331925551165,0.0026041666666666665,0.5286458333333333,0.09867431872550424,0.19833526723368505,0.05452913617282271,1.8979112032562124,0.05452710674628012,0.0002944959875876372,-0.0003668702049908176,1.7861758895407593,-0.3410530430032353,0.5434385419961988,1.4527555862065458,6.041904009063443,6.0628964441478175,6.208910374312283,6.2008730088960835,0.00129565032949297,0.005218402044557898,1.3589573297658774e-05,1,0,101,4721.508119623637,1189.8670928920183,456323.3696358538,462234.74484836945,phi,geometry
off0000,1,1.2130773991046546e-05,1.21417578e-05,1.0818109033783097e-06,1,33,4,0,7,1.0058669945911962,0.0026041666666666665,0.20572916666666666,0.09604710256068606,0.1930546317359312,0.055734437458222895,1.882284343746506,0.05573441231424516,1.1225559634008299e-05,5.1737385785017704e-05,1.7498507899264628,-0.2569159838111372,-0.6442132728912873,1.452755834437563,6.073556779120782,6.098311484821347,6.241903974946497,6.226020903726043,0.0013269953656369626,0.005238890596829146,1.3642928842224883e-05,4,0,39,4637.57904247211,1191.457444116903,456358.94704970723,462187.98353629623,phi,geometry
off0000,1,1.2130773991046546e-05,1.21417578e-05,1.0819048811693335e-06,1,37,6,0,9,1.008542259712172,0.0026041666666666665,0.29947916666666663,0.09431143198142512,0.18956593513501305,0.05657792451505393,1.8662080984228502,0.05657792264465069,-8.382991715212797e-06,1.1890017378763706e-05,1.7529672997709558,-0.5496538143609551,-0.32820572345894056,1.4527558362034183,6.07684137758031,6.098315346531825,6.234143250444344,6.243128628323719,0.0013483122191906283,0.005252824269334229,1.3679214406693963e-05,6,0,57,4564.887257990709,1186.8189975116393,456396.1301232327,462147.8363787351,phi,geometry
off0000,1,1.2130773991046546e-05,1.21417578e-05,1.0819157292283941e-06,1,193,6,0,3,1.008542259712172,0.0026041666666666665,0.3515625,0.0943114233341597,0.18956591713224966,0.05661669062636194,1.8648059008895435,0.056616687948610855,-1.605008731294172e-05,-6.753184375633238e-06,1.75778562653421,-0.6140104407871024,-0.1033533634993312,1.4527558338209459,6.072275749296617,6.092646493653706,6.226186436747415,6.243148198653836,0.0013483122191906283,0.005252824269334229,1.3679214406693963e-05,6,0,67,4560.711602312429,1185.3056884432706,456397.18526402407,462143.20255477977,phi,geometry
off0000,1,1.2130773991046546e-05,1.21417578e-05,1.0819895067947134e-06,1,197,4,0,5,1.0058669945911962,0.0026041666666666665,0.4453125,0.09604710239204256,0.19305463136023995,0.055846883406826885,1.8772892549409481,0.055846883034401856,-5.11938248541758e-06,3.922942406414915e-06,1.7722873646330568,-0.5454695674574399,0.29270359556477604,1.45275583429941,6.05743915822668,6.077365644260256,6.215612593515373,6.225310528835886,0.0013269953656369626,0.005238890596829146,1.3642928842224883e-05,4,0,85,4621.879387160251,1186.4377768567792,456303.37325449765,462111.69041851466,phi,geometry
off0000,1,1.2130773991046546e-05,1.21417578e-05,1.0821240612373582e-06,1,225,0,0,9,1.000642683695185,0.0026041666666666665,0.5494791666666666,0.0995311303697565,0.2000550233334344,0.05291636972080294,1.9032330977205743,0.05290858084071041,-0.00011760240007102113,0.0009002374832343379,1.78833730424261,-0.2706606386730611,0.59235861535595,1.4527467475372073,6.032710898428571,6.054251253463835,6.201910100111554,6.189495961061405,0.0012853673903698848,0.005211680644245755,1.3572069670796303e-05,0,0,105,4751.295139475347,1190.0245095330847,456112.9104623463,462054.23011135473,phi,geometry
off0000,1,1.2130773991046546e-05,1.21417578e-05,1.0821873262481368e-06,1,37,6,0,8,1.008542259712172,0.0026041666666666665,0.2942708333333333,0.0943114199137152,0.18956591041560183,0.05657127110000823,1.8658961365804567,0.05657126416589107,-1.3893305685479803e-05,2.4321177036315803e-05,1.751920733016535,-0.5387503160923889,-0.3494141305714933,1.4527558344280713,6.075825940339964,6.097441027225293,6.233699637546216,6.2414763150698755,0.0013483122191906283,0.005252824269334229,1.3679214406694109e-05,6,0,56,4564.233864976278,1186.735594267652,456276.248816785,462027.2182760289,phi,geometry
off0000,1,1.2130773991046546e-05,1.21417578e-05,1.0821997132473475e-06,1,193,6,0,4,1.008542259712172,0.0026041666666666665,0.3567708333333333,0.09431139778336867,0.18956586395698694,0.05661779270653424,1.864230389731905,0.056617790516634,-1.574631515937042e-05,1.678982622396608e-07,1.7577075416498267,-0.6159285268882277,-0.08031932390521578,1.4527558268540317,6.070402562910839,6.090695127409116,6.224239156010487,6.241520726742189,0.0013483122191906283,0.005252824269334229,1.3679214406694109e-05,6,0,68,4559.265154190985,1184.934919422793,456277.7297785521,462021.92985216586,phi,geometry
off0000,1,1.2130773991046546e-05,1.21417578e-05,1.082335570667644e-06,1,5,2,0,12,1.0032340254859273,0.0026041666666666665,0.1484375,0.09779578717109796,0.19656949031714213,0.05500451331475574,1.8945166017298005,0.0550044365966005,5.4190065489964784e-05,7.418302028493044e-05,1.7476142043207707,0.0015380407603836754,-0.7314611278234341,1.452755846716416,6.058126561224394,6.0853547731250455,6.2298792658149145,6.205769892748761,0.0013060155321289457,0.005225177216072538,1.3607216953535778e-05,2,0,28,4701.597384306909,1192.2913230037934,456070.0470169606,461963.93572427134,phi,geometry
off0000,1,1.2130773991046546e-05,1.21417578e-05,1.082338573190509e-06,1,5,1,0,7,1.0019331925551165,0.0026041666666666665,0.12239583333333333,0.0986743166293748,0.1983352585736649,0.05452497010630064,1.9002272423323496,0.05452293235255327,-3.0694958954385695e-05,0.00047039408092975125,1.7467121120107991,0.1270672768150452,-0.7373698376117568,1.4527555699206949,6.049277066190703,6.077629708834931,6.220556819625095,6.19688775905394,0.00129565032949297,0.005218402044557898,1.3589573297658703e-05,1,0,23,4732.876225630409,1192.0483438165325,456037.7296174994,461962.65418694634,phi,geometry
off0000,1,1.2130773991046546e-05,1.21417578e-05,1.0823443282195514e-06,1,33,3,0,1,1.0045452650801847,0.0026041666666666665,0.17447916666666666,0.09691979577458328,0.19480874293270542,0.05536152076505278,1.888201824459309,0.05536148842693377,-1.3619472234555543e-05,5.826734783927614e-05,1.7480559072441555,-0.12037514472498274,-0.7036451517439137,1.452755827876457,6.065158682233734,6.091245695099286,6.236067312529074,6.214294934625478,0.0013164636563858245,0.005232006588959295,1.3625001758659796e-05,3,0,33,4669.029147679557,1191.9099920785334,456099.2587045789,461960.197844337,phi,geometry
off0000,1,1.2130773991046546e-05,1.21417578e-05,1.082357826689274e-06,1,33,5,0,13,1.0071992979382958,0.0026041666666666665,0.23697916666666666,0.09517761747147174,0.1913069669134096,0.05611994003223762,1.87405385921421,0.05611992463223699,1.9884447184369668e-05,3.651167959658281e-05,1.7491164316052654,-0.37626298862516583,-0.5577595712446316,1.4527558336962498,6.07455758679822,6.098066819128682,6.239399802286206,6.231621678731499,0.0013376113285621383,0.005245829676761957,1.366099934245849e-05,5,0,45,4600.878156718623,1189.40569389297,456164.1527236631,461954.4365742747,phi,geometry
off0000,1,1.2130773991046546e-05,1.21417578e-05,1.0824336449838456e-06,1,193,5,0,15,1.0071992979382958,0.0026041666666666665,0.4140625,0.09517761511498288,0.1913069618881337,0.05622567172472895,1.8698891407543592,0.05622567111735129,-1.3286574456087973e-06,8.156905214722005e-06,1.7656404844812568,-0.5923474930152531,0.1677007030110884,1.4527558325999477,6.061058144731516,6.080909285353453,6.216558344393435,6.231441681664918,0.0013376113285621383,0.005245829676761957,1.366099934245849e-05,5,0,79,4588.130217966905,1185.0479440057072,456148.9011424471,461922.0793044197,phi,geometry
off0000,1,1.2130773991046546e-05,1.21417578e-05,1.0825226659418506e-06,1,37,6,0,7,1.008542259712172,0.0026041666666666665,0.2890625,0.0943114137656928,0.18956589712383626,0.056563893078374984,1.8655017417544786,0.056563886769592626,-1.1176452225732286e-05,2.4264901756658074e-05,1.750773584734819,-0.5270649512832866,-0.3702582080285755,1.4527558308482407,6.074541889835259,6.096303400028516,6.233020682493986,6.239531925420881,0.0013483122191906283,0.005252824269334229,1.3679214406693963e-05,6,0,55,4563.384651732655,1186.6058218117812,456134.1027938923,461884.0932674368,phi,geometry
off0000,1,1.2130773991046546e-05,1.21417578e-05,1.0825329469570014e-06,1,193,6,0,5,1.008542259712172,0.0026041666666666665,0.36197916666666663,0.09431142081556383,0.18956591181748514,0.05661781145867189,1.863573000239067,0.05661780548420817,-1.6925877810827612e-05,1.974934797206524e-05,1.7575281130025786,-0.6170204123948314,-0.05731552942915788,1.4527558328538466,6.068261196565722,6.0884808595861655,6.222075959937672,6.2395837386800155,0.0013483122191906283,0.005252824269334229,1.3679214406693963e-05,6,0,69,4557.622913748557,1184.5233281721994,456137.5604270534,461879.7066689742,phi,geometry
off0000,1,1.2130773991046546e-05,1.21417578e-05,1.082539141616685e-06,1,5,0,0,3,1.000642683695185,0.0026041666666666665,0.1015625,0.09953103567685821,0.20005483311899633,0.05272758715519701,1.9049158916166211,0.052715188662574956,0.00023879208792390772,-0.001118172534437185,1.7458778268235582,0.2275106067214682,-0.7272235500646459,1.45274674795789,6.038047751642318,6.06735478908367,6.208060530732172,6.186720860972346,0.0012853673903698848,0.005211680644245755,1.3572069670796484e-05,0,0,19,4761.339072080472,1191.2278872410789,455924.4966758004,461877.063635122,phi,geometry
off0000,1,1.2130773991046546e-05,1.21417578e-05,1.082557007767317e-06,1,225,2,0,1,1.0032340254859273,0.0026041666666666665,0.5078125,0.09779463826200503,0.19656706887639125,0.05552346698937598,1.889714673108774,0.055520194275630014,0.00028767392049019075,0.000529771490450534,1.7804726919178657,-0.40557335085080515,0.4862600088193547,1.4527554323458751,6.042806851626337,6.0634310207436055,6.2075671921964,6.204309037266069,0.0013060155321289457,0.005225177216072538,1.3607216953535849e-05,2,0,97,4685.205546556316,1188.0658988984444,455996.16952856665,461869.4409740214,phi,geometry
off0000,1,1.2130773991046546e-05,1.21417578e-05,1.082648339255373e-06,1,197,3,0,11,1.0045452650801847,0.0026041666666666665,0.4765625,0.09691980558981551,0.194808763492931,0.05539669972530373,1.8829382542281654,0.05539668597939408,-3.178116172885312e-05,-2.26475965331478e-05,1.776294973084225,-0.4763650049945856,0.4041151071762006,1.4527558309772706,6.048251079163481,6.068452732015986,6.209968106059979,6.212866576284313,0.0013164636563858245,0.005232006588959295,1.3625001758659796e-05,3,0,91,4651.742103392047,1186.9250891858962,455991.8107850555,461830.4779776335,phi,geometry
off0000,1,1.2130773991046546e-05,1.21417578e-05,1.0828456183904268e-06,1,33,4,0,6,1.0058669945911962,0.0026041666666666665,0.20052083333333331,0.09604710212410864,0.19305463081641974,0.055732655748816626,1.8806031775164809,0.05573262988281283,8.806702020532196e-06,5.2967947863487694e-05,1.7472246470890909,-0.23453519781626453,-0.6548798247577732,1.4527558342795697,6.068132182869869,6.09310095187907,6.237119299203297,6.220060402801673,0.0013269953656369626,0.005238890596829146,1.3642928842224956e-05,4,0,38,4633.651134727528,1190.5436829851644,455922.14418785536,461746.33900556806,phi,geometry
off0000,1,1.2130773991046546e-05,1.21417578e-05,1.082909017329677e-06,1,37,6,0,6,1.008542259712172,0.0026041666666666665,0.28385416666666663,0.09431140969385914,0.18956588873320424,0.056556378250096614,1.8650251571233925,0.05655637474917183,-4.237074950793474e-06,1.9443416268438037e-05,1.7495267768756675,-0.5146106340767379,-0.3907055016163857,1.4527558300579393,6.072990141758077,6.094903289833944,6.232104357951333,6.237299272539215,0.0013483122191906283,0.005252824269334229,1.3679214406693963e-05,6,0,54,4562.340663407876,1186.430056571486,455970.5353330257,461719.30605300504,phi,geometry
off0000,1,1.2130773991046546e-05,1.21417578e-05,1.0829204943180177e-06,1,193,6,0,6,1.008542259712172,0.0026041666666666665,0.3671875,0.09431142816303685,0.18956592746898812,0.056617274767305464,1.8628431606620701,0.05661727288868069,-1.3973580898552237e-05,-4.1790267016140094e-06,1.757249753001025,-0.6173138941519442,-0.034372996527080896,1.4527558362376505,6.0658844195249,6.086037523422134,6.219727756774733,6.237369133825677,0.0013483122191906283,0.005252824269334229,1.3679214406693963e-05,6,0,70,4555.8103745422995,1184.0757298252347,455974.52656346274,461714.4126678303,phi,geometry
off0000,1,1.2130773991046546e-05,1.21417578e-05,1.0829529618474224e-06,1,225,1,0,6,1.0019331925551165,0.0026041666666666665,0.5338541666666666,0.09867431781715252,0.1983352653814708,0.05453522211084782,1.8957885120700966,0.054533147773837894,0.00029417048213525003,-0.00037377571310131066,1.7836989936369432,-0.3233152597171226,0.5548866780069217,1.4527555861097554,6.0351465571634835,6.056251612509163,6.2028527968044775,6.193692305510261,0.00129565032949297,0.005218402044557898,1.3589573297658485e-05,1,0,102,4716.384213535723,1188.7062197048756,455795.4797808563,461700.57021409686,phi,geometry
off0000,1,1.2130773991046546e-05,1.21417578e-05,1.0830095413614917e-06,1,197,4,0,6,1.0058669945911962,0.0026041666666666665,0.4505208333333333,0.09604710172642256,0.19305462998372044,0.05584423325855999,1.8755884956236393,0.05584423257238907,-8.376906857223268e-06,2.5425989180255627e-06,1.770628238311996,-0.5344414909657754,0.31157685944592006,1.4527558341540867,6.051951348240717,6.071907563484532,6.210789570483536,6.219442644040049,0.0013269953656369626,0.005238890596829146,1.3642928842225028e-05,4,0,86,4617.764277658633,1185.5177794988688,455873.167599446,461676.4496566035,phi,geometry
off0000,1,1.2130773991046546e-05,1.21417578e-05,1.0831903995030195e-06,1,33,5,0,12,1.0071992979382958,0.0026041666666666665,0.23177083333333331,0.09517761705015074,0.19130696602829947,0.05611395619543971,1.872787249799551,0.0561139385761298,1.921231110578942e-05,4.010318142291488e-05,1.7469433710285314,-0.35694164053781874,-0.5728120168793666,1.452755833550998,6.070452012877947,6.094157132745489,6.236043510394376,6.226816180085931,0.0013376113285621383,0.005245829676761957,1.3660999342458562e-05,5,0,44,4597.950794819327,1188.7657638466746,455812.6479015488,461599.3644602148,phi,geometry
off0000,1,1.2130773991046546e-05,1.21417578e-05,1.0832560896447658e-06,1,197,5,0,0,1.0071992979382958,0.0026041666666666665,0.4192708333333333,0.09517761534617242,0.19130696237687425,0.056221792823115575,1.8684974650382786,0.05622179228582168,-2.9980754443508416e-07,7.766940660960395e-06,1.7644460814396346,-0.5851400446663824,0.18874302814836952,1.4527558326912622,6.0565471600937535,6.076392627441476,6.212531699033821,6.226707722248439,0.0013376113285621383,0.005245829676761957,1.3660999342458635e-05,5,0,80,4584.750658713047,1184.280158077133,455802.3416219892,461571.3724387794,phi,geometry
off0000,1,1.2130773991046546e-05,1.21417578e-05,1.0833446800783172e-06,1,37,6,0,5,1.008542259712172,0.0026041666666666665,0.2786458333333333,0.09431141195271019,0.18956589337256322,0.056548695653237765,1.8644669051585203,0.05654869340260091,2.6911492688569804e-06,1.5725739010359888e-05,1.7481816406378448,-0.5014018727676905,-0.4107236951445784,1.4527558304375532,6.0711722605013545,6.093242142903591,6.230949104420577,6.234782996592893,0.0013483122191906283,0.005252824269334229,1.3679214406694109e-05,6,0,53,4561.1029469107825,1186.209832288867,455786.31469368737,461533.627472887,phi,geometry
