frame,it,time,time_log,dt_log,dt_pred,dt_ratio,angle_mode_used,theta_scale,phi_scale,gamma,level,block_id,i,j,k,i_global,j_global,k_global,r,theta,phi,theta_deg,phi_deg,rho,p,v_abs,b_abs,v_r,v_theta,v_phi,b_r,b_theta,b_phi,c_s,v_A,cf_r,cf_th,cf_ph,cf_max,dr,r_dtheta,r_sintheta_dphi,shell_index,theta_bin,phi_bin,C_r,C_th,C_ph,C_sum,dominant_direction,dominant_physics,nleafs,n1_log,n2_log,rank
amr_probe0000,0,0.0,0.0,6.05286566e-06,6.0536631606876e-06,1.000131755887607,radian,1.0,1.0,1.05,2,1125,1,3,5,1,83,149,1.0009640255427774,1.366265555076811,2.4461880297483023,78.28125,140.15625,0.09947294957078648,0.19988780687920044,0.13944982363710778,15.470084536419757,0.13944982363710778,0.0,0.0,15.286045885506882,2.360194438297589,0.29966475198281695,1.452564089078433,49.050132964550265,49.05064209086004,49.07113629290085,49.07162821095124,49.07162821095124,0.0006426836951849424,0.016378235568504547,0.01603685411540772,0,41,74,76538.57143573857,2996.1186043303082,3059.928578124603,82594.61861819348,radial,geometry,7004,1468,5536,1
amr_probe0000,0,0.0,0.0,6.05286566e-06,6.053663160687606e-06,1.0001317558876082,radian,1.0,1.0,1.05,2,1125,1,3,6,1,83,150,1.0009640255427774,1.366265555076811,2.4625504914857492,78.28125,141.09375,0.09947294957078648,0.19988780687920044,0.13944982363710778,15.470084536419757,0.13944982363710778,0.0,0.0,15.286045885506882,2.360194438297589,0.29966475198281695,1.452564089078433,49.050132964550265,49.05064209086004,49.07113629290085,49.07162821095124,49.07162821095124,0.0006426836951849424,0.016378235568504547,0.016036854115408155,0,41,75,76538.57143573857,2996.1186043303082,3059.9285781245203,82594.6186181934,radial,geometry,7004,1468,5536,2
amr_probe0000,0,0.0,0.0,6.05286566e-06,6.054392020501561e-06,1.0002521715477097,radian,1.0,1.0,1.05,2,1125,1,4,5,1,84,149,1.0009640255427774,1.382628016814258,2.4461880297483023,79.21875,140.15625,0.09947294957078648,0.19988780687920044,0.13944982363710778,15.470084536419757,0.13944982363710778,0.0,0.0,15.286045885506882,2.360194438297589,0.29966475198281695,1.452564089078433,49.050132964550265,49.05064209086004,49.07113629290085,49.07162821095124,49.07162821095124,0.0006426836951849424,0.016378235568504325,0.016089135446721314,0,42,74,76538.57143573857,2996.1186043303487,3049.9853999893567,82584.67544005827,radial,geometry,7004,1468,5536,3
amr_probe0000,0,0.0,0.0,6.05286566e-06,6.054392020501566e-06,1.0002521715477106,radian,1.0,1.0,1.05,2,1125,1,4,6,1,84,150,1.0009640255427774,1.382628016814258,2.4625504914857492,79.21875,141.09375,0.09947294957078648,0.19988780687920044,0.13944982363710778,15.470084536419757,0.13944982363710778,0.0,0.0,15.286045885506882,2.360194438297589,0.29966475198281695,1.452564089078433,49.050132964550265,49.05064209086004,49.07113629290085,49.07162821095124,49.07162821095124,0.0006426836951849424,0.016378235568504325,0.01608913544672175,0,42,75,76538.57143573857,2996.1186043303487,3049.9853999892734,82584.6754400582,radial,geometry,7004,1468,5536,4
amr_probe0000,0,0.0,0.0,6.05286566e-06,6.059094218548282e-06,1.0010290263980983,radian,1.0,1.0,1.05,2,1125,1,3,4,1,83,148,1.0009640255427774,1.366265555076811,2.4298255680108554,78.28125,139.21874999999997,0.09947294957078648,0.19988780687920044,0.13944982363710778,15.456169561365826,0.13944982363710778,0.0,0.0,15.258436947812099,2.451860626067236,-0.2483120812108223,1.452564089078433,49.006013530361855,49.00656127776661,49.02699516002221,49.02753063807825,49.02753063807825,0.0006426836951849424,0.016378235568504547,0.016036854115408155,0,41,74,76469.98277630363,2993.423495159725,3057.1788135787033,82520.58508504207,radial,geometry,7004,1468,5536,5
amr_probe0000,0,0.0,0.0,6.05286566e-06,6.059094218548282e-06,1.0010290263980983,radian,1.0,1.0,1.05,2,1125,1,3,3,1,83,147,1.0009640255427774,1.366265555076811,2.413463106273409,78.28125,138.28125,0.09947294957078648,0.19988780687920044,0.13944982363710778,15.456169561365826,0.13944982363710778,0.0,0.0,15.258436947812099,2.451860626067236,-0.2483120812108223,1.452564089078433,49.006013530361855,49.00656127776661,49.02699516002221,49.02753063807825,49.02753063807825,0.0006426836951849424,0.016378235568504547,0.016036854115408155,0,41,73,76469.98277630363,2993.423495159725,3057.1788135787033,82520.58508504207,radial,geometry,7004,1468,5536,6
amr_probe0000,0,0.0,0.0,6.05286566e-06,6.0598237305891736e-06,1.0011495498132654,radian,1.0,1.0,1.05,2,1125,1,4,3,1,84,147,1.0009640255427774,1.382628016814258,2.413463106273409,79.21875,138.28125,0.09947294957078648,0.19988780687920044,0.13944982363710778,15.456169561365826,0.13944982363710778,0.0,0.0,15.258436947812099,2.451860626067236,-0.2483120812108223,1.452564089078433,49.006013530361855,49.00656127776661,49.02699516002221,49.02753063807825,49.02753063807825,0.0006426836951849424,0.016378235568504325,0.01608913544672175,0,42,73,76469.98277630363,2993.423495159766,3047.244570749628,82510.65084221301,radial,geometry,7004,1468,5536,7
amr_probe0000,0,0.0,0.0,6.05286566e-06,6.0598237305891736e-06,1.0011495498132654,radian,1.0,1.0,1.05,2,1125,1,4,4,1,84,148,1.0009640255427774,1.382628016814258,2.4298255680108554,79.21875,139.21874999999997,0.09947294957078648,0.19988780687920044,0.13944982363710778,15.456169561365826,0.13944982363710778,0.0,0.0,15.258436947812099,2.451860626067236,-0.2483120812108223,1.452564089078433,49.006013530361855,49.00656127776661,49.02699516002221,49.02753063807825,49.02753063807825,0.0006426836951849424,0.016378235568504325,0.01608913544672175,0,42,74,76469.98277630363,2993.423495159766,3047.244570749628,82510.65084221301,radial,geometry,7004,1468,5536,8
amr_probe0000,0,0.0,0.0,6.05286566e-06,6.064061177826318e-06,1.0018496227167741,radian,1.0,1.0,1.05,2,1125,0,3,5,0,83,149,1.0003213418475925,1.366265555076811,2.4461880297483023,78.28125,140.15625,0.09982414516146548,0.2006288746891302,0.13913783299866173,15.470084536419757,0.13913783299866173,0.0,0.0,15.286045885506882,2.360194438297589,0.29966475198281695,1.4526920781758852,48.96377425769053,48.96428437345372,48.984818323065234,48.98531119321511,48.98531119321511,0.0006426836951849424,0.016367719681132802,0.016026557417025935,0,41,74,76403.7155047509,2992.7698712686542,3056.508638665918,82452.99401468548,radial,geometry,7004,1468,5536,9
amr_probe0000,0,0.0,0.0,6.05286566e-06,6.064061177826325e-06,1.0018496227167752,radian,1.0,1.0,1.05,2,1125,0,3,6,0,83,150,1.0003213418475925,1.366265555076811,2.4625504914857492,78.28125,141.09375,0.09982414516146548,0.2006288746891302,0.13913783299866173,15.470084536419757,0.13913783299866173,0.0,0.0,15.286045885506882,2.360194438297589,0.29966475198281695,1.4526920781758852,48.96377425769053,48.96428437345372,48.984818323065234,48.98531119321511,48.98531119321511,0.0006426836951849424,0.016367719681132802,0.01602655741702637,0,41,75,76403.7155047509,2992.7698712686542,3056.5086386658354,82452.99401468539,radial,geometry,7004,1468,5536,10
amr_probe0001,1688,0.01,0.01,5.79859385e-06,5.787920200735768e-06,0.9981592693780007,radian,1.0,1.0,1.05,2,1146,3,4,6,3,84,150,1.0022571051374896,1.382628016814258,2.4625504914857492,79.21875,141.09375,0.08598753999519115,0.17158604316490234,0.4993237944796554,15.162482376165997,0.10899206134420708,0.476091129914154,0.10383746103678526,14.89272363065018,2.8180414345289457,0.4077954657622225,1.4474976488766271,51.707381680390014,51.70809672521364,51.726939298486066,51.72762371583819,51.72762371583819,0.000647825164746374,0.016399393533896276,0.01610991994267947,1,42,75,79986.22407149688,3183.2293261638365,3217.363050921167,86386.81644858189,radial,geometry,7907,1339,6568,1
amr_probe0001,1688,0.01,0.01,5.79859385e-06,5.79283773292191e-06,0.9990073253573208,radian,1.0,1.0,1.05,2,1146,3,4,5,3,84,149,1.0022571051374896,1.382628016814258,2.4461880297483023,79.21875,140.15625,0.08617843645420148,0.17198451880164775,0.5112112615520849,15.16945994144326,0.09789311426887136,0.4953659003991307,-0.07979045580878899,14.899236628569845,2.8441632656141342,0.18973170390194954,1.4475714936483213,51.67384929335084,51.67456577042854,51.693409220612075,51.69411800650161,51.69411800650161,0.000647825164746374,0.016399393533896276,0.016109919942679032,1,42,74,79917.33217860799,3182.360067958675,3213.790549334074,86313.48279590075,radial,geometry,7907,1339,6568,2
amr_probe0001,1688,0.01,0.01,5.79859385e-06,5.793434869353243e-06,0.9991103048807674,radian,1.0,1.0,1.05,2,1146,3,4,8,3,84,152,1.0022571051374896,1.382628016814258,2.495275414960643,79.21875,142.96875,0.08542152395247747,0.170405119547734,0.515499682640173,15.094602834753072,0.1205178530475208,0.48502231595598194,0.12636741242753569,14.808240046460512,2.77089007400169,0.9408664427736706,1.4472791685328061,51.64615958902179,51.64692227789466,51.665751594770335,51.66635545165111,51.66635545165111,0.000647825164746374,0.016399393533896276,0.01610991994267947,1,42,76,79909.58509802462,3180.0428352996532,3214.9584261350624,86304.58635945934,radial,geometry,7907,1339,6568,3
amr_probe0001,1688,0.01,0.01,5.79859385e-06,5.793748331709498e-06,0.9991643632204897,radian,1.0,1.0,1.05,2,1146,3,4,7,3,84,151,1.0022571051374896,1.382628016814258,2.4789129532231957,79.21875,142.03124999999997,0.08566446684980734,0.1709120695972595,0.5064728689462766,15.1219516055392,0.09814299761557875,0.493376889910139,-0.0588384525654728,14.845308707268169,2.7864942393302337,0.7250376544407352,1.4473736369611467,51.66631479470077,51.667050324385706,51.68589650285771,51.68653754021942,51.68653754021942,0.000647825164746374,0.016399393533896276,0.01610991994267947,1,42,75,79906.11686452093,3181.780672859477,3212.0194375204564,86299.91697490086,radial,geometry,7907,1339,6568,4
amr_probe0001,1688,0.01,0.01,5.79859385e-06,5.797510478423153e-06,0.9998131665012463,radian,1.0,1.0,1.05,2,1146,3,4,4,3,84,148,1.0022571051374896,1.382628016814258,2.4298255680108554,79.21875,139.21874999999997,0.08618725113796884,0.1720025620270768,0.4808005029128328,15.158450909695404,0.09679496513448975,0.4607309724583798,0.09760547803992098,14.879549197256525,2.891313278464567,-0.13400445456264512,1.4475733954288572,51.63370710537813,51.6344474882108,51.653257395559024,51.65399321007921,51.65399321007921,0.000647825164746374,0.016399393533896276,0.01610991994267947,1,42,74,79853.70940876969,3177.7997314535946,3212.4057023409136,86243.91484256419,radial,geometry,7907,1339,6568,5
amr_probe0001,1688,0.01,0.01,5.79859385e-06,5.79981737368388e-06,1.000211003514909,radian,1.0,1.0,1.05,2,1146,3,4,3,3,84,147,1.0022571051374896,1.382628016814258,2.413463106273409,79.21875,138.28125,0.08613748438853765,0.1718986270772937,0.5055143327104269,15.14781687166207,0.09657020622215554,0.4866678592864968,-0.09681596244099981,14.858556866015746,2.923634752415755,-0.3633230948525731,1.4475539590286957,51.612388065413555,51.613156510727826,51.63192825825919,51.63267192155344,51.63267192155344,0.000647825164746374,0.016399393533896276,0.01610991994267947,1,42,73,79820.49715094741,3178.0807021808814,3211.0332061271915,86209.61105925549,radial,geometry,7907,1339,6568,6
amr_probe0001,1688,0.01,0.01,5.79859385e-06,5.80874405163486e-06,1.0017504591453426,radian,1.0,1.0,1.05,2,1146,3,5,6,3,85,150,1.0022571051374896,1.3989904785517047,2.4625504914857492,80.15625,141.09375,0.08467065035427795,0.16883972767760494,0.2980563501761818,15.011957879396821,0.04767323996196335,-0.27423847249891053,0.10657443536486637,14.432718887227326,4.113321961536413,0.36890017050439705,1.4469899782643403,51.590636901660545,51.59217374458698,51.60940334969195,51.610912921006516,51.610912921006516,0.000647825164746374,0.016399393533896498,0.01615795579768599,1,42,75,79712.62895408848,3163.7536909490395,3200.744450840616,86077.12709587814,radial,geometry,7907,1339,6568,7
amr_probe0001,1688,0.01,0.01,5.79859385e-06,5.811772819949193e-06,1.0022727872118846,radian,1.0,1.0,1.05,2,1146,3,5,7,3,85,151,1.0022571051374896,1.3989904785517047,2.4789129532231957,80.15625,142.03124999999997,0.0843564956025624,0.16818367730481776,0.28487603180890664,14.976279289435563,0.04924440715660552,-0.2724187233840861,-0.06721146489080862,14.389484283798431,4.09264848021319,0.6941986883473379,1.4468626533466147,51.56377037179656,51.56533103427899,51.58255136692642,51.584022061846966,51.584022061846966,0.000647825164746374,0.016399393533896498,0.01615795579768599,1,42,75,79673.61913401882,3162.0053499618502,3196.6440664564047,86032.26855043707,radial,geometry,7907,1339,6568,8
amr_probe0001,1688,0.01,0.01,5.79859385e-06,5.8139125031428975e-06,1.0026417875676699,radian,1.0,1.0,1.05,2,1146,3,5,8,3,85,152,1.0022571051374896,1.3989904785517047,2.495275414960643,80.15625,142.96875,0.08415734510905039,0.1677689402363671,0.3076185271103251,14.948387347488655,0.0644348953969835,-0.2760461179975118,0.11948156014720186,14.351263528268234,4.081358254824839,0.9154420945805595,1.4467863974247015,51.52859840661224,51.53018980024844,51.54739295714271,51.548829284173756,51.548829284173756,0.000647825164746374,0.016399393533896498,0.01615795579768599,1,42,76,79642.82263694545,3160.0826559850816,3197.7009648535163,86000.60625778405,radial,geometry,7907,1339,6568,9
amr_probe0001,1688,0.01,0.01,5.79859385e-06,5.815315197704576e-06,1.002883690104382,radian,1.0,1.0,1.05,2,1146,3,5,5,3,85,149,1.0022571051374896,1.3989904785517047,2.4461880297483023,80.15625,140.15625,0.08489431203637286,0.16930628048180854,0.27319364545155334,15.017403305435542,0.03974191349571656,-0.25969947626621026,-0.07491014786972533,14.43706213512833,4.131837901612219,0.14681450660901096,1.4470778210643893,51.54132127980315,51.542862103913556,51.56009532727525,51.561629469078945,51.561629469078945,0.000647825164746374,0.016399393533896498,0.01615795579768555,1,42,74,79624.26720117312,3159.8604360846184,3195.7346748247096,85979.86231208245,radial,geometry,7907,1339,6568,10
amr_probe0002,3454,0.02,0.02,5.49765608e-06,5.507799179928851e-06,1.0018449862598264,radian,1.0,1.0,1.05,2,105,4,11,1,4,75,33,1.002907521602895,1.2353658611772362,0.5481424682044691,70.78124999999999,31.40625,0.07162729908771655,0.14170133852425656,0.5641904533978229,14.568736392155555,0.35721231597772113,-0.2731242098785982,0.3407541562435669,14.347088221230827,0.27150510287150875,-2.517026939754928,1.4412600155170021,54.43554779186263,54.436124320771874,54.4546175535482,54.454055243028634,54.4546175535482,0.0006530077660644729,0.016410035948425102,0.015495483284293997,2,37,16,83909.1653794202,3335.016567631536,3536.1794397733597,90780.3613868251,radial,geometry,8026,1322,6704,1
amr_probe0002,3454,0.02,0.02,5.49765608e-06,5.508515798420886e-06,1.0019753360819337,radian,1.0,1.0,1.05,2,105,5,11,1,5,75,33,1.0035605293689596,1.2353658611772362,0.5481424682044691,70.78124999999999,31.40625,0.07101065094788413,0.14038200234603065,0.5809455756060189,14.487339786775543,0.4303701054420658,-0.2525768197408131,0.2974630805454866,14.268272840892942,0.26553724529234896,-2.4957752716719175,1.440749969251171,54.365939726410666,54.366513098019155,54.38502060263291,54.38446102041135,54.38502060263291,0.0006530077660644729,0.016420720763011588,0.015505572620255297,2,37,16,83914.59650427956,3327.3568323168474,3526.5981747442556,90768.55151134066,radial,geometry,8026,1322,6704,2
amr_probe0002,3454,0.02,0.02,5.49765608e-06,5.509018517628529e-06,1.0020667785440172,radian,1.0,1.0,1.05,2,105,5,12,1,5,76,33,1.0035605293689596,1.2517283229146832,0.5481424682044691,71.71875,31.40625,0.07089358207879191,0.14014094530612237,0.4635382785315153,14.484274811212378,0.4117866302924445,0.1299482570701763,0.1685614346782136,14.214920303936102,0.7687405958951851,-2.671946005384326,1.4407005119307006,54.39929805091916,54.400001471793225,54.41831864131331,54.41772377599182,54.41831864131331,0.0006530077660644729,0.016420720763011588,0.015591937110128589,2,38,16,83937.42149871153,3321.916722514149,3500.930309371922,90760.26853059759,radial,geometry,8026,1322,6704,3
amr_probe0002,3454,0.02,0.02,5.49765608e-06,5.5101492396834865e-06,1.0022724520234971,radian,1.0,1.0,1.05,2,105,4,12,1,4,76,33,1.002907521602895,1.2517283229146832,0.5481424682044691,71.71875,31.40625,0.07156313771088608,0.14157002319083944,0.4190364750167523,14.565887162366392,0.3409979233602148,0.13599232484676235,0.2020348268028535,14.294245600354449,0.7713846592449478,-2.6915752359945486,1.4412377005926738,54.4492941559558,54.449999433332536,54.46831169291375,54.46771448621708,54.46831169291375,0.0006530077660644729,0.016410035948425102,0.015581791577574309,2,38,16,83905.58306359118,3327.494478950302,3508.566331467426,90741.64387400892,radial,geometry,8026,1322,6704,4
amr_probe0002,3454,0.02,0.02,5.49765608e-06,5.521875516413105e-06,1.004405411335426,radian,1.0,1.0,1.05,2,105,4,12,0,4,76,32,1.002907521602895,1.2517283229146832,0.5317800064670222,71.71875,30.468749999999993,0.071040944749356,0.14048831373178494,0.6259077748202289,14.481544602820648,0.324406924048203,0.28902385727284075,-0.45053956556236247,14.01994509416215,0.9548314808065528,-3.4992242688091975,1.440988069816394,54.332604259351825,54.3338038000372,54.351626576554,54.350594988872615,54.351626576554,0.0006530077660644729,0.016410035948425102,0.015581791577574309,2,38,16,83702.2368868564,3329.709368435039,3516.998304181279,90548.94455947271,radial,geometry,8026,1322,6704,5
amr_probe0002,3454,0.02,0.02,5.49765608e-06,5.5254327398111864e-06,1.0050524549748092,radian,1.0,1.0,1.05,2,105,4,11,0,4,75,32,1.002907521602895,1.2353658611772362,0.5317800064670222,70.78124999999999,30.468749999999993,0.07109171204640573,0.14059485998608345,0.4814922651580752,14.473790437934285,0.3380279068442437,-0.1335882558093966,-0.3157944165297365,14.077760293819948,0.4479034606543943,-3.33266518584125,1.4410195895772284,54.28411898341394,54.285152020324986,54.30322388291056,54.302229162070944,54.30322388291056,0.0006530077660644729,0.016410035948425102,0.015495483284293997,2,37,16,83648.59158777013,3317.287805450807,3524.7705784020777,90490.64997162302,radial,geometry,8026,1322,6704,6
amr_probe0002,3454,0.02,0.02,5.49765608e-06,5.526916570280696e-06,1.0053223573564638,radian,1.0,1.0,1.05,2,105,4,12,2,4,76,34,1.002907521602895,1.2517283229146832,0.5645049299419158,71.71875,32.34374999999999,0.07325173622330448,0.14507031404646747,0.625774582727329,14.676285593467256,0.3893411750662055,0.26455403053663296,-0.41233292702918034,14.588817706476169,0.5089760655242874,-1.516805891650392,1.4420322185776795,54.225952948674085,54.22618097332292,54.24510052423465,54.24491897084479,54.24510052423465,0.0006530077660644729,0.016410035948425102,0.015581791577574309,2,38,17,83636.86465406725,3321.7266998127852,3507.7642789509528,90466.355632831,radial,geometry,8026,1322,6704,7
amr_probe0002,3454,0.02,0.02,5.49765608e-06,5.5269313537907214e-06,1.0053250464133656,radian,1.0,1.0,1.05,2,105,5,11,0,5,75,32,1.0035605293689596,1.2353658611772362,0.5317800064670222,70.78124999999999,30.468749999999993,0.07032265867052372,0.1389586777581208,0.5159279003391648,14.37858477751393,0.39372855842733534,-0.12320054344328063,-0.3098080804665879,13.983698562772638,0.44376363748281195,-3.3170692702616043,1.4404223295202,54.22112217182281,54.22215933693208,54.24023350946074,54.239234485479585,54.24023350946074,0.0006530077660644729,0.016420720763011588,0.015505572620255297,2,37,16,83637.42474996396,3310.660648670191,3518.0282535768765,90466.11365221103,radial,geometry,8026,1322,6704,8
amr_probe0002,3454,0.02,0.02,5.49765608e-06,5.527076833935266e-06,1.0053515086260663,radian,1.0,1.0,1.05,2,105,5,12,2,5,76,34,1.0035605293689596,1.2517283229146832,0.5645049299419158,71.71875,32.34374999999999,0.07241637767662346,0.14330764376439004,0.6264753004779636,14.583220417396017,0.4291902744967273,0.2451606173939583,-0.38491983849288913,14.495045618659862,0.511242803705208,-1.5174323876157467,1.441487659060743,54.191982783616595,54.192214078314,54.21112738909989,54.210943571902135,54.21112738909989,0.0006530077660644729,0.016420720763011588,0.015591937110128589,2,38,17,83645.8725169554,3316.3153306375616,3501.5446140383237,90463.73246163128,radial,geometry,8026,1322,6704,9
amr_probe0002,3454,0.02,0.02,5.49765608e-06,5.527110649448895e-06,1.0053576595225824,radian,1.0,1.0,1.05,2,105,5,12,0,5,76,32,1.0035605293689596,1.2517283229146832,0.5317800064670222,71.71875,30.468749999999993,0.07031443895886375,0.1389406003714807,0.637064433845969,14.381641915791096,0.3772996224508525,0.27207397394027477,-0.4352836322149914,13.920212011632454,0.953998664698139,-3.485571444253742,1.4404128171696466,54.23582031743909,54.23702880909014,54.25486034798535,54.25382201427449,54.25486034798535,0.0006530077660644729,0.016420720763011588,0.015591937110128589,2,38,16,83635.0366255044,3320.617597051525,3507.5247713103718,90463.1789938663,radial,geometry,8026,1322,6704,10
amr_probe0003,5339,0.03,0.03,5.09594829e-06,5.086580481823111e-06,0.9981617144359036,radian,1.0,1.0,1.05,2,105,5,11,1,5,75,33,1.0035605293689596,1.2353658611772362,0.5481424682044691,70.78124999999999,31.40625,0.060767647194620744,0.11934876391081196,0.6980699698166711,14.48613387366275,0.5892306197069027,-0.25533021143616924,0.273706855390267,14.267868077607567,0.2612874489270414,-2.4915344658863376,1.4360428580369131,58.764667556013926,58.76519262605348,58.78220565396599,58.78169275078325,58.78220565396599,0.0006530077660644729,0.016420720763011588,0.015505572620255297,2,37,16,90893.90100745017,3595.307216866318,3808.656478060542,98297.86470237703,radial,geometry,8068,1316,6752,1
amr_probe0003,5339,0.03,0.03,5.09594829e-06,5.089746427615809e-06,0.9987829816883421,radian,1.0,1.0,1.05,2,105,5,12,1,5,76,33,1.0035605293689596,1.2517283229146832,0.5481424682044691,71.71875,31.40625,0.060738865396300606,0.11929351857553296,0.6013131866806933,14.483780708685485,0.5685460394109013,0.13838866607903305,0.13849738859319335,14.21469461149919,0.770332715383009,-2.670009031205013,1.43605057824146,58.769040912443955,58.76968715346665,58.78653401044963,58.78598787389222,58.78653401044963,0.0006530077660644729,0.016420720763011588,0.015591937110128589,2,38,16,90869.10795945872,3588.4492238160274,3779.163861827522,98236.72104510227,radial,geometry,8068,1316,6752,2
amr_probe0003,5339,0.03,0.03,5.09594829e-06,5.097792742204254e-06,1.000361944843097,radian,1.0,1.0,1.05,2,105,5,11,5,5,75,37,1.0035605293689596,1.2353658611772362,0.6135923151542564,70.78124999999999,35.15625,0.06075751758996478,0.11932772138391318,0.7824730203096,14.442605930707016,0.6299407763114251,-0.21202852402005884,0.4128953267529945,14.348336119647959,-0.5373614817283768,1.5573565119309967,1.436035951523843,58.592975204355156,58.59320431705779,58.610545889661815,58.61036579508906,58.610545889661815,0.0006530077660644729,0.016420720763011588,0.015505572620255297,2,37,18,90692.86488014292,3582.216351074087,3806.5837726456207,98081.66500386264,radial,geometry,8068,1316,6752,3
amr_probe0003,5339,0.03,0.03,5.09594829e-06,5.098016602919083e-06,1.0004058740005548,radian,1.0,1.0,1.05,2,105,5,11,2,5,75,34,1.0035605293689596,1.2353658611772362,0.5645049299419158,70.78124999999999,32.34374999999999,0.06184382605942631,0.12154779959362567,0.6717669751063496,14.57768149865225,0.6094712812052793,-0.10081097711718735,-0.2639181182151167,14.515646592390855,0.02646202743069857,-1.3431685084397,1.4365476138229336,58.61925333331766,58.61940291572584,58.63685294766874,58.63670370365811,58.63685294766874,0.0006530077660644729,0.016420720763011588,0.015505572620255297,2,37,17,90701.6382881476,3577.0454155152042,3798.6744033516015,98077.35810701441,radial,geometry,8068,1316,6752,4
amr_probe0003,5339,0.03,0.03,5.09594829e-06,5.0984859024111204e-06,1.0004979666720912,radian,1.0,1.0,1.05,2,105,5,12,2,5,76,34,1.0035605293689596,1.2517283229146832,0.5645049299419158,71.71875,32.34374999999999,0.06191478083621031,0.12169442276459837,0.782516388992182,14.584720442878487,0.6103201606923975,0.2613140488425655,-0.4141933948909318,14.495351590518588,0.5196837832212883,-1.526034544046994,1.4365899274237064,58.61394319330417,58.614158410572344,58.63152316440606,58.631352930342175,58.63152316440606,0.0006530077660644729,0.016420720763011588,0.015591937110128589,2,38,17,90694.90693532943,3586.4952618832294,3786.92819937536,98068.33039658802,radial,geometry,8068,1316,6752,5
amr_probe0003,5339,0.03,0.03,5.09594829e-06,5.102868599331859e-06,1.001358002267299,radian,1.0,1.0,1.05,2,105,5,12,5,5,76,37,1.0035605293689596,1.2517283229146832,0.6135923151542564,71.71875,35.15625,0.060934667810855186,0.11969207282116401,0.7121279123122892,14.451157615861673,0.6434243713724966,0.1494415109465618,0.266079831299134,14.385875216713547,-0.06417287150376355,1.370559203459207,1.4361345143902071,58.54238532162358,58.54254420911921,58.55999761647916,58.559839659793006,58.55999761647916,0.0006530077660644729,0.016420720763011588,0.015591937110128589,2,38,18,90635.93368451325,3575.326562989328,3772.842275824636,97984.10252332721,radial,geometry,8068,1316,6752,6
amr_probe0003,5339,0.03,0.03,5.09594829e-06,5.109978939446437e-06,1.002753295097984,radian,1.0,1.0,1.05,2,105,5,13,5,5,77,37,1.0035605293689596,1.2680907846521299,0.6135923151542564,72.65624999999999,35.15625,0.060752596900666735,0.11931815822210805,0.7751991899547283,14.414113981722561,0.6269142357019691,-0.2084772272119267,0.4055238228695194,14.361395656949023,0.5667298974708611,1.093532754867582,1.4360365597215639,58.47975285868143,58.47988167288652,58.49735472149216,58.49728056414771,58.49735472149216,0.0006530077660644729,0.016420720763011366,0.015674127261410795,2,38,18,90514.6906059196,3575.106890614839,3757.9638983813834,97847.76139491583,radial,geometry,8068,1316,6752,7
amr_probe0003,5339,0.03,0.03,5.09594829e-06,5.110867072682722e-06,1.0029275773288353,radian,1.0,1.0,1.05,2,105,5,13,2,5,77,34,1.0035605293689596,1.2680907846521299,0.5645049299419158,72.65624999999999,32.34374999999999,0.061649283016263975,0.12115149973522285,0.6833230862019007,14.521969810871012,0.6183996156916107,-0.0586306836348955,-0.2847363664610883,14.36143912845097,1.1997446308361268,-1.7880956821228546,1.4364649440850714,58.48729211133186,58.48768018022935,58.50480915949125,58.50466224800056,58.50480915949125,0.0006530077660644729,0.016420720763011366,0.015674127261410795,2,38,17,90513.59396862867,3566.4354012427834,3750.728677519372,97830.75804739083,radial,geometry,8068,1316,6752,8
amr_probe0003,5339,0.03,0.03,5.09594829e-06,5.111088625332427e-06,1.0029710535646794,radian,1.0,1.0,1.05,2,105,5,10,1,5,74,33,1.0035605293689596,1.2190033994397895,0.5481424682044691,69.84375,31.40625,0.06084378090602475,0.11950041219418632,0.6029050567656575,14.42868951392765,0.5689024709819289,0.12488130320760794,0.15572137327106317,14.247757054395386,-0.40412292988336707,-2.2416923664487696,1.4360555980256402,58.49500617781847,58.495445755298284,58.51261732849824,58.51220602835291,58.51261732849824,0.0006530077660644729,0.016420720763011366,0.01541505691365323,2,37,16,90449.6872713282,3570.9454827214554,3805.8845796191226,97826.51733366877,radial,geometry,8068,1316,6752,9
amr_probe0003,5339,0.03,0.03,5.09594829e-06,5.114411023481949e-06,1.0036230221405853,radian,1.0,1.0,1.05,2,105,5,10,2,5,74,34,1.0035605293689596,1.2190033994397895,0.5645049299419158,69.84375,32.34374999999999,0.06160480772494736,0.1210522714996242,0.7305863760516166,14.504464570572086,0.5754464434357854,0.2370352788607578,-0.3826645008159787,14.449275091315892,-0.6356957921242794,-1.092626502668911,1.4363947791487197,58.437872739354944,58.438006904830104,58.455489387046754,58.45542318004132,58.455489387046754,0.0006530077660644729,0.016420720763011366,0.01541505691365323,2,37,17,90371.74810940819,3574.296494835711,3816.9231557454696,97762.96775998938,radial,geometry,8068,1316,6752,10
amr_probe0004,7397,0.04,0.04,4.62726705e-06,4.632420012593353e-06,1.0011136082135896,radian,1.0,1.0,1.05,2,105,5,12,1,5,76,33,1.0035605293689596,1.2517283229146832,0.5481424682044691,71.71875,31.40625,0.05048532058459075,0.09842532359202023,0.7746149256188848,14.482378512131156,0.752215042577752,0.14837680681844012,0.11038630308903596,14.214780984658367,0.772566020636055,-2.661283650908281,1.4307558028112572,64.45510716848757,64.45568885522954,64.47093980836321,64.47044912526437,64.47093980836321,0.0006530077660644729,0.016420720763011588,0.015591937110128589,2,38,16,99857.77702277612,3935.230222094731,4141.937911383789,107934.94515625465,radial,geometry,8110,1310,6800,1
amr_probe0004,7397,0.04,0.04,4.62726705e-06,4.635808614772375e-06,1.0018459199955565,radian,1.0,1.0,1.05,2,105,6,12,1,6,76,33,1.0042161491660884,1.2517283229146832,0.5481424682044691,71.71875,31.40625,0.049376689265252766,0.09611713770220355,0.8624371027515817,14.400515351969332,0.8470910988007316,0.1441203586919358,0.07391717490285464,14.134993873341536,0.7695174876387953,-2.642845708534594,1.42966432693244,64.8062737604252,64.8068501977301,64.82199646089005,64.82151069518012,64.82199646089005,0.0006582318281929123,0.01643144831685642,0.015602123224813087,3,38,16,99742.88462588473,3953.766921016672,4159.397213763541,107856.04876066495,radial,geometry,8110,1310,6800,2
amr_probe0004,7397,0.04,0.04,4.62726705e-06,4.640401292603348e-06,1.0028384449095817,radian,1.0,1.0,1.05,2,105,5,11,1,5,75,33,1.0035605293689596,1.2353658611772362,0.5481424682044691,70.78124999999999,31.40625,0.05073961498639757,0.09893992722229461,0.8519721039705127,14.484157907583603,0.7721516175377476,-0.25778569333957674,0.2513660314903661,14.267677011163414,0.25639502624589516,-2.481629421862176,1.4308920115660366,64.30128724831513,64.30175982231906,64.31720106225904,64.31673902595837,64.31720106225904,0.0006530077660644729,0.016420720763011588,0.015505572620255297,2,37,16,99652.58427482762,3932.530592753071,4164.18707253042,107749.30194011111,radial,geometry,8110,1310,6800,3
amr_probe0004,7397,0.04,0.04,4.62726705e-06,4.645302232803847e-06,1.0038975884920769,radian,1.0,1.0,1.05,2,105,6,11,1,6,75,33,1.0042161491660884,1.2353658611772362,0.5481424682044691,70.78124999999999,31.40625,0.049653714184910165,0.09667967791408982,0.9201793425867153,14.402339488910505,0.8645757946553002,-0.23798188183830385,0.20640576962908608,14.188100873589502,0.25150067607218685,-2.462097431990644,1.4298364923870117,64.63342551881206,64.63389276184598,64.64923436182015,64.64877731187914,64.64923436182015,0.0006582318281929123,0.01643144831685642,0.015515702313560443,3,37,16,99506.68708366563,3948.9651181322247,4179.970830248913,107635.62303204677,radial,geometry,8110,1310,6800,4
amr_probe0004,7397,0.04,0.04,4.62726705e-06,4.6459461642512656e-06,1.0040367487005672,radian,1.0,1.0,1.05,2,105,6,12,2,6,76,34,1.0042161491660884,1.2517283229146832,0.5645049299419158,71.71875,32.34374999999999,0.05033129826846974,0.09806031592937077,1.0116415605123514,14.494834539612855,0.8870771694739918,0.253389924568894,-0.41509792637502596,14.404483357867417,0.5239516210467171,-1.5285817683319995,1.4302838245779501,64.60917502883055,64.6093718739923,64.62498385318344,64.62482858791931,64.62498385318344,0.0006582318281929123,0.01643144831685642,0.015602123224813087,3,38,17,99503.61899587577,3948.4269753139156,4168.658686841868,107620.70465803155,radial,geometry,8110,1310,6800,5
amr_probe0004,7397,0.04,0.04,4.62726705e-06,4.647386085190895e-06,1.0043479304249134,radian,1.0,1.0,1.05,2,105,5,12,2,5,76,34,1.0035605293689596,1.2517283229146832,0.5645049299419158,71.71875,32.34374999999999,0.05168243796675962,0.10087091570058013,0.971774898748706,14.586499423892818,0.8237458932764082,0.2712092298796854,-0.4384457900087286,14.496658779715656,0.5226580561212815,-1.529600674715477,1.4315487272775913,64.16224971596951,64.16244592901528,64.17819715862738,64.17804216405956,64.17819715862738,0.0006530077660644729,0.016420720763011588,0.015591937110128589,2,38,17,99518.25261428126,3924.8829158390085,4144.224511532511,107587.36004165278,radial,geometry,8110,1310,6800,6
amr_probe0004,7397,0.04,0.04,4.62726705e-06,4.647597721911593e-06,1.0043936672968967,radian,1.0,1.0,1.05,2,105,5,13,1,5,77,33,1.0035605293689596,1.2680907846521299,0.5481424682044691,72.65624999999999,31.40625,0.05020681616341933,0.09785987624673699,0.7987509951237176,14.398422081837374,0.7416632811211653,-0.179836543900694,0.23579132114132234,14.026862300171347,1.4501993686917136,-2.9083696893311273,1.4305914982714372,64.25894035600099,64.25975201391425,64.27470152773252,64.27421368369143,64.27470152773252,0.0006530077660644729,0.016420720763011366,0.015674127261410795,2,38,16,99541.56546526843,3925.1954284991452,4115.6999639561645,107582.46085772375,radial,geometry,8110,1310,6800,7
amr_probe0004,7397,0.04,0.04,4.62726705e-06,4.648345803377418e-06,1.0045553353955263,radian,1.0,1.0,1.05,2,105,7,12,1,7,76,33,1.004874380994281,1.2517283229146832,0.5481424682044691,71.71875,31.40625,0.04916169618674364,0.0956648308461181,0.9218564186681033,14.317971690202821,0.9102317543405358,0.13884911702868907,0.044925858145228315,14.054448555282393,0.7664490808932559,-2.6247561667263373,1.4294118370626727,64.57554349885183,64.57612075950237,64.59131663270426,64.59083065558889,64.59131663270426,0.0006582318281929123,0.016442218609959595,0.015612349921627796,3,38,16,99488.28013015863,3936.826731553353,4140.040214202103,107565.1470759141,radial,geometry,8110,1310,6800,8
amr_probe0004,7397,0.04,0.04,4.62726705e-06,4.649361945738723e-06,1.0047749342106207,radian,1.0,1.0,1.05,2,105,6,13,1,6,77,33,1.0042161491660884,1.2680907846521299,0.5481424682044691,72.65624999999999,31.40625,0.04912569424330159,0.09560830953427192,0.8783149512470436,14.323729293009208,0.8453094382988103,-0.1496924860864427,0.18569132105811118,13.956183139003139,1.4372558886688533,-2.885908619568756,1.429513031692206,64.62517827769494,64.62597962596631,64.64082773490533,64.64034546173345,64.64082773490533,0.0006582318281929123,0.0164314483168562,0.015684367070405433,3,38,16,99465.39541244583,3943.0803037932096,4133.16243440328,107541.6381506423,radial,geometry,8110,1310,6800,9
amr_probe0004,7397,0.04,0.04,4.62726705e-06,4.6494064552065195e-06,1.0047845531643822,radian,1.0,1.0,1.05,2,105,5,13,2,5,77,34,1.0035605293689596,1.2680907846521299,0.5645049299419158,72.65624999999999,32.34374999999999,0.05123748699822746,0.09996685464259726,0.882019835969002,14.522709727368905,0.8259077411077133,-0.04445628527493159,-0.30636421612305476,14.362557714569558,1.1948151590190934,-1.7884212190790143,1.4312936773529483,64.15843273294169,64.15878307921807,64.17428794144801,64.1741539903638,64.17428794144801,0.0006530077660644729,0.016420720763011366,0.015674127261410795,2,38,17,99515.95401686188,3910.835897738388,4113.818723753498,107540.60863835378,radial,geometry,8110,1310,6800,10
amr_probe0005,9678,0.05,0.05,4.14872605e-06,4.141096334468958e-06,0.9981609497857681,radian,1.0,1.0,1.05,2,105,7,12,1,7,76,33,1.004874380994281,1.2517283229146832,0.5481424682044691,71.71875,31.40625,0.039138672089969274,0.07547847160602583,1.1615081275750716,14.316919827540978,1.15141900252836,0.1527057106496381,0.004046847481029824,14.054579710686061,0.7698829535469504,-2.6173006594668333,1.4229942817211585,72.36799654124188,72.36850474503274,72.38194514501568,72.38151828034971,72.38194514501568,0.0006582318281929123,0.016442218609959595,0.015612349921627796,3,38,16,111693.05493689091,4411.488046493232,4636.429845039213,120740.97282842336,radial,geometry,8159,1303,6856,1
amr_probe0005,9678,0.05,0.05,4.14872605e-06,4.144828670993932e-06,0.999060584150629,radian,1.0,1.0,1.05,2,105,7,12,2,7,76,34,1.004874380994281,1.2517283229146832,0.5645049299419158,71.71875,32.34374999999999,0.039768636889546245,0.0767484752529086,1.291636767245569,14.40655944293552,1.195009529641629,0.2486676775583294,-0.4224241336666549,14.315147983017805,0.5289006301738981,-1.5315865403357085,1.423505583522691,72.24202695448318,72.2422044366692,72.25603155823453,72.25589202987672,72.25603155823453,0.0006582318281929123,0.016442218609959595,0.015612349921627796,3,38,17,111567.40045209133,4409.666417637482,4655.181092428761,120632.24796215756,radial,geometry,8159,1303,6856,2
amr_probe0005,9678,0.05,0.05,4.14872605e-06,4.144989565754245e-06,0.9990993658774469,radian,1.0,1.0,1.05,2,105,7,13,2,7,77,34,1.004874380994281,1.2680907846521299,0.5645049299419158,72.65624999999999,32.34374999999999,0.03945125387039251,0.07610879652326022,1.25144430217511,14.351030305088816,1.210835862401834,0.0037046780894501273,-0.31618923310006736,14.191753880856115,1.1751044445781944,-1.7791352245165364,1.4232515696449006,72.25246630335594,72.25277585009638,72.2663888374554,72.26626745072215,72.2663888374554,0.0006582318281929123,0.01644221860995937,0.015694647675451836,3,38,17,111607.50447784146,4395.3979222590715,4624.6630179121,120627.56541801263,radial,geometry,8159,1303,6856,3
amr_probe0005,9678,0.05,0.05,4.14872605e-06,4.150442504176772e-06,1.0004137304213594,radian,1.0,1.0,1.05,2,105,7,13,1,7,77,33,1.004874380994281,1.2680907846521299,0.5481424682044691,72.65624999999999,31.40625,0.038902615939183684,0.07500301665429879,1.156071371362013,14.24441858515759,1.146426400762773,-0.10384004212217744,0.1068867109093723,13.882891628890258,1.4217067210894683,-2.854387999007975,1.4228024761099256,72.21964087374538,72.22034352749286,72.2335153274645,72.23309239686483,72.2335153274645,0.0006582318281929123,0.01644221860995937,0.015694647675451836,3,38,16,111460.3803490851,4399.488723849623,4609.21331932299,120469.08239225773,radial,geometry,8159,1303,6856,4
amr_probe0005,9678,0.05,0.05,4.14872605e-06,4.155929019082925e-06,1.0017361881686369,radian,1.0,1.0,1.05,2,105,7,11,1,7,75,33,1.004874380994281,1.2353658611772362,0.5481424682044691,70.78124999999999,31.40625,0.03946884155474133,0.07613674160375863,1.1929130449932233,14.318118582679276,1.1643217674234012,-0.22112882006837112,0.13600882233965986,14.107606966580466,0.24307082702685576,-2.4341039413312515,1.423195634655254,72.07070412388602,72.07111444074663,72.08475078135437,72.0843489476209,72.08475078135437,0.0006582318281929123,0.016442218609959595,0.015525872364209428,3,37,16,111260.855326957,4397.574397753396,4651.613518119888,120310.04324283029,radial,geometry,8159,1303,6856,5
amr_probe0005,9678,0.05,0.05,4.14872605e-06,4.158858163728753e-06,1.0024422228912302,radian,1.0,1.0,1.05,2,105,7,11,2,7,75,34,1.004874380994281,1.2353658611772362,0.5645049299419158,70.78124999999999,32.34374999999999,0.03998795518955805,0.07718610927610035,1.208942574296443,14.399741204407928,1.1746813778329896,-0.08437870367558943,-0.2730312122906949,14.336874346608365,0.01703057301879884,-1.3439831409169878,1.4236381782885215,72.0095486053685,72.0096712631476,72.02361996718679,72.0234974675022,72.02361996718679,0.0006582318281929123,0.016442218609959595,0.015525872364209428,3,37,17,111183.24806914682,4385.539468936642,4656.519581241205,120225.30711932466,radial,geometry,8159,1303,6856,6
amr_probe0005,9678,0.05,0.05,4.14872605e-06,4.1622569442421375e-06,1.0032614576327925,radian,1.0,1.0,1.05,2,105,7,14,2,7,78,34,1.004874380994281,1.2844532463895768,0.5645049299419158,73.59375,32.34374999999999,0.03933283087263145,0.07586917860885829,1.338682554094047,14.270676201149001,1.195805528339567,0.36874472100545014,-0.4755496291228737,14.03109514795098,1.6945983893239012,-1.9770949613227464,1.42314692355244,71.9559895171823,71.95645826834236,71.96986332146149,71.96979168315642,71.96986332146149,0.0006582318281929123,0.016442218609959595,0.015772743592582825,3,39,17,111134.49800431516,4399.564910215283,4593.0716420412045,120127.13455657165,radial,geometry,8159,1303,6856,7
amr_probe0005,9678,0.05,0.05,4.14872605e-06,4.1659690129530665e-06,1.0041562066873677,radian,1.0,1.0,1.05,2,105,7,12,5,7,76,37,1.004874380994281,1.2517283229146832,0.6135923151542564,71.71875,35.15625,0.03945363579076955,0.07611370461649039,1.2511481623864311,14.27463583506334,1.2094895047746226,0.1362671509248937,0.2897207718852651,14.20866572614721,-0.053062221453957545,1.3697557836849463,1.4232544953621635,71.8656771515127,71.86580716531782,71.87976890492068,71.87963940660852,71.87976890492068,0.0006582318281929123,0.016442218609959595,0.015612349921627796,3,38,18,111017.56788441988,4379.946390703204,4622.581516605488,120020.09579172857,radial,geometry,8159,1303,6856,8
amr_probe0005,9678,0.05,0.05,4.14872605e-06,4.1661008513659695e-06,1.0041879847347284,radian,1.0,1.0,1.05,2,105,7,14,3,7,78,35,1.004874380994281,1.2844532463895768,0.5808673916793627,73.59375,33.28125,0.03948169198198965,0.07617285611978446,1.2616687643172946,14.281227099248408,1.2314133152928357,0.21764677454917591,0.1675088036545442,14.160582724645728,1.5008506372348558,-1.0857217523305807,1.4233014489045026,71.87331022037256,71.87354741025192,71.88724604565694,71.88732019731081,71.88732019731081,0.0006582318281929123,0.016442218609959595,0.015772743592582933,3,39,17,111062.63415770198,4385.350574072151,4568.312962042243,120016.29769381636,radial,geometry,8159,1303,6856,9
amr_probe0005,9678,0.05,0.05,4.14872605e-06,4.166139829829865e-06,1.004197380019793,radian,1.0,1.0,1.05,2,105,7,13,5,7,77,37,1.004874380994281,1.2680907846521299,0.6135923151542564,72.65624999999999,35.15625,0.039250991166432866,0.07570676656211317,1.2755832943074685,14.241437941172098,1.196945073492708,-0.16388597869198798,0.40936123136662406,14.187924451429884,0.545896153972859,1.106052341370797,1.4231041477727848,71.88338628888727,71.88349199648596,71.89745110405607,71.89738687092049,71.89745110405607,0.0006582318281929123,0.01644221860995937,0.015694647675451836,3,38,18,111025.37729087223,4382.701555804588,4607.095972940052,120015.17481961686,radial,geometry,8159,1303,6856,10
amr_probe0006,12246,0.06,0.06,3.64383625e-06,3.6371357711077283e-06,0.9981611470898913,radian,1.0,1.0,1.05,2,105,9,13,2,9,77,34,1.0061987434326054,1.2680907846521299,0.5645049299419158,72.65624999999999,32.34374999999999,0.029383947584013394,0.055972044907815606,1.6728631344235594,14.181202361130998,1.6381573847422282,0.054306306260320826,-0.33460764251325614,14.022858162299483,1.156725453645694,-1.7685970689408936,1.4142466744080926,82.72903985770408,82.72930837573229,82.74104680358465,82.74093926025476,82.74104680358465,0.0006634976828183703,0.016463888439682963,0.015715332252805213,4,38,17,127155.62984651713,5028.906349382389,5286.273657239343,137470.80985313884,radial,geometry,8180,1300,6880,1
amr_probe0006,12246,0.06,0.06,3.64383625e-06,3.6421748194649663e-06,0.9995440435790621,radian,1.0,1.0,1.05,2,105,9,12,2,9,76,34,1.0061987434326054,1.2517283229146832,0.5645049299419158,71.71875,32.34374999999999,0.029678805784238708,0.05655997520070728,1.683442879563527,14.231296977481755,1.6141044471394899,0.23182768408152543,-0.4182136862550745,14.13863135840237,0.5337610365474882,-1.5310180039262171,1.4145752128523525,82.60784078415998,82.60799804262355,82.61993444694535,82.6198113623816,82.61993444694535,0.0006634976828183703,0.01646388843968319,0.015632926035619003,4,38,17,126936.54351889952,5032.332576508953,5311.739136962448,137280.6152323709,radial,geometry,8180,1300,6880,2
amr_probe0006,12246,0.06,0.06,3.64383625e-06,3.6422284351603924e-06,0.9995587576583311,radian,1.0,1.0,1.05,2,105,9,13,3,9,77,35,1.0061987434326054,1.2680907846521299,0.5808673916793627,72.65624999999999,33.28125,0.02948373995694085,0.05617558434576598,1.6663090954309816,14.184903962469992,1.640407540764975,-0.07758768547290214,0.28218655669677345,14.126198175568438,0.9621952962566939,-0.8580243242037376,1.4144160076598176,82.61047393936063,82.6105739854511,82.62252583118536,82.62253723676335,82.62253723676335,0.0006634976828183703,0.016463888439682963,0.01571533225280532,4,38,17,126980.06897075995,5023.121592425633,5275.403819646315,137278.59438283189,radial,geometry,8180,1300,6880,3
amr_probe0006,12246,0.06,0.06,3.64383625e-06,3.64620825258273e-06,1.000650963001625,radian,1.0,1.0,1.05,2,105,9,14,3,9,78,35,1.0061987434326054,1.2844532463895768,0.5808673916793627,73.59375,33.28125,0.029233365161662875,0.05567539518421931,1.6752139457651467,14.109598829290183,1.6530760943541336,0.24571929164959888,0.1153395858850479,13.990497896952338,1.4872393968183102,-1.0653012228616967,1.414122062395922,82.5230479614151,82.52325170645769,82.53502877224058,82.53509429197115,82.53509429197115,0.0006634976828183703,0.01646388843968319,0.015793531095536953,4,39,17,126867.5535432951,5028.019253602468,5233.182711193202,137128.75550809075,radial,geometry,8180,1300,6880,4
amr_probe0006,12246,0.06,0.06,3.64383625e-06,3.648742639087532e-06,1.0013464900041904,radian,1.0,1.0,1.05,2,105,9,13,4,9,77,36,1.0061987434326054,1.2680907846521299,0.5972298534168097,72.65624999999999,34.21875,0.029388062734777003,0.05598627149195766,1.6192314678796267,14.142636182944575,1.6045784870887778,0.015293138261430908,-0.2168053165068065,14.122766196118873,0.7262522750828264,0.18490756023538393,1.4143273615733798,82.49827926990471,82.49831332203028,82.5103698393574,82.51039972356489,82.51039972356489,0.0006634976828183703,0.016463888439682963,0.015715332252805213,4,38,18,126756.87344056915,5012.5256424057725,5264.107923986447,137033.50700696136,radial,geometry,8180,1300,6880,5
amr_probe0006,12246,0.06,0.06,3.64383625e-06,3.651314191733214e-06,1.0020522167353745,radian,1.0,1.0,1.05,2,105,9,14,4,9,78,36,1.0061987434326054,1.2844532463895768,0.5972298534168097,73.59375,34.21875,0.029148666100185367,0.05550819428695439,1.6780423867775163,14.074286709970234,1.6067180405590915,0.3464310152954075,-0.33803689385232844,14.019295843628973,1.2427425975120097,-0.02193808517846236,1.4140470389004252,82.43602669090451,82.43612130418967,82.44805904615515,82.44815353150734,82.44815353150734,0.0006634976828183703,0.01646388843968319,0.015793531095536845,4,39,18,126666.36451201462,5028.85392869218,5241.7784170352215,136936.99685774202,radial,geometry,8180,1300,6880,6
amr_probe0006,12246,0.06,0.06,3.64383625e-06,3.653862647711769e-06,1.002751604908637,radian,1.0,1.0,1.05,2,105,9,12,3,9,76,35,1.0061987434326054,1.2517283229146832,0.5808673916793627,71.71875,33.28125,0.02986052573636195,0.05692409542869373,1.624272320704875,14.23094237891251,1.6144351180710386,0.10091868230912272,0.14722513680735105,14.213283946690003,0.3468276571426681,-0.6180542200593632,1.414796555000015,82.35404498673113,82.35407513620935,82.36618958293218,82.36617388580167,82.36618958293218,0.0006634976828183703,0.01646388843968319,0.015632926035619107,4,38,17,126554.33836272555,5008.969088157172,5278.1800946671765,136841.4875455499,radial,geometry,8180,1300,6880,7
amr_probe0006,12246,0.06,0.06,3.64383625e-06,3.6554451970228815e-06,1.0031859134786536,radian,1.0,1.0,1.05,2,105,9,14,2,9,78,34,1.0061987434326054,1.2844532463895768,0.5645049299419158,73.59375,32.34374999999999,0.029312206387343234,0.05582960733302721,1.7340387010295215,14.094498610809188,1.617062676167056,0.39192208701264797,-0.48825771445747784,13.854252229906573,1.684631908012293,-1.9689087268682013,1.4141734559342507,82.32379380522814,82.32420447500475,82.33576592811158,82.33570245068337,82.33576592811158,0.0006634976828183703,0.01646388843968319,0.015793531095536845,4,39,17,126513.27853114804,5024.796439687011,5244.169886020384,136782.24485685545,radial,geometry,8180,1300,6880,8
amr_probe0006,12246,0.06,0.06,3.64383625e-06,3.655615123315464e-06,1.003232547377908,radian,1.0,1.0,1.05,2,105,9,13,5,9,77,37,1.0061987434326054,1.2680907846521299,0.6135923151542564,72.65624999999999,35.15625,0.029221370386231443,0.05565167555831814,1.6770491796742486,14.070441974878788,1.6242865685532477,-0.12669497068671848,0.3976625185584848,14.017011581084338,0.5293597839241648,1.1047632883754903,1.414110940583027,82.3109188845831,82.31101099139931,82.3230480957457,82.3229904283592,82.3230480957457,0.0006634976828183703,0.016463888439682963,0.015715332252805213,4,38,18,126504.28137656284,5007.914343473291,5263.691000370159,136775.8867204063,radial,geometry,8180,1300,6880,9
amr_probe0006,12246,0.06,0.06,3.64383625e-06,3.655664933161531e-06,1.0032462169949408,radian,1.0,1.0,1.05,2,105,9,12,1,9,76,33,1.0061987434326054,1.2517283229146832,0.5481424682044691,71.71875,31.40625,0.02952809625559544,0.056255807121634166,1.5907264665785101,14.149841683507722,1.5792051219699295,0.160169751494171,-0.10424742166398053,13.892265833088322,0.7671126878939449,-2.5757538343583226,1.414362084907264,82.34435968628185,82.34479800735834,82.3564697794549,82.3561031399536,82.3564697794549,0.0006634976828183703,0.01646388843968319,0.015632926035619003,4,38,16,126487.25881428905,5011.9775673441645,5274.786714511087,136774.0230961443,radial,geometry,8180,1300,6880,10
amr_probe0007,15192,0.07,0.07,3.17569913e-06,3.171467039093307e-06,0.9986673514292606,radian,1.0,1.0,1.05,2,105,13,13,3,13,77,35,1.0088793377669698,1.2680907846521299,0.5808673916793627,72.65624999999999,33.28125,0.02081826621170143,0.039001190139289627,2.2500320215747664,13.85211351352425,2.241522967733648,0.014734419206332172,0.19494045276704502,13.795987894597175,0.9309796051871801,-0.8276737149474133,1.4025272261631416,96.00498031891372,96.0050631865547,96.01517820255255,96.01518789947674,96.01518789947674,0.0006741561095953141,0.01650774956191262,0.015757199161181505,6,38,17,145732.69418749952,5817.262508229661,6105.788685419508,157655.7453811487,radial,geometry,8222,1294,6928,1
amr_probe0007,15192,0.07,0.07,3.17569913e-06,3.175070356040804e-06,0.9998020045560185,radian,1.0,1.0,1.05,2,105,13,13,4,13,77,36,1.0088793377669698,1.2680907846521299,0.5972298534168097,72.65624999999999,34.21875,0.02073124161710611,0.03883227848134219,2.2133501347190285,13.811773261566621,2.2047909776528805,0.06846868169288814,-0.1820098990396831,13.792686260175033,0.7070743890911096,0.16411022392583532,1.4024210754009525,95.92609902172406,95.92612734220785,95.93632317833205,95.93634859002857,95.93634859002857,0.0006741561095953141,0.01650774956191262,0.015757199161181398,6,38,18,145561.11992928057,5815.740752545173,6099.964689528096,157476.82537135386,radial,geometry,8222,1294,6928,2
amr_probe0007,15192,0.07,0.07,3.17569913e-06,3.1810227134180385e-06,1.001676350057141,radian,1.0,1.0,1.05,2,105,13,12,3,13,76,35,1.0088793377669698,1.2517283229146832,0.5808673916793627,71.71875,33.28125,0.021055602456571787,0.03946412902541433,2.2057724446995937,13.890684555147775,2.2027510297460786,0.08102157936627008,0.0821917418333957,13.8733419543369,0.347767912480235,-0.6004647430996536,1.4028527072028825,95.72818237032344,95.72820802678187,95.73845445985236,95.73844169892753,95.73845445985236,0.0006741561095953141,0.01650774956191284,0.0156745734072086,6,38,17,145264.5131634488,5804.514763193168,6113.125438979657,157182.15336562163,radial,geometry,8222,1294,6928,3
amr_probe0007,15192,0.07,0.07,3.17569913e-06,3.18136603582134e-06,1.001784459292068,radian,1.0,1.0,1.05,2,105,15,13,3,15,77,35,1.0102357398594755,1.2680907846521299,0.5808673916793627,72.65624999999999,33.28125,0.02018154347735509,0.03774945726481559,2.34035694252219,13.687250203512221,2.334262915494722,0.04156048528692721,0.16358479703385578,13.631886974395263,0.9179796230554689,-0.818406416466189,1.4014345388133718,96.34718212356361,96.34726442806118,96.35732815584106,96.3573375594833,96.3573375594833,0.0006795493584719203,0.016529943639251834,0.015778384150420714,7,38,17,145216.1290615559,5831.773582834256,6117.288147908575,157165.19079229873,radial,geometry,8222,1294,6928,4
amr_probe0007,15192,0.07,0.07,3.17569913e-06,3.181555607540321e-06,1.0018441537754619,radian,1.0,1.0,1.05,2,105,14,13,3,14,77,35,1.0095561905010033,1.2680907846521299,0.5808673916793627,72.65624999999999,33.28125,0.02041255631988188,0.038203466675446385,2.2973296947400303,13.769597226181277,2.290191531128091,0.02867232076812993,0.17867393515916472,13.713862190469872,0.9244000473074268,-0.8229678879506835,1.401836418383118,96.3768081212732,96.37689050478747,96.38695676360867,96.38696629097402,96.38696629097402,0.0006795493584721424,0.016518824538875126,0.015767770597163694,7,38,17,145194.87187472687,5836.71246446585,6124.241828042793,157155.8261672355,radial,geometry,8222,1294,6928,5
amr_probe0007,15192,0.07,0.07,3.17569913e-06,3.1818819579563663e-06,1.0019469186794048,radian,1.0,1.0,1.05,2,105,13,14,3,13,78,35,1.0088793377669698,1.2844532463895768,0.5808673916793627,73.59375,33.28125,0.020714646309422068,0.03880089380368887,2.263875474867557,13.772987001471549,2.245285383642553,0.2870030297846588,0.038144103113686954,13.656253994421894,1.4592769443715579,-1.0355716209736243,1.4024156622353132,95.69502856874377,95.6952020596189,95.70518893190665,95.70524617828822,95.70524617828822,0.0006741561095953141,0.01650774956191284,0.015835606331916077,6,39,17,145278.64696213117,5814.977480829202,6046.083002735087,157139.70744569544,radial,geometry,8222,1294,6928,6
amr_probe0007,15192,0.07,0.07,3.17569913e-06,3.181931385415466e-06,1.0019624829558291,radian,1.0,1.0,1.05,2,105,13,13,2,13,77,34,1.0088793377669698,1.2680907846521299,0.5645049299419158,72.65624999999999,32.34374999999999,0.02094060870009001,0.03924040649489491,2.2762254205936694,13.84415459423281,2.2440522980144104,0.13109818425807898,-0.3581127130071001,13.687821986432324,1.1268128011067593,-1.74196400881855,1.4027063000525137,95.66912227882614,95.66935325997883,95.67933690486471,95.679242250627,95.67933690486471,0.0006741561095953141,0.01650774956191262,0.015757199161181398,6,38,17,145238.4754278489,5803.967084052492,6094.823958322913,157137.26647022428,radial,geometry,8222,1294,6928,7
amr_probe0007,15192,0.07,0.07,3.17569913e-06,3.182585040916051e-06,1.0021683133805095,radian,1.0,1.0,1.05,2,105,13,14,4,13,78,36,1.0088793377669698,1.2844532463895768,0.5972298534168097,73.59375,34.21875,0.020612294739464014,0.038601661333287754,2.2517812330740568,13.739211748704504,2.207039451947436,0.35324494035369197,-0.27333787020205974,13.684223806425338,1.2271855852067892,-0.044427816315432134,1.4022791466643731,95.6970708786825,95.69715297020994,95.70726240453077,95.70734423756436,95.70734423756436,0.0006741561095953141,0.01650774956191284,0.01583560633191597,6,39,18,145224.80925215944,5819.115863407454,6061.06770375578,157104.99281932268,radial,geometry,8222,1294,6928,8
amr_probe0007,15192,0.07,0.07,3.17569913e-06,3.1852838531306307e-06,1.0030181458438825,radian,1.0,1.0,1.05,2,105,13,12,2,13,76,34,1.0088793377669698,1.2517283229146832,0.5645049299419158,71.71875,32.34374999999999,0.021112731925762743,0.039576431334900714,2.255468224995554,13.88702043283426,2.209985284937583,0.200493291251786,-0.4036141653695696,13.793254333322036,0.5373435372297284,-1.5187933767456847,1.4029453313375368,95.57336074366604,95.57349935691987,95.58364187015441,95.58353415474211,95.58364187015441,0.0006741561095953141,0.01650774956191284,0.015674573407208493,6,38,17,145045.75906099172,5802.373897311972,6123.748686900065,156971.88164520377,radial,geometry,8222,1294,6928,9
amr_probe0007,15192,0.07,0.07,3.17569913e-06,3.1853092153970703e-06,1.0030261322007132,radian,1.0,1.0,1.05,2,105,13,12,4,13,76,36,1.0088793377669698,1.2517283229146832,0.5972298534168097,71.71875,34.21875,0.020978407094873797,0.039314275839904766,2.210968916150583,13.846177228133419,2.1924833223682656,0.17809560523405837,-0.22289545692411547,13.83972500492749,0.139042124592776,0.39912768439930757,1.4027605231606546,95.59686092839758,95.59687052008786,95.60715118684766,95.60714367530568,95.60715118684766,0.0006741561095953141,0.01650774956191284,0.015674573407208493,6,38,18,145054.46505729604,5802.441237240491,6113.725499423101,156970.63179395965,radial,geometry,8222,1294,6928,10
amr_probe0008,18504,0.08,0.08,2.90750004e-06,2.9021720141655575e-06,0.998167488990149,radian,1.0,1.0,1.05,2,106,5,12,3,25,76,35,1.0171822652183304,1.2517283229146832,0.5808673916793627,71.71875,33.28125,0.013974450948697049,0.025639687227868357,3.0856586762722795,12.911134851517755,3.0854286857689837,0.03741716501397204,-0.0043871688589955694,12.89421865175943,0.3337342932228653,-0.5702192001525683,1.387981361516613,109.21870941210348,109.21873251114346,109.22752258900086,109.2275112817782,109.22752258900086,0.0007071697376324071,0.016643605894644527,0.01580357282364936,12,38,17,158807.9285927944,6564.979995661482,6911.84833135811,172284.75691981398,radial,geometry,8285,1285,7000,1
amr_probe0008,18504,0.08,0.08,2.90750004e-06,2.903532047296946e-06,0.9986352561828155,radian,1.0,1.0,1.05,2,106,5,13,3,25,77,35,1.0171822652183304,1.2680907846521299,0.5808673916793627,72.65624999999999,33.28125,0.013919973885178216,0.02553632600134802,3.1384191720517625,12.876458121121637,3.1336938377774994,0.16250711240578788,0.056826657432300656,12.824544223550898,0.8580808293870876,-0.7732635342656323,1.3878887206517982,109.1383062232441,109.13837724844598,109.14709143025966,109.14709879291853,109.14709879291853,0.0007071697376324071,0.016643605894644302,0.015886878575333756,12,38,17,158762.5503632389,6567.663235635727,6873.8440299973545,172204.057628872,radial,geometry,8285,1285,7000,2
amr_probe0008,18504,0.08,0.08,2.90750004e-06,2.90489751977621e-06,0.9991048941743815,radian,1.0,1.0,1.05,2,106,3,12,3,23,76,35,1.0157707319721831,1.2517283229146832,0.5808673916793627,71.71875,33.28125,0.014545527540491503,0.026740510945705877,2.9843942819757707,13.07056534838563,2.984108788312839,0.04104169871711059,0.004421399118970952,13.053627742621359,0.33632859810245513,-0.573902742268759,1.389359905407355,108.37513071102696,108.37515378100622,108.38403018746999,108.38401891743456,108.38403018746999,0.0007015572793973579,0.016620509735913308,0.015781642370070615,11,38,17,158731.533175705,6523.570793494022,6868.007636651859,172123.1116058509,radial,geometry,8285,1285,7000,3
amr_probe0008,18504,0.08,0.08,2.90750004e-06,2.9050042442250552e-06,0.9991416007770908,radian,1.0,1.0,1.05,2,106,3,13,3,23,77,35,1.0157707319721831,1.2680907846521299,0.5808673916793627,72.65624999999999,33.28125,0.01447737944946977,0.026610666434483232,3.037903902582886,13.03591117998199,3.033476808924484,0.14613609270963177,0.0743156339757575,12.983508660984116,0.8688885037390889,-0.7800742981280255,1.3892408543679158,108.34189164439896,108.34196312140747,108.35075866050593,108.35076633470048,108.35076633470048,0.0007015572793973579,0.016620509735913083,0.015864832519230158,11,38,17,158754.59239194862,6527.892133102201,6834.303598052579,172116.7881231034,radial,geometry,8285,1285,7000,4
amr_probe0008,18504,0.08,0.08,2.90750004e-06,2.911800358648145e-06,1.0014790433668044,radian,1.0,1.0,1.05,2,106,3,12,2,23,76,34,1.0157707319721831,1.2517283229146832,0.5645049299419158,71.71875,32.34374999999999,0.014590897309897228,0.02682952698286826,3.0237657885011258,13.055419161686915,2.9960714186899065,0.14529765242382323,-0.3815811709445491,12.962879654365212,0.5234080530898224,-1.4607411008618387,1.3895051380629881,108.08111578775464,108.08124198081055,108.09003289710554,108.08993546082213,108.09003289710554,0.0007015572793973579,0.016620509735913308,0.01578164237007051,11,38,17,158329.6427269867,6512.154697377082,6873.271747526112,171715.0691718899,radial,geometry,8285,1285,7000,5
amr_probe0008,18504,0.08,0.08,2.90750004e-06,2.911881938065016e-06,1.0015071016353334,radian,1.0,1.0,1.05,2,106,5,12,2,25,76,34,1.0171822652183304,1.2517283229146832,0.5645049299419158,71.71875,32.34374999999999,0.0140391638340788,0.02576639051979877,3.114507630406807,12.894125835283871,3.087925687210608,0.1394358142001579,-0.38135335824594313,12.802080160238857,0.5191848282746253,-1.4476435131078076,1.3881961027243637,108.82314756205686,108.82327354401858,108.83198707124177,108.83188984335357,108.83198707124177,0.0007071697376324071,0.016643605894644527,0.01580357282364925,12,38,17,158252.24592600085,6547.344582372384,6910.667886325515,171710.25839469873,radial,geometry,8285,1285,7000,6
amr_probe0008,18504,0.08,0.08,2.90750004e-06,2.9119182840145832e-06,1.0015196023916764,radian,1.0,1.0,1.05,2,106,5,12,4,25,76,36,1.0171822652183304,1.2517283229146832,0.5972298534168097,71.71875,34.21875,0.013988326820542596,0.025666603557405094,3.077313608320403,12.87365356095169,3.0735932902673277,0.09665143812309887,-0.11636936661483717,12.868520620937966,0.14582952938431584,0.33296664135919757,1.3880207723396074,108.84761876487353,108.84762582189337,108.856467264331,108.85646248084943,108.856467264331,0.0007071697376324071,0.016643605894644527,0.01580357282364925,12,38,18,158266.4149159877,6546.244809696698,6895.455417802226,171708.11514348662,radial,geometry,8285,1285,7000,7
amr_probe0008,18504,0.08,0.08,2.90750004e-06,2.9119911366419784e-06,1.0015446591849329,radian,1.0,1.0,1.05,2,106,1,13,3,21,77,35,1.0143704013708463,1.2680907846521299,0.5808673916793627,72.65624999999999,33.28125,0.015112506836919361,0.027837556174075514,2.9331318362722505,13.196557329552347,2.92885420163552,0.12794393549100633,0.09330479026746785,13.143633244501272,0.8800042910626856,-0.7871613137813609,1.3907271963304721,107.34761344319924,107.34768556800373,107.35658170254004,107.35658970750451,107.35658970750451,0.000695989364481342,0.016597596880028934,0.01584296143182579,10,38,17,158445.72546279983,6475.908917113286,6782.18494440841,171703.81932432155,radial,geometry,8285,1285,7000,8
amr_probe0008,18504,0.08,0.08,2.90750004e-06,2.9123940537758443e-06,1.0016832377329372,radian,1.0,1.0,1.05,2,106,3,13,4,23,77,36,1.0157707319721831,1.2680907846521299,0.5972298534168097,72.65624999999999,34.21875,0.014470131968200595,0.0265969396743177,3.0097075959327233,13.001795885092871,3.0026661730154376,0.13520106069446158,-0.15510106263675885,12.984070610363078,0.6661245935421312,0.12994094274704304,1.3892302703023944,108.0854158519436,108.08544018218286,108.0943199969888,108.0943425341763,108.0943425341763,0.0007015572793973579,0.016620509735913083,0.01586483251923005,11,38,18,158345.0270099452,6511.805159851641,6823.232672995568,171680.0648427924,radial,geometry,8285,1285,7000,9
amr_probe0008,18504,0.08,0.08,2.90750004e-06,2.9130125809585e-06,1.0018959727885335,radian,1.0,1.0,1.05,2,106,4,12,3,24,76,35,1.016475095480698,1.2517283229146832,0.5808673916793627,71.71875,33.28125,0.014245379310117472,0.026161635760684653,3.035755620068998,12.990685776705828,3.0355033826437103,0.03913292540241033,-0.0001135277344158063,12.97375943903107,0.33502971207300486,-0.5720472526702645,1.3886413336934718,108.8416380470301,108.84166111999852,108.85049019250329,108.85047890988798,108.85049019250329,0.0007071697376326291,0.016632034856870637,0.015792585797204346,12,38,17,158204.1178362214,6546.981415982529,6892.51233682653,171643.61158903048,radial,geometry,8285,1285,7000,10
amr_probe0009,22016,0.09,0.09,2.81998352e-06,2.814827691626044e-06,0.9981716813813309,radian,1.0,1.0,1.05,2,106,15,12,3,35,76,35,1.0244111330764718,1.2517283229146832,0.5808673916793627,71.71875,33.28125,0.01084939653354403,0.019647449827657815,3.7589289623572744,12.130636067423906,3.7587528637401992,0.014594131313992502,-0.03332963702738182,12.11398670814844,0.31885657830533853,-0.5495342733261277,1.3789386753483863,116.46107172840374,116.46109412518543,116.46922935449692,116.46921824378954,116.46922935449692,0.0007359127509849461,0.016761887968378426,0.015915884985918678,17,38,17,163361.54908040838,6949.325977214473,7319.891289984231,177630.76634760707,radial,geometry,8376,1272,7104,1
amr_probe0009,22016,0.09,0.09,2.81998352e-06,2.8157608704048563e-06,0.9985025977757687,radian,1.0,1.0,1.05,2,106,17,12,3,37,76,35,1.0258917895314537,1.2517283229146832,0.5808673916793627,71.71875,33.28125,0.010443877206327041,0.0188760964982981,3.882132098427872,11.977658093941628,3.881902458136924,0.014864145946726722,-0.0395220485270086,11.961027458504404,0.31611788691612086,-0.5460632141435162,1.3775896318309993,117.20362207118539,117.20364454070649,117.21171211997253,117.21170093440094,117.21171211997253,0.000741800052992847,0.01678611515296937,0.01593888938042421,18,38,17,163232.05493220827,6983.544149295469,7356.298182665932,177571.89726416965,radial,geometry,8376,1272,7104,2
amr_probe0009,22016,0.09,0.09,2.81998352e-06,2.816176394180445e-06,0.998649947493468,radian,1.0,1.0,1.05,2,106,13,12,3,33,76,35,1.0229422278631963,1.2517283229146832,0.5808673916793627,71.71875,33.28125,0.011287718648557868,0.020482982559001932,3.6354327680627643,12.284762776519052,3.635300007769755,0.01498039934859526,-0.027218601159275258,12.268094795666224,0.3215746837147877,-0.5530246673423372,1.3803466296632627,115.62817912161273,115.62820146740776,115.63641233796005,115.6364012889652,115.63641233796005,0.000730072173596108,0.01673785306303027,0.01589306316597272,16,38,17,163358.50863582798,6909.571514446716,7277.6165728556325,177545.69672313033,radial,geometry,8376,1272,7104,3
amr_probe0009,22016,0.09,0.09,2.81998352e-06,2.8173515916305726e-06,0.999066686613322,radian,1.0,1.0,1.05,2,106,15,13,3,35,77,35,1.0244111330764718,1.2680907846521299,0.5808673916793627,72.65624999999999,33.28125,0.010807036907313524,0.01956852513516004,3.7968628478395345,12.094734385130227,3.789529211455872,0.23587206574636319,0.00045763229960641273,12.045418049172515,0.8050077551320738,-0.7365231711885714,1.378860655030314,116.34373927303189,116.34380577986532,116.35187365605796,116.35187955167497,116.35187955167497,0.0007359127509849461,0.0167618879683782,0.015999782771392242,17,38,17,163243.99166957586,6955.525889550781,7272.119806027217,177471.63736515385,radial,geometry,8376,1272,7104,4
amr_probe0009,22016,0.09,0.09,2.81998352e-06,2.8177667034928194e-06,0.9992138902616067,radian,1.0,1.0,1.05,2,106,13,13,3,33,77,35,1.0229422278631963,1.2680907846521299,0.5808673916793627,72.65624999999999,33.28125,0.011237232896235915,0.020388265949258265,3.676301575662522,12.248700346808825,3.669480501980863,0.22348004711547154,0.012758892674618282,12.198973810358583,0.8148485101898022,-0.7427786113920595,1.3802415708742937,115.54743767489148,115.5475044826617,115.5556445619611,115.55565072883354,115.55565072883354,0.000730072173596108,0.016737853063030043,0.01597684065024056,16,38,17,163294.79371528002,6917.202831993146,7233.4957925344315,177445.4923398076,radial,geometry,8376,1272,7104,5
amr_probe0009,22016,0.09,0.09,2.81998352e-06,2.8180764211720486e-06,0.9993237198677135,radian,1.0,1.0,1.05,2,106,19,12,3,39,76,35,1.0273842912380753,1.2517283229146832,0.5808673916793627,71.71875,33.28125,0.010062038014101283,0.01815141720522273,4.004374793144068,11.825841966069737,4.004081339088518,0.015712306868287423,-0.045861065661061504,11.809229929046351,0.31337120031379867,-0.542609602003088,1.376280454414129,117.8932917953646,117.89331435174722,117.9013191968923,117.90130792768201,117.9013191968923,0.000747734453416804,0.016810536155037043,0.015962077810085785,19,38,17,163022.3070955477,7014.471782235713,7389.211504708809,177425.99038249222,radial,geometry,8376,1272,7104,6
amr_probe0009,22016,0.09,0.09,2.81998352e-06,2.818839200507669e-06,0.99959421057456,radian,1.0,1.0,1.05,2,106,17,13,3,37,77,35,1.0258917895314537,1.2680907846521299,0.5808673916793627,72.65624999999999,33.28125,0.010406343981209348,0.0188065184234393,3.9169692985382447,11.941945242024044,3.90911241018319,0.24769723325582896,-0.011607363196242271,11.893030810409211,0.7952775438914691,-0.7303478173718797,1.3775258670095885,117.06470815792667,117.06477442604645,117.07277676360671,117.07278239214057,117.07278239214057,0.000741800052992847,0.016786115152969145,0.01602290842951314,18,38,17,163081.52897556635,6989.137923083459,7307.311919705857,177377.97881835568,radial,geometry,8376,1272,7104,7
amr_probe0009,22016,0.09,0.09,2.81998352e-06,2.8199445676608156e-06,0.9999861870330418,radian,1.0,1.0,1.05,2,106,11,13,3,31,77,35,1.021484980627804,1.2680907846521299,0.5808673916793627,72.65624999999999,33.28125,0.01169808007321735,0.02126798136096088,3.5570073893080347,12.40383300144182,3.550681476118901,0.2105211121993576,0.02536698753122062,12.353685995456813,0.8248155577244407,-0.749129327317475,1.3816577905588203,114.68288656916339,114.68295373912224,114.6911723286998,114.6911787714758,114.6911787714758,0.0007242779499962992,0.016714008910898935,0.015954080609415475,15,38,17,163243.45538317887,6874.574140377155,7190.420342448677,177308.4498660047,radial,geometry,8376,1272,7104,8
amr_probe0009,22016,0.09,0.09,2.81998352e-06,2.8199901370818473e-06,1.0000023464966374,radian,1.0,1.0,1.05,2,106,11,12,3,31,76,35,1.021484980627804,1.2517283229146832,0.5808673916793627,71.71875,33.28125,0.01176320545364743,0.021391106064910282,3.5127113660076885,12.440025930546488,3.5126110944230398,0.016064782112122783,-0.021127304406042338,12.42333928561572,0.3242673946707456,-0.5565400290181896,1.3818103105483897,114.69868648084052,114.69870879896041,114.70700407120563,114.70699306974048,114.70700407120563,0.0007242779499962992,0.01671400891089916,0.015870422471581883,15,38,17,163212.6449438195,6863.887022251564,7229.052697216005,177305.58466328707,radial,geometry,8376,1272,7104,9
amr_probe0009,22016,0.09,0.09,2.81998352e-06,2.8206016319171853e-06,1.000219189904055,radian,1.0,1.0,1.05,2,113,1,12,3,41,76,35,1.0288887329583498,1.2517283229146832,0.5808673916793627,71.71875,33.28125,0.009693831373686361,0.017454189075424013,4.124030309992066,11.675201667693104,4.123662507597794,0.017096902417981195,-0.05235663370808037,11.658607932471806,0.3106222725593095,-0.5391742408529641,1.3749811908459848,118.58142378718229,118.58144643394186,118.58938950269908,118.58937814656232,118.58938950269908,0.0007537163290440851,0.01683515252512125,0.01598545174718465,20,38,17,162800.1201687679,7045.168508460711,7421.8568643933095,177267.14554162193,radial,geometry,8376,1272,7104,10
amr_probe0010,25586,0.1,0.1,2.79078706e-06,2.7856894442199237e-06,0.9981734128507546,radian,1.0,1.0,1.05,2,106,19,12,3,39,76,35,1.0273842912380753,1.2517283229146832,0.5808673916793627,71.71875,33.28125,0.009826860084126879,0.01770792015260837,4.008454312705141,11.826628632918275,4.008277950717629,0.004997544679660735,-0.03726756475153354,11.810149187982057,0.31137618818543805,-0.5408935643916036,1.375533085144121,119.30360679606268,119.30362888246509,119.31153076892288,119.31151968118763,119.31153076892288,0.000747734453416804,0.016810536155037043,0.015962077810085785,19,38,17,164914.03635301781,7097.722952628789,7477.020765462473,179488.7800711091,radial,geometry,8453,1261,7192,1
amr_probe0010,25586,0.1,0.1,2.79078706e-06,2.786468480944128e-06,0.9984525587359315,radian,1.0,1.0,1.05,2,106,17,13,3,37,77,35,1.0258917895314537,1.2680907846521299,0.5808673916793627,72.65624999999999,33.28125,0.010163800052715595,0.01834672884561427,3.9275959173564883,11.94232921010689,3.9199413698591563,0.24508807664954915,-0.0010870079577523992,11.893705333846372,0.7932745129940452,-0.7278158704237285,1.3767209279971968,118.45706900724224,118.45713402985635,118.46503364474472,118.46503922889885,118.46503922889885,0.000741800052992847,0.016786115152969145,0.01602290842951314,18,38,17,164973.12841375,7071.923470058926,7393.546980437697,179438.59886424663,radial,geometry,8453,1261,7192,2
amr_probe0010,25586,0.1,0.1,2.79078706e-06,2.78680175492938e-06,0.9985719780889983,radian,1.0,1.0,1.05,2,113,1,12,3,41,76,35,1.0288887329583498,1.2517283229146832,0.5808673916793627,71.71875,33.28125,0.009457483542187443,0.01700890549358157,4.131164664831814,11.675760852117806,4.130942332141857,0.005436434661030095,-0.04251331146270305,11.659308741423274,0.30851613208676426,-0.5373350391141352,1.3741844709815743,120.0597387229027,120.05976087320836,120.06759732275302,120.06758615944199,120.06759732275302,0.0007537163290440851,0.01683515252512125,0.01598545174718465,20,38,17,164771.14588038367,7132.280719063414,7513.713179363756,179417.13977881084,radial,geometry,8453,1261,7192,3
amr_probe0010,25586,0.1,0.1,2.79078706e-06,2.786825256534429e-06,0.9985803992277464,radian,1.0,1.0,1.05,2,106,19,13,3,39,77,35,1.0273842912380753,1.2680907846521299,0.5808673916793627,72.65624999999999,33.28125,0.009776937102750105,0.017613756451988736,4.047320910540027,11.790539771749476,4.039191960031134,0.25612579950892644,-0.011594728988212925,11.74232094319696,0.7836226953619463,-0.7215694335806424,1.375369003217795,119.24283063506948,119.24289538769587,119.25072722261248,119.25073255079752,119.25073255079752,0.000747734453416804,0.016810536155036814,0.016046219092899005,19,38,17,164874.15657307795,7109.044703866537,7432.42545731931,179415.6267342638,radial,geometry,8453,1261,7192,4
amr_probe0010,25586,0.1,0.1,2.79078706e-06,2.7868330369874843e-06,0.9985831871341284,radian,1.0,1.0,1.05,2,106,17,12,3,37,76,35,1.0258917895314537,1.2517283229146832,0.5808673916793627,71.71875,33.28125,0.01022601778365187,0.01846409567000816,3.884912973776388,11.978645095322452,3.884777198656169,0.004983680722337524,-0.03209507039534004,11.962139067713757,0.3142276752765784,-0.5444522132007341,1.3769095070187147,118.45528063052303,118.45530267249266,118.46327736730022,118.46326634414127,118.46327736730022,0.000741800052992847,0.01678611515296937,0.01593888938042421,18,38,17,164923.2557716311,7057.515093184988,7434.35496579015,179415.12583060624,radial,geometry,8453,1261,7192,5
amr_probe0010,25586,0.1,0.1,2.79078706e-06,2.7882961223153827e-06,0.9991074425848107,radian,1.0,1.0,1.05,2,106,15,13,3,35,77,35,1.0244111330764718,1.2680907846521299,0.5808673916793627,72.65624999999999,33.28125,0.01058152525841692,0.019139778817081583,3.8075129350295,12.095278605231746,3.800328726446047,0.23358741107522446,0.009656228720291033,12.046243492545809,0.803029435321375,-0.7341157827495852,1.3781261399950369,117.58224284605886,117.58230820504976,117.59028316106563,117.59028900769736,117.59028900769736,0.0007359127509849461,0.0167618879683782,0.015999782771392242,17,38,17,164941.61402834396,7029.272048257278,7350.09636797616,179320.9824445774,radial,geometry,8453,1261,7192,6
amr_probe0010,25586,0.1,0.1,2.79078706e-06,2.789150744759313e-06,0.999413672485393,radian,1.0,1.0,1.05,2,113,1,13,3,41,77,35,1.0288887329583498,1.2680907846521299,0.5808673916793627,72.65624999999999,33.28125,0.009416985245752619,0.01693289630269944,4.166248729437713,11.639920069237839,4.157642011237063,0.2667582705950097,-0.021940989201627896,11.592101349601343,0.7740641320682442,-0.7153672051904112,1.3740556711404148,119.94828781010301,119.94835234965797,119.95612293298491,119.95612801031699,119.95612801031699,0.0007537163290440851,0.016835152525121026,0.016069716241591956,20,38,17,164658.75764996995,7141.181585624848,7466.0975462024035,179266.0367817972,radial,geometry,8453,1261,7192,7
amr_probe0010,25586,0.1,0.1,2.79078706e-06,2.789992705457094e-06,0.9997153654055905,radian,1.0,1.0,1.05,2,113,3,12,3,43,76,35,1.0304052102123866,1.2517283229146832,0.5808673916793627,71.71875,33.28125,0.009114429652903794,0.016360408489581195,4.252488973166592,11.526050208758583,4.252215090896684,0.006253880630262864,-0.047855789942573196,11.509626181396802,0.30564942101940273,-0.5337761803973236,1.3728622788422016,120.73015506300554,120.73017729527339,120.73795495686626,120.73794370766757,120.73795495686626,0.000759746059676436,0.01685996582616614,0.016009012675780306,21,38,17,164505.48284435738,7161.592738824256,7544.862506127214,179211.93808930885,radial,geometry,8453,1261,7192,8
amr_probe0010,25586,0.1,0.1,2.79078706e-06,2.7901225100909534e-06,0.9997618772429572,radian,1.0,1.0,1.05,2,106,15,12,3,35,76,35,1.0244111330764718,1.2517283229146832,0.5808673916793627,71.71875,33.28125,0.010656637199727547,0.01928143431671388,3.7616426734879473,12.13180054923388,3.7615419040803024,0.005470334705944504,-0.026984853004774288,12.115268869616562,0.3170588097003851,-0.5480132247333717,1.3783332338921666,117.52091696737389,117.52093898388715,117.52899399698829,117.52898302710753,117.52899399698829,0.0007359127509849461,0.016761887968378426,0.015915884985918678,17,38,17,164805.5163137789,7012.006317750418,7386.0779959215615,179203.60062745088,radial,geometry,8453,1261,7192,9
amr_probe0010,25586,0.1,0.1,2.79078706e-06,2.7906229499510407e-06,0.9999411957826122,radian,1.0,1.0,1.05,2,106,19,12,2,39,76,34,1.0273842912380753,1.2517283229146832,0.5645049299419158,71.71875,32.34374999999999,0.009820436091908741,0.017697752737661634,4.0174896152443855,11.80056355216503,3.9906446258598995,0.13250951785597465,-0.44431914922672977,11.713804788901525,0.4822498191642303,-1.3444376624111334,1.3755878278080764,119.0795983879261,119.07971480250228,119.0875301377832,119.0874402948178,119.0875301377832,0.000747734453416804,0.016810536155037043,0.015962077810085677,19,38,17,164590.99733332737,7091.983179841444,7488.483696559736,179171.46420972855,radial,geometry,8453,1261,7192,10
amr_probe0011,29174,0.11,0.11,2.78445439e-06,2.7793675494768668e-06,0.9981731284443365,radian,1.0,1.0,1.05,2,106,19,13,3,39,77,35,1.0273842912380753,1.2680907846521299,0.5808673916793627,72.65624999999999,33.28125,0.009724040945799251,0.017514267652799398,4.039563020805369,11.791853468192945,4.031593606454691,0.25353232894195415,-0.006614350545115661,11.743825825005409,0.7821330879061458,-0.7201604266220182,1.375204393741199,119.5800372386757,119.58010153061801,119.58790981559609,119.58791510919517,119.58791510919517,0.000747734453416804,0.016810536155036814,0.016046219092899005,19,38,17,165314.96518880985,7128.948240513487,7453.128289433921,179897.04171875725,radial,geometry,8509,1253,7256,1
amr_probe0011,29174,0.11,0.11,2.78445439e-06,2.7801893307084644e-06,0.9984682603145331,radian,1.0,1.0,1.05,2,106,17,13,3,37,77,35,1.0258917895314537,1.2680907846521299,0.5808673916793627,72.65624999999999,33.28125,0.010117841960267401,0.018260347133682405,3.920469016892155,11.943674145992583,3.9129474259852572,0.24271102775025002,0.0033333009325877743,11.895235291145989,0.7918115658143061,-0.7264736183574445,1.3765919274428497,118.73916771320432,118.73923231559428,118.74711207837525,118.7471176264516,118.7471176264516,0.000741800052992847,0.016786115152969145,0.01602290842951314,18,38,17,165343.98891821355,7088.586133348338,7411.291866878156,179843.86691844006,radial,geometry,8509,1253,7256,2
amr_probe0011,29174,0.11,0.11,2.78445439e-06,2.780365802632544e-06,0.9985316378741416,radian,1.0,1.0,1.05,2,113,1,13,3,41,77,35,1.0288887329583498,1.2680907846521299,0.5808673916793627,72.65624999999999,33.28125,0.00935671251021838,0.016819523245171844,4.157966810980002,11.641189707605163,4.149548348626928,0.26394906764419324,-0.01635216525451757,11.593568675866202,0.7725490971499787,-0.7138844856971588,1.3738516743591298,120.3471261091142,120.34719014334925,120.3549330921655,120.35493813711282,120.35493813711282,0.0007537163290440851,0.016835152525121026,0.016069716241591956,20,38,17,165177.18098249444,7164.703852835605,7490.5672566152725,179832.4520919453,radial,geometry,8509,1253,7256,3
amr_probe0011,29174,0.11,0.11,2.78445439e-06,2.7816928395307093e-06,0.9990082256404671,radian,1.0,1.0,1.05,2,113,1,12,3,41,76,35,1.0288887329583498,1.2517283229146832,0.5808673916793627,71.71875,33.28125,0.009421919443737796,0.016941886877714182,4.113690011256477,11.677453503204926,4.113515548490958,-0.0006766704550386269,-0.03787985152474617,11.661082419053125,0.3070716221676942,-0.5364551746627474,1.3740604676954555,120.30355286468931,120.30357485414387,120.31139417633054,120.3113830440709,120.31139417633054,0.0007537163290440851,0.01683515252512125,0.01598545174718465,20,38,17,165071.50715499176,7146.479407730762,7528.6744972216065,179746.66105994413,radial,geometry,8509,1253,7256,4
amr_probe0011,29174,0.11,0.11,2.78445439e-06,2.7821230596210843e-06,0.999162733500937,radian,1.0,1.0,1.05,2,106,19,12,3,39,76,35,1.0273842912380753,1.2517283229146832,0.5808673916793627,71.71875,33.28125,0.009801353344106959,0.01765923531836991,3.9924349380939903,11.828361404205685,3.9922964520586124,-0.0007352913636288971,-0.033245046855008564,11.811958703533593,0.309981591418133,-0.5400708356332292,1.3754270887116191,119.47624437232636,119.47626631757429,119.48415572743998,119.48414466195847,119.48415572743998,0.000747734453416804,0.016810536155037043,0.015962077810085785,19,38,17,165123.54380012598,7107.738261102495,7487.5834544106365,179718.8655156391,radial,geometry,8509,1253,7256,5
amr_probe0011,29174,0.11,0.11,2.78445439e-06,2.782839414837746e-06,0.9994200030109833,radian,1.0,1.0,1.05,2,106,15,13,3,35,77,35,1.0244111330764718,1.2680907846521299,0.5808673916793627,72.65624999999999,33.28125,0.010540433986120333,0.019062459569516355,3.8020337370728634,12.096644133734952,3.79495602187937,0.23148847829426897,0.013506082287390397,12.047788087711272,0.8015946123549763,-0.732835294776434,1.3780179382243143,117.82451430135546,117.82457927068762,117.83253695984608,117.83254276888637,117.83254276888637,0.0007359127509849461,0.0167618879683782,0.015999782771392242,17,38,17,165263.52496242433,7043.599483594667,7365.478052732289,179672.6024987513,radial,geometry,8509,1253,7256,6
amr_probe0011,29174,0.11,0.11,2.78445439e-06,2.7830810495245915e-06,0.9995067829157694,radian,1.0,1.0,1.05,2,113,3,12,3,43,76,35,1.0304052102123866,1.2517283229146832,0.5808673916793627,71.71875,33.28125,0.009067908377501379,0.016274008243533027,4.234309786902827,11.52769458639739,4.234095786001119,-0.0002799994454835897,-0.04256956693386151,11.511356288849635,0.30415493506537006,-0.5328307835448244,1.3727402054491555,121.05671929977068,121.05674134933047,121.06449682554218,121.06448561755383,121.06449682554218,0.000759746059676436,0.01685996582616614,0.016009012675780306,21,38,17,164911.4668507672,7180.606299752928,7564.929682872197,179657.00283339233,radial,geometry,8509,1253,7256,7
amr_probe0011,29174,0.11,0.11,2.78445439e-06,2.783253954662047e-06,0.9995688795110941,radian,1.0,1.0,1.05,2,113,3,13,3,43,77,35,1.0304052102123866,1.2680907846521299,0.5808673916793627,72.65624999999999,33.28125,0.009014375463074742,0.016173581639368002,4.275189446277998,11.491691182544127,4.266320973611488,0.2740039315659486,-0.02592290832253022,11.444473185303648,0.7630516407685669,-0.7076382828455385,1.3725555508210492,121.03643542668256,121.03649925736404,121.04418327391758,121.04418807565312,121.04418807565312,0.000759746059676436,0.01685996582616591,0.01609340136747445,21,38,17,164927.2393519751,7195.636601896496,7522.965979625927,179645.84193349752,radial,geometry,8509,1253,7256,8
amr_probe0011,29174,0.11,0.11,2.78445439e-06,2.7841898381224002e-06,0.9999049896889853,radian,1.0,1.0,1.05,2,106,17,12,3,37,76,35,1.0258917895314537,1.2517283229146832,0.5808673916793627,71.71875,33.28125,0.010206877269105857,0.018427291814185072,3.8714631816664915,11.98040935102808,3.871357024814022,-0.00037497740252541125,-0.028667277762304648,11.963976355176655,0.31287434109463563,-0.5436797197427564,1.3768256869457123,118.58375848469146,118.58378039952579,118.59174563447945,118.59173462739014,118.59174563447945,0.000741800052992847,0.01678611515296937,0.01593888938042421,18,38,17,165078.36165592808,7064.8937846052895,7442.199959731159,179585.45540026453,radial,geometry,8509,1253,7256,9
amr_probe0011,29174,0.11,0.11,2.78445439e-06,2.7856268942962256e-06,1.0004210894243541,radian,1.0,1.0,1.05,2,106,19,12,2,39,76,34,1.0273842912380753,1.2517283229146832,0.5645049299419158,71.71875,32.34374999999999,0.009785086987238052,0.017630346771872595,4.0132658939727754,11.801460880459443,3.9867612060897444,0.12927719575282026,-0.4419565906299342,11.714961600857656,0.4808591132965678,-1.3427315876990673,1.375443424356437,119.30356620379094,119.30368202041942,119.31148148064,119.31139202342963,119.31148148064,0.000747734453416804,0.016810536155037043,0.015962077810085677,19,38,17,164885.3315012145,7105.1129824080035,7502.365922461117,179492.81040608362,radial,geometry,8509,1253,7256,10
amr_probe0012,32768,0.12,0.12,2.78181096e-06,2.7767289815059663e-06,0.9981731402431336,radian,1.0,1.0,1.05,2,106,19,13,3,39,77,35,1.0273842912380753,1.2680907846521299,0.5808673916793627,72.65624999999999,33.28125,0.009706429564819536,0.01747969749274883,4.032201685684279,11.79338584121145,4.024316655569976,0.25200841518971273,-0.004201001165887372,11.745481838181442,0.7811809451570388,-0.7192790276103829,1.375092305777344,119.70402503834633,119.70408907992754,119.71188827311511,119.71189354651952,119.71189354651952,0.000747734453416804,0.016810536155036814,0.016046219092899005,19,38,17,165471.0508123778,7136.232633030026,7460.70422288225,180067.98766829006,radial,geometry,8593,1241,7352,1
amr_probe0012,32768,0.12,0.12,2.78181096e-06,2.7772018238027863e-06,0.9983431166734587,radian,1.0,1.0,1.05,2,113,1,13,3,41,77,35,1.0288887329583498,1.2680907846521299,0.5808673916793627,72.65624999999999,33.28125,0.00933607932099845,0.016779662532828737,4.1499422219676045,11.64273411667822,4.141621698658583,0.26230369172899515,-0.01367202161905612,11.595240553665986,0.7715791938586365,-0.7129654703329978,1.373738260712249,120.49602301504436,120.49608678031731,120.50381915999967,120.50382418578354,120.50382418578354,0.0007537163290440851,0.016835152525121026,0.016069716241591956,20,38,17,165364.2141958766,7173.449879442686,7499.665482298738,180037.329557618,radial,geometry,8593,1241,7352,2
amr_probe0012,32768,0.12,0.12,2.78181096e-06,2.7781358957346753e-06,0.9986788950370212,radian,1.0,1.0,1.05,2,106,17,13,3,37,77,35,1.0258917895314537,1.2680907846521299,0.5808673916793627,72.65624999999999,33.28125,0.0101040591566236,0.018232657678595412,3.9142417120055515,11.945189864836934,3.906791052718301,0.24133360458322087,0.005471901246360271,11.89687090594404,0.7908778058428845,-0.7256279008764511,1.3764856825606502,118.83520425719232,118.83526862981647,118.84314106878746,118.84314659616709,118.84314659616709,0.000741800052992847,0.016786115152969145,0.01602290842951314,18,38,17,165465.15356439096,7094.224815460467,7417.418567936277,179976.79694778772,radial,geometry,8593,1241,7352,3
amr_probe0012,32768,0.12,0.12,2.78181096e-06,2.7794940960225798e-06,0.9991671382380992,radian,1.0,1.0,1.05,2,113,3,13,3,43,77,35,1.0304052102123866,1.2680907846521299,0.5808673916793627,72.65624999999999,33.28125,0.008990515372234402,0.016127686294784976,4.266748767585611,11.493241610540856,4.257992292953631,0.27224830112999615,-0.022968268821151508,11.446155097643588,0.7620642206701411,-0.7066783727622636,1.372424268897469,121.21329095960694,121.2133544992978,121.22102612104997,121.22103090485011,121.22103090485011,0.000759746059676436,0.01685996582616591,0.01609340136747445,21,38,17,165149.0589443632,7206.021392619186,7533.770916738043,179888.85125372044,radial,geometry,8593,1241,7352,4
amr_probe0012,32768,0.12,0.12,2.78181096e-06,2.781185243301332e-06,0.9997750685766699,radian,1.0,1.0,1.05,2,113,1,12,3,41,76,35,1.0288887329583498,1.2517283229146832,0.5808673916793627,71.71875,33.28125,0.009419469689408032,0.01693513927954192,4.100931841063327,11.679262278026279,4.100776397561184,-0.003984230529093727,-0.03548278680231841,11.662943021224116,0.3061546349725595,-0.5359074379891348,1.3739654418634302,120.33783252705545,120.33785443427688,120.34567055497837,120.34565943231428,120.34567055497837,0.0007537163290440851,0.01683515252512125,0.01598545174718465,20,38,17,165100.0861155014,7148.711875697169,7530.668768264123,179779.4667594627,radial,geometry,8593,1241,7352,5
amr_probe0012,32768,0.12,0.12,2.78181096e-06,2.7813943539319386e-06,0.9998502392599454,radian,1.0,1.0,1.05,2,106,15,13,3,35,77,35,1.0244111330764718,1.2680907846521299,0.5808673916793627,72.65624999999999,33.28125,0.010531000494140854,0.01904243151124162,3.797257191809936,12.098139242665617,3.7902374312217857,0.2302741370720454,0.015369369319683515,12.049399526791087,0.8006786994684343,-0.7320230863231436,1.3779105777965077,117.89184436878963,117.89190912862765,117.899861285892,117.89986707399801,117.89986707399801,0.0007359127509849461,0.0167618879683782,0.015999782771392242,17,38,17,165348.60470482399,7047.543549140769,7369.802335951162,179765.9505899159,radial,geometry,8593,1241,7352,6
amr_probe0012,32768,0.12,0.12,2.78181096e-06,2.781657193108588e-06,0.9999447241765802,radian,1.0,1.0,1.05,2,106,17,14,3,37,78,35,1.0258917895314537,1.2844532463895768,0.5808673916793627,73.59375,33.28125,0.010008773119053746,0.01805381286672068,3.9542516342519933,11.872427675834455,3.929052766043797,0.4291818136969833,-0.12022195897554419,11.770130605523676,1.2611871910622992,-0.9099292917228232,1.3762226317505164,118.6722318898006,118.67236883097304,118.68012150599105,118.68016467201944,118.68016467201944,0.000741800052992847,0.01678611515296937,0.01610263775856752,18,39,17,165275.5632766166,7095.703933534512,7377.6972699883545,179748.96448013946,radial,geometry,8593,1241,7352,7
amr_probe0012,32768,0.12,0.12,2.78181096e-06,2.7816863911149282e-06,0.9999552202191798,radian,1.0,1.0,1.05,2,106,19,12,3,39,76,35,1.0273842912380753,1.2517283229146832,0.5808673916793627,71.71875,33.28125,0.009799522514519139,0.017653426989282784,3.9815183154319955,11.830155472990269,3.9813945996470435,-0.003830046785554158,-0.03115234763893045,11.813802483163656,0.30908571463199946,-0.5395511328208588,1.3753293304019059,119.50552790476802,119.50554977176704,119.51343623017696,119.51342517269877,119.51343623017696,0.000747734453416804,0.016810536155037043,0.015962077810085785,19,38,17,165148.12686126112,7109.664151975951,7489.286729626288,179747.07774286336,radial,geometry,8593,1241,7352,8
amr_probe0012,32768,0.12,0.12,2.78181096e-06,2.782238330095871e-06,1.0001536301718614,radian,1.0,1.0,1.05,2,113,3,12,3,43,76,35,1.0304052102123866,1.2517283229146832,0.5808673916793627,71.71875,33.28125,0.009063192923787976,0.01626291666411004,4.220330681199579,11.5295129670529,4.220140683105845,-0.0037850720191257357,-0.039866611333914684,11.513228832448739,0.30321476838471045,-0.5322517386964896,1.3726292696626259,121.1073077475518,121.1073297078723,121.11508080341103,121.11506960811984,121.11508080341103,0.000759746059676436,0.01685996582616614,0.016009012675780306,21,38,17,164959.6846140316,7183.814434988799,7567.920562818123,179711.41961183853,radial,geometry,8593,1241,7352,9
amr_probe0012,32768,0.12,0.12,2.78181096e-06,2.7826277567245254e-06,1.0002936204998363,radian,1.0,1.0,1.05,2,106,19,14,3,39,78,35,1.0273842912380753,1.2844532463895768,0.5808673916793627,73.59375,33.28125,0.009631150292968488,0.017339056490525973,4.06838236235049,11.72146822219735,4.042252758810145,0.4416766403307879,-0.129805337187769,11.620253699241898,1.2451442387876497,-0.901186481174238,1.3748910987511076,119.43811330516176,119.43824939687458,119.44593717322861,119.44597968569596,119.44597968569596,0.000747734453416804,0.016810536155037043,0.016126064414849418,19,39,17,165139.5112147573,7131.694831615275,7415.063089588949,179686.26913596154,radial,geometry,8593,1241,7352,10
amr_probe0013,36363,0.13,0.13,2.78189822e-06,2.7770239679377303e-06,0.9982478682982624,radian,1.0,1.0,1.05,2,106,19,13,3,39,77,35,1.0273842912380753,1.2680907846521299,0.5808673916793627,72.65624999999999,33.28125,0.009709912215755753,0.01748670595711084,4.02449803206283,11.794910041261547,4.016670302839716,0.2508691002172056,-0.00296359904606461,11.747084684870469,0.7805649612658803,-0.7187646549310429,1.375121275480535,119.69802401754723,119.69808795185617,119.70588804140195,119.70589330130956,119.70589330130956,0.000747734453416804,0.016810536155036814,0.016046219092899005,19,38,17,165452.79903764778,7135.8079263686905,7460.253172869293,180048.86013688578,radial,geometry,8649,1233,7416,1
amr_probe0013,36363,0.13,0.13,2.78189822e-06,2.777064479324651e-06,0.9982624307961385,radian,1.0,1.0,1.05,2,113,1,13,3,41,77,35,1.0288887329583498,1.2680907846521299,0.5808673916793627,72.65624999999999,33.28125,0.009336444989080896,0.016780704129424274,4.141742174824304,11.64428669973877,4.133485422233143,0.26110325623212444,-0.01231245261658108,11.596873919136396,0.7709557031957552,-0.7124291916234143,1.3737539946276722,120.50973142167913,120.50979506445991,120.51752692310812,120.51753193570129,120.51753193570129,0.0007537163290440851,0.016835152525121026,0.016069716241591956,20,38,17,165371.60690783258,7174.19280871481,7500.43389542624,180046.23361197364,radial,geometry,8649,1233,7416,2
amr_probe0013,36363,0.13,0.13,2.78189822e-06,2.778768532941976e-06,0.9988749814657045,radian,1.0,1.0,1.05,2,106,17,13,3,37,77,35,1.0258917895314537,1.2680907846521299,0.5808673916793627,72.65624999999999,33.28125,0.010110258314934697,0.018244669107218076,3.9073358837270047,11.946682731118809,3.899935869718085,0.2402720192949056,0.0065785325783498305,11.898440364040265,0.790269130108425,-0.7251343898805088,1.3765168095542035,118.8136134908426,118.8136777682076,118.82155216612294,118.82155767960936,118.82155767960936,0.000741800052992847,0.016786115152969145,0.01602290842951314,18,38,17,165426.8062435808,7092.875456913453,7416.140255368003,179935.82195586225,radial,geometry,8649,1233,7416,3
amr_probe0013,36363,0.13,0.13,2.78189822e-06,2.778906929137385e-06,0.9989247303006596,radian,1.0,1.0,1.05,2,113,3,13,3,43,77,35,1.0304052102123866,1.2680907846521299,0.5808673916793627,72.65624999999999,33.28125,0.00898787994853518,0.01612336882050314,4.258100170920982,11.4948189958741,4.249414275442542,0.270986986787765,-0.021481020788541895,11.447815451346347,0.7614334704515471,-0.7061191187752808,1.3724417229244732,121.24769902938091,121.24776243226661,121.25543225838771,121.25543702959905,121.25543702959905,0.000759746059676436,0.01685996582616591,0.01609340136747445,21,38,17,165183.05703507885,7207.987281716308,7535.816405815502,179926.86072261067,radial,geometry,8649,1233,7416,4
amr_probe0013,36363,0.13,0.13,2.78189822e-06,2.7805535673411446e-06,0.9995166420362944,radian,1.0,1.0,1.05,2,106,17,14,3,37,78,35,1.0258917895314537,1.2844532463895768,0.5808673916793627,73.59375,33.28125,0.010002177539292206,0.01804123417743705,3.9500465062682832,11.873758214591122,3.9249164296967147,0.42878128966209744,-0.1185117176264608,11.77159054653804,1.2606632196498175,-0.9091305680970981,1.3761966359220508,118.72465646930637,118.72479315717636,118.73254239893674,118.73258554205401,118.73258554205401,0.000741800052992847,0.01678611515296937,0.01610263775856752,18,39,17,165340.65897142197,7098.802945333058,7380.846482523953,179820.308399279,radial,geometry,8649,1233,7416,5
amr_probe0013,36363,0.13,0.13,2.78189822e-06,2.780821102896072e-06,0.9996128121811991,radian,1.0,1.0,1.05,2,106,19,14,3,39,78,35,1.0273842912380753,1.2844532463895768,0.5808673916793627,73.59375,33.28125,0.009619848294709661,0.01731775342085362,4.064092048857027,11.722825922147793,4.038028859773022,0.44134477519201,-0.12799179127511842,11.62174324403193,1.2446154896775334,-0.9003687320388194,1.3748531521830414,119.52209704958382,119.52223284610149,119.5299150852999,119.52995756474135,119.52995756474135,0.000747734453416804,0.016810536155037043,0.016126064414849418,19,39,17,165246.17949762873,7136.670642390201,7420.158215778392,179803.00835579733,radial,geometry,8649,1233,7416,6
amr_probe0013,36363,0.13,0.13,2.78189822e-06,2.782064686512055e-06,1.0000598391813398,radian,1.0,1.0,1.05,2,113,1,12,3,41,76,35,1.0288887329583498,1.2517283229146832,0.5808673916793627,71.71875,33.28125,0.009426823341396563,0.01694971589538501,4.090299419129381,11.680953697692853,4.090152166020425,-0.005990944742793397,-0.034186335130736864,11.664665601765696,0.3055646474606963,-0.5356173380788534,1.3740203877860397,120.30830778122359,120.3083296505953,120.31614838189859,120.31613725596029,120.31614838189859,0.0007537163290440851,0.01683515252512125,0.01598545174718465,20,38,17,165046.81804411273,7147.077470613815,7528.740851023311,179722.63636574987,radial,geometry,8649,1233,7416,7
amr_probe0013,36363,0.13,0.13,2.78189822e-06,2.7821753834100037e-06,1.0000996310389831,radian,1.0,1.0,1.05,2,106,15,13,3,35,77,35,1.0244111330764718,1.2680907846521299,0.5808673916793627,72.65624999999999,33.28125,0.010538614555259809,0.0190571981729007,3.791017335454433,12.099597330185878,3.7840421567215303,0.22928087969505828,0.016360686921962988,12.050932217064487,0.8000771366221445,-0.7315496072126232,1.3779466847859598,117.8634521206364,117.86351679274243,117.87147145052998,117.87147722408648,117.87147722408648,0.0007359127509849461,0.0167618879683782,0.015999782771392242,17,38,17,165301.6050974124,7045.790578783584,7368.089904432512,179715.48558062848,radial,geometry,8649,1233,7416,8
amr_probe0013,36363,0.13,0.13,2.78189822e-06,2.7822571337886515e-06,1.0001290175844937,radian,1.0,1.0,1.05,2,106,15,14,3,35,78,35,1.0244111330764718,1.2844532463895768,0.5808673916793627,73.59375,33.28125,0.010413193091161328,0.01882051756971076,3.8352810964331328,12.025829294243021,3.811065389804181,0.4162437410206758,-0.10910009786956691,11.922574616903576,1.2768004688228871,-0.9179135479192905,1.3775852053157516,117.84823268442047,117.84837037308515,117.85619329781848,117.85623714095622,117.85623714095622,0.0007359127509849461,0.016761887968378426,0.01607939702812913,17,39,17,165317.74398535732,7056.033142684287,7336.427916572895,179710.2050446145,radial,geometry,8649,1233,7416,9
amr_probe0013,36363,0.13,0.13,2.78189822e-06,2.7825113181185137e-06,1.0002203884074932,radian,1.0,1.0,1.05,2,113,5,13,3,45,77,35,1.0319338192844556,1.2680907846521299,0.5808673916793627,72.65624999999999,33.28125,0.008662212423882518,0.015510284990946966,4.373401514967207,11.346514011387999,4.3642857446801,0.2805704775553344,-0.03051158835421651,11.29991729125598,0.7519913072481651,-0.6998274753262487,1.3711662771079325,121.91244432399438,121.91250753414214,121.92012106676404,121.92012560176481,121.92012560176481,0.0007658240281540607,0.016884977633619153,0.016117275974364006,22,38,17,164890.09046007518,7237.243317456896,7566.454615785732,179693.7883933178,radial,geometry,8649,1233,7416,10
amr_probe0014,39957,0.14,0.14,2.78327759e-06,2.778293238858202e-06,0.9982091792928933,radian,1.0,1.0,1.05,2,113,1,13,3,41,77,35,1.0288887329583498,1.2680907846521299,0.5808673916793627,72.65624999999999,33.28125,0.009345879212504371,0.016798620334515346,4.133124449169566,11.64561795684464,4.124945223025503,0.25962902833556883,-0.011721220407288832,11.598274242367541,0.7702225836331384,-0.7121863290442122,1.3737932398549442,120.46266219259002,120.46272576406906,120.47046125848352,120.47046622690542,120.47046622690542,0.0007537163290440851,0.016835152525121026,0.016069716241591956,20,38,17,165297.82649807417,7171.309562337998,7497.468258678914,179966.60431909107,radial,geometry,8705,1225,7480,1
amr_probe0014,39957,0.14,0.14,2.78327759e-06,2.778510665047267e-06,0.9982872980510964,radian,1.0,1.0,1.05,2,106,19,13,3,39,77,35,1.0273842912380753,1.2680907846521299,0.5808673916793627,72.65624999999999,33.28125,0.009721562852857437,0.017508969266760595,4.016386516348351,11.796208702879374,4.008632246723395,0.24944380734277496,-0.0024384857048059226,11.748450892032048,0.7798374568109997,-0.7185366659767813,1.3751716026045007,119.63944879213122,119.63951266525058,119.64731731392318,119.64732252977633,119.64732252977633,0.000747734453416804,0.016810536155036814,0.016046219092899005,19,38,17,165363.71213999647,7132.238972957575,7456.570318700821,179952.52143165487,radial,geometry,8705,1225,7480,2
amr_probe0014,39957,0.14,0.14,2.78327759e-06,2.7798009997517476e-06,0.998750900642917,radian,1.0,1.0,1.05,2,113,3,13,3,43,77,35,1.0304052102123866,1.2680907846521299,0.5808673916793627,72.65624999999999,33.28125,0.008994762956098957,0.016136523499266277,4.249147311272086,11.496180889077626,4.240542848876919,0.2694724143187684,-0.020828769786939056,11.449247941042648,0.760695034153434,-0.7058609522693867,1.372476052985097,121.21565912614182,121.21572244641467,121.22339486019432,121.22339958713259,121.22339958713259,0.000759746059676436,0.01685996582616591,0.01609340136747445,21,38,17,165129.2082366593,7205.997243835548,7533.78515755905,179868.99063805392,radial,geometry,8705,1225,7480,3
amr_probe0014,39957,0.14,0.14,2.78327759e-06,2.7803313988149364e-06,0.9989414669971659,radian,1.0,1.0,1.05,2,106,17,13,3,37,77,35,1.0258917895314537,1.2680907846521299,0.5808673916793627,72.65624999999999,33.28125,0.010122948838256528,0.018269160100294314,3.899814553884657,11.947946848992519,3.8924838914975415,0.23889994038544363,0.007037585280093133,11.89977054649252,0.7895471970624505,-0.724920734142833,1.3765767159871065,118.75167962325469,118.7517438450697,118.75962320106578,118.75962867031913,118.75962867031913,0.000741800052992847,0.016786115152969145,0.01602290842951314,18,38,17,165333.2690416374,7089.104420947728,7412.303875920483,179834.6773385056,radial,geometry,8705,1225,7480,4
amr_probe0014,39957,0.14,0.14,2.78327759e-06,2.780629697862766e-06,0.9990486424542246,radian,1.0,1.0,1.05,2,106,19,14,3,39,78,35,1.0273842912380753,1.2844532463895768,0.5808673916793627,73.59375,33.28125,0.009619515365601567,0.017317383002453408,4.058136163296577,11.723990499435818,4.032169935880363,0.44045048160694167,-0.1267994530360097,11.623023900753175,1.2440014729389994,-0.8998494144618684,1.3748622395890258,119.53603920158778,119.5361748153914,119.54385653441716,119.54389896691536,119.54389896691536,0.000747734453416804,0.016810536155037043,0.016126064414849418,19,39,17,165256.9895457151,7137.446772039599,7420.948803215409,179815.3851209701,radial,geometry,8705,1225,7480,5
amr_probe0014,39957,0.14,0.14,2.78327759e-06,2.780746400826987e-06,0.9990905725026828,radian,1.0,1.0,1.05,2,106,17,14,3,37,78,35,1.0258917895314537,1.2844532463895768,0.5808673916793627,73.59375,33.28125,0.010004617056179882,0.018046189257490654,3.94424140047782,11.87488961813748,3.919209907409728,0.4278525099938446,-0.11737187310695323,11.772836168235422,1.2600537952173434,-0.9086233719179567,1.376217792701442,118.72149215420632,118.72162868481188,118.72937864048484,118.72942174311895,118.72942174311895,0.000741800052992847,0.01678611515296937,0.01610263775856752,18,39,17,165328.70023049755,7098.559140373848,7380.579219264411,179807.8385901358,radial,geometry,8705,1225,7480,6
amr_probe0014,39957,0.14,0.14,2.78327759e-06,2.7823037354923274e-06,0.9996501051453971,radian,1.0,1.0,1.05,2,113,1,14,3,41,78,35,1.0288887329583498,1.2844532463895768,0.5808673916793627,73.59375,33.28125,0.00926000136193946,0.016638283277501355,4.171216585473334,11.574229359880588,4.144299494913645,0.4530401422092699,-0.13632361839876347,11.474347077783333,1.2280426363471284,-0.8910980288388461,1.3735465466288301,120.27809998536436,120.2782347804399,120.28585423967064,120.28589603431192,120.28589603431192,0.0007537163290440851,0.01683515252512125,0.016149678484381563,20,39,17,165078.72986267228,7171.832521369469,7456.632636319765,179707.1950203615,radial,geometry,8705,1225,7480,7
amr_probe0014,39957,0.14,0.14,2.78327759e-06,2.782703838571367e-06,0.9997938576336424,radian,1.0,1.0,1.05,2,106,15,14,3,35,78,35,1.0244111330764718,1.2844532463895768,0.5808673916793627,73.59375,33.28125,0.010417633878485434,0.01882925090683517,3.8297104540597644,12.026925735448431,3.805594211299266,0.41529186611219726,-0.10801632654934469,11.923783459640246,1.2761957374816741,-0.9174176220430293,1.3776110754159192,117.8338544575261,117.83399200641846,117.84181644372626,117.84186025059101,117.84186025059101,0.0007359127509849461,0.016761887968378426,0.01607939702812913,17,39,17,165290.77129716153,7055.118643731089,7335.466396581916,179681.3563374745,radial,geometry,8705,1225,7480,8
amr_probe0014,39957,0.14,0.14,2.78327759e-06,2.7830821927161522e-06,0.9999297959770345,radian,1.0,1.0,1.05,2,113,5,13,3,45,77,35,1.0319338192844556,1.2680907846521299,0.5808673916793627,72.65624999999999,33.28125,0.008666784852803606,0.015519284309976839,4.364025385718644,11.347904091534353,4.3549953014428375,0.27900935977708163,-0.02978705699392937,11.30137953816913,0.7512477392313507,-0.6995531711128269,1.3712021527639104,121.89521250555089,121.89527562251409,121.90289081047334,121.90289530129573,121.90289530129573,0.0007658240281540607,0.016884977633619153,0.016117275974364006,22,38,17,164855.45801986667,7236.130412573236,7565.340604220879,179656.92903666076,radial,geometry,8705,1225,7480,9
amr_probe0014,39957,0.14,0.14,2.78327759e-06,2.783724406719201e-06,1.0001605361681516,radian,1.0,1.0,1.05,2,106,15,13,3,35,77,35,1.0244111330764718,1.2680907846521299,0.5808673916793627,72.65624999999999,33.28125,0.010551691556611464,0.0190825224880632,3.7840077835331263,12.100824011467504,3.7770980702313364,0.22795629882099055,0.01676304035169582,12.052223528788469,0.799360695840613,-0.7313496062563638,1.3780072331082711,117.80233559478852,117.80240021383743,117.81035986019207,117.81036558912064,117.81036558912064,0.0007359127509849461,0.0167618879683782,0.015999782771392242,17,38,17,165209.12040367106,7042.065689837316,7364.295522820991,179615.48161632937,radial,geometry,8705,1225,7480,10
amr_probe0015,43549,0.15,0.15,2.78602461e-06,2.7809374106389223e-06,0.9981740292807114,radian,1.0,1.0,1.05,2,113,1,13,3,41,77,35,1.0288887329583498,1.2680907846521299,0.5808673916793627,72.65624999999999,33.28125,0.009365031092536934,0.016834032162431123,4.124788786428269,11.646850086778256,4.116684814307165,0.2581799062262909,-0.011480780380913514,11.599564223087697,0.7695269373989022,-0.7120779950033943,1.3738335375849258,120.35215571801463,120.35221926730546,120.35996247161258,120.35996739084716,120.35996739084716,0.0007537163290440851,0.016835152525121026,0.016069716241591956,20,38,17,165140.25142519156,7164.659910140716,7490.577080613304,179795.48841594555,radial,geometry,8789,1213,7576,1
amr_probe0015,43549,0.15,0.15,2.78602461e-06,2.7813307084277613e-06,0.9983151973764373,radian,1.0,1.0,1.05,2,106,19,13,3,39,77,35,1.0273842912380753,1.2680907846521299,0.5808673916793627,72.65624999999999,33.28125,0.009742703342119746,0.017548061945020715,4.008410856090756,11.797406986699723,4.000729440382778,0.24802527881058253,-0.002235430980440497,11.749705884492743,0.7791455433033049,-0.7184396008702841,1.3752114813570142,119.52171676240002,119.52178061991815,119.5295935595201,119.52959872637314,119.52959872637314,0.000747734453416804,0.016810536155036814,0.016046219092899005,19,38,17,165195.69145952768,7125.151615253069,7449.221119649953,179770.06419443068,radial,geometry,8789,1213,7576,2
amr_probe0015,43549,0.15,0.15,2.78602461e-06,2.7822012209026915e-06,0.998627654226892,radian,1.0,1.0,1.05,2,113,3,13,3,43,77,35,1.0304052102123866,1.2680907846521299,0.5808673916793627,72.65624999999999,33.28125,0.00901161114912679,0.016167792628018318,4.240534492111264,11.497445232852451,4.232007588754531,0.26799655632923525,-0.020552209250422036,11.450571289915809,0.7599957961203418,-0.7057410338621004,1.3725203514388247,121.11561191008784,121.11567520030894,121.12335460361889,121.1233592811377,121.1233592811377,0.000759746059676436,0.01685996582616591,0.01609340136747445,21,38,17,164986.28876396816,7199.976109770887,7527.551741499835,179713.81661523887,radial,geometry,8789,1213,7576,3
amr_probe0015,43549,0.15,0.15,2.78602461e-06,2.782419231239365e-06,0.9987059056306632,radian,1.0,1.0,1.05,2,106,19,14,3,39,78,35,1.0273842912380753,1.2844532463895768,0.5808673916793627,73.59375,33.28125,0.009633096550479161,0.017342601522374768,4.051423639271194,11.72508519154039,4.025568705474659,0.4392650683477789,-0.12600119871630822,11.62421704133871,1.243405070363001,-0.8995247388071334,1.3748927304957308,119.46289920864137,119.46303476716537,119.47072177618634,119.47076417686468,119.47076417686468,0.000747734453416804,0.016810536155037043,0.016126064414849418,19,39,17,165150.34569873524,7133.025724976937,7416.364110852261,179699.73553456445,radial,geometry,8789,1213,7576,4
amr_probe0015,43549,0.15,0.15,2.78602461e-06,2.7827809950344624e-06,0.9988357550920782,radian,1.0,1.0,1.05,2,106,17,14,3,37,78,35,1.0258917895314537,1.2844532463895768,0.5808673916793627,73.59375,33.28125,0.010020478912356029,0.01807604477389619,3.9376324550845285,11.875950175931722,3.912713507810157,0.42664573802224076,-0.11660090635327279,11.77399378495884,1.2594604024218556,-0.9083074521849462,1.376265155642519,118.63808494245207,118.63822143694848,118.64597761674464,118.64602069281264,118.64602069281264,0.000741800052992847,0.01678611515296937,0.01610263775856752,18,39,17,165207.5036262371,7093.518796319207,7375.35200007697,179676.37442263326,radial,geometry,8789,1213,7576,5
amr_probe0015,43549,0.15,0.15,2.78602461e-06,2.783202663427684e-06,0.9989871063729349,radian,1.0,1.0,1.05,2,106,17,13,3,37,77,35,1.0258917895314537,1.2680907846521299,0.5808673916793627,72.65624999999999,33.28125,0.01014527024467951,0.018311174898824143,3.8921237194224627,11.94910951723656,3.8848636621622954,0.23750655671103438,0.007211741895681735,11.90098882572139,0.788858792421578,-0.724834484959934,1.3766417768328874,118.63251337691275,118.6325775890331,118.64046575269276,118.64047117311006,118.64047117311006,0.000741800052992847,0.016786115152969145,0.01602290842951314,18,38,17,165162.35171039656,7081.922840757859,7404.878049260055,179649.15260041447,radial,geometry,8789,1213,7576,6
amr_probe0015,43549,0.15,0.15,2.78602461e-06,2.7837130349571517e-06,0.9991702962584929,radian,1.0,1.0,1.05,2,113,1,14,3,41,78,35,1.0288887329583498,1.2844532463895768,0.5808673916793627,73.59375,33.28125,0.009270510788025895,0.016657490938676748,4.164276385468112,11.575356693265832,4.137470270379852,0.4518642225267954,-0.13548542611841824,11.475574281754218,1.227443262121057,-0.8907640083371465,1.3735599225038055,120.22161307299511,120.22174778672264,120.22937122492982,120.22941298054677,120.22941298054677,0.0007537163290440851,0.01683515252512125,0.016149678484381563,20,39,17,164994.72449379385,7168.407608269497,7453.0832624978075,179616.21536456118,radial,geometry,8789,1213,7576,7
amr_probe0015,43549,0.15,0.15,2.78602461e-06,2.784964722581708e-06,0.9996195699727535,radian,1.0,1.0,1.05,2,106,15,14,3,35,78,35,1.0244111330764718,1.2844532463895768,0.5808673916793627,73.59375,33.28125,0.010435811053187926,0.01886366807192391,3.823279598038848,12.027950500943636,3.7992764559675574,0.4140738115621798,-0.10727615992875973,11.924903925300177,1.2756053346531502,-0.9171099474518289,1.37766815208052,117.74121917808525,117.74135670778126,117.74918818777978,117.74923197277938,117.74923197277938,0.0007359127509849461,0.016761887968378426,0.01607939702812913,17,39,17,165156.30827306464,7049.519852552342,7329.659683539824,179535.4878091568,radial,geometry,8789,1213,7576,8
amr_probe0015,43549,0.15,0.15,2.78602461e-06,2.7852112470215306e-06,0.9997080560682954,radian,1.0,1.0,1.05,2,113,5,13,3,45,77,35,1.0319338192844556,1.2680907846521299,0.5808673916793627,72.65624999999999,33.28125,0.008681299604233132,0.01554626617193475,4.3550824900052465,11.349198743746573,4.346132463009324,0.2775027652002727,-0.02946733841057882,11.30273437414091,0.7505450266406571,-0.6994211575705104,1.3712458517912995,121.80716322706533,121.80722630496534,121.81484764265888,121.81485208382504,121.81485208382504,0.0007658240281540607,0.016884977633619153,0.016117275974364006,22,38,17,164728.91177370635,7230.826895782489,7559.858106049689,179519.59677553852,radial,geometry,8789,1213,7576,9
amr_probe0015,43549,0.15,0.15,2.78602461e-06,2.786202655220041e-06,1.0000639065496415,radian,1.0,1.0,1.05,2,106,19,14,4,39,78,36,1.0273842912380753,1.2844532463895768,0.5972298534168097,73.59375,34.21875,0.009618675706360156,0.017317100522368116,4.020556216849306,11.702450479413017,3.998130007765243,0.39749305822360975,-0.147743028656991,11.653900240403905,1.060369941240854,-0.09783658590032214,1.3749110334915235,119.32162813644986,119.32169373584482,119.32948421433653,119.32954868502512,119.32954868502512,0.000747734453416804,0.016810536155037043,0.016126064414849307,19,39,18,164924.62421665198,7122.13912562721,7408.955380561686,179455.71872284086,radial,geometry,8789,1213,7576,10
amr_probe0016,47137,0.16,0.16,2.78919e-06,2.784097028389819e-06,0.9981740320271544,radian,1.0,1.0,1.05,2,113,1,13,3,41,77,35,1.0288887329583498,1.2680907846521299,0.5808673916793627,72.65624999999999,33.28125,0.009387738343366942,0.016876588839107934,4.116818781657464,11.648018808465151,4.108781580714211,0.2568688331613262,-0.011366861555040504,11.600777140193346,0.7689684870687701,-0.7120388836436973,1.373904342781884,120.21857479636843,120.21863835713683,120.22639108605603,120.22639596379067,120.22639596379067,0.0007537163290440851,0.016835152525121026,0.016069716241591956,20,38,17,164952.53604964566,7156.64795667488,7482.2579949572455,179591.44200127778,radial,geometry,8873,1201,7672,1
amr_probe0016,47137,0.16,0.16,2.78919e-06,2.7845401636675978e-06,0.9983329080011034,radian,1.0,1.0,1.05,2,106,19,13,3,39,77,35,1.0273842912380753,1.2680907846521299,0.5808673916793627,72.65624999999999,33.28125,0.009766622751042646,0.01759273197683023,4.000750183845325,11.798540290820227,3.993133917977427,0.24673660994218463,-0.002142883777743161,11.75088254668449,0.7785892413979203,-0.7184087703483794,1.3752735366771913,119.38673453156558,119.38679840295234,119.39462100145333,119.39462612683829,119.39462612683829,0.000747734453416804,0.016810536155036814,0.016046219092899005,19,38,17,165005.01181554492,7117.045911444548,7440.8038628522245,179562.8615898417,radial,geometry,8873,1201,7672,2
amr_probe0016,47137,0.16,0.16,2.78919e-06,2.7851062808206205e-06,0.9985358763012274,radian,1.0,1.0,1.05,2,106,19,14,3,39,78,35,1.0273842912380753,1.2844532463895768,0.5808673916793627,73.59375,33.28125,0.009653006468375098,0.017379842370710035,4.04448733436322,11.726142037837535,4.0187426495713,0.4380239530613686,-0.12538074367957402,11.625351498994823,1.2429176440877086,-0.8993138197397498,1.374947980741856,119.35039257443991,119.3505281555623,119.35822323065888,119.35826561911031,119.35826561911031,0.000747734453416804,0.016810536155037043,0.016126064414849418,19,39,17,164990.7533903146,7126.259750366437,7409.349441315971,179526.36258199703,radial,geometry,8873,1201,7672,3
amr_probe0016,47137,0.16,0.16,2.78919e-06,2.7852992225828393e-06,0.9986050511377279,radian,1.0,1.0,1.05,2,113,3,13,3,43,77,35,1.0304052102123866,1.2680907846521299,0.5808673916793627,72.65624999999999,33.28125,0.009033096719997932,0.016208034486357777,4.232268050635514,11.498647884292229,4.22380952220358,0.266663059220503,-0.020415323158345485,11.451819001834897,0.7594351712234408,-0.7056932314116019,1.3725921013336786,120.98414088137882,120.98420417962164,120.9918928558676,120.99189749179631,120.99189749179631,0.000759746059676436,0.01685996582616591,0.01609340136747445,21,38,17,164802.4522235092,7192.099744763436,7519.374559285301,179513.92652755792,radial,geometry,8873,1201,7672,4
amr_probe0016,47137,0.16,0.16,2.78919e-06,2.7856168113458717e-06,0.9987189152929243,radian,1.0,1.0,1.05,2,106,17,14,3,37,78,35,1.0258917895314537,1.2844532463895768,0.5808673916793627,73.59375,33.28125,0.010042216240765772,0.018116878191805165,3.9308773741693326,11.876971117138147,3.9060686868327177,0.4254030385267181,-0.11600258321930339,11.775091301470038,1.2589742226555263,-0.9081033344654823,1.3763267388085365,118.51980162558979,118.5199381547027,118.52770296814501,118.52774603527986,118.52774603527986,0.000741800052992847,0.01678611515296937,0.01610263775856752,18,39,17,165039.09152823413,7086.398783915741,7367.969794599268,179493.46010674915,radial,geometry,8873,1201,7672,5
amr_probe0016,47137,0.16,0.16,2.78919e-06,2.7862258298924027e-06,0.998937264902141,radian,1.0,1.0,1.05,2,113,1,14,3,41,78,35,1.0288887329583498,1.2844532463895768,0.5808673916793627,73.59375,33.28125,0.009288530053170643,0.01669107135572143,4.157131824701939,11.576448293354948,4.130436033070089,0.4506237540361192,-0.1348384847300381,11.476744570376209,1.2269544760726032,-0.8905458262809051,1.3736094220266999,120.11627097725987,120.11640570035519,120.12403657927877,120.12407831910905,120.12407831910905,0.0007537163290440851,0.01683515252512125,0.016149678484381563,20,39,17,164845.62818348868,7162.0770975133455,7446.520803503432,179454.22608450544,radial,geometry,8873,1201,7672,6
amr_probe0016,47137,0.16,0.16,2.78919e-06,2.78647350633105e-06,0.9990260635994858,radian,1.0,1.0,1.05,2,106,17,13,3,37,77,35,1.0258917895314537,1.2680907846521299,0.5808673916793627,72.65624999999999,33.28125,0.010170550391755077,0.01835842300662275,3.884707879077931,11.95020580347344,3.8775114247715696,0.23623574831758798,0.007288878716132927,11.902127657616434,0.7883045446234614,-0.7248116390471178,1.376702521337318,118.49585438794539,118.49591861720471,118.50381669237977,118.50382207144034,118.50382207144034,0.000741800052992847,0.016786115152969145,0.01602290842951314,18,38,17,164968.21420846717,7073.706534158649,7396.354505269895,179438.2752478957,radial,geometry,8873,1201,7672,7
amr_probe0016,47137,0.16,0.16,2.78919e-06,2.7879366173127366e-06,0.9995506284307403,radian,1.0,1.0,1.05,2,106,15,14,3,35,78,35,1.0244111330764718,1.2844532463895768,0.5808673916793627,73.59375,33.28125,0.010459410730612411,0.018908284320999898,3.8167516347817996,12.028934172908079,3.792858289121598,0.4128363865702996,-0.10670125666880818,11.92596317102489,1.2751202761259157,-0.916912242761722,1.3777394774434437,117.61793206073374,117.61806963713661,117.62591033283842,117.62595411231639,117.62595411231639,0.0007359127509849461,0.016761887968378426,0.01607939702812913,17,39,17,164980.05743719178,7042.091376704744,7321.957108405553,179344.1059223021,radial,geometry,8873,1201,7672,8
amr_probe0016,47137,0.16,0.16,2.78919e-06,2.788213499400069e-06,0.9996498981424963,radian,1.0,1.0,1.05,2,113,5,13,3,45,77,35,1.0319338192844556,1.2680907846521299,0.5808673916793627,72.65624999999999,33.28125,0.008701411297356928,0.01558385106761701,4.346507191944823,11.35043374293509,4.337627170729718,0.2761459110190484,-0.029304149925073415,11.304015308175009,0.7499823854835341,-0.6993643447938788,1.3713149017481963,121.67955400443955,121.67961708571521,121.68724731111936,121.68725171055861,121.68725171055861,0.0007658240281540607,0.016884977633619153,0.016117275974364006,22,38,17,164551.1757579563,7223.189504219473,7551.930987226684,179326.29624940248,radial,geometry,8873,1201,7672,9
amr_probe0016,47137,0.16,0.16,2.78919e-06,2.7887789965612698e-06,0.9998526441587952,radian,1.0,1.0,1.05,2,106,19,14,4,39,78,36,1.0273842912380753,1.2844532463895768,0.5972298534168097,73.59375,34.21875,0.009637857940885688,0.017353068909985822,4.01355450392982,11.703585563500397,3.991195043940554,0.3964178948974677,-0.14776579389276734,11.655077487038,1.0599483170704918,-0.09794579344872252,1.374967822952671,119.21438816754089,119.21445376813065,119.2222520258738,119.22231649436898,119.22231649436898,0.000747734453416804,0.016810536155037043,0.016126064414849307,19,39,18,164771.92972595795,7115.69630008078,7402.307172873663,179289.9331989124,radial,geometry,8873,1201,7672,10
amr_probe0017,50721,0.17,0.17,2.79241311e-06,2.78731426122679e-06,0.9981740349395473,radian,1.0,1.0,1.05,2,113,1,13,3,41,77,35,1.0288887329583498,1.2680907846521299,0.5808673916793627,72.65624999999999,33.28125,0.009410892022358407,0.016920349747202724,4.109623298498718,11.649128355351435,4.101641138615742,0.255754637915666,-0.011540830259220737,11.601914748049044,0.7685376879199729,-0.7121203835739622,1.3739911081313245,120.08203392845141,120.08209752577865,120.08986013842764,120.08986497631057,120.08986497631057,0.0007537163290440851,0.016835152525121026,0.016069716241591956,20,38,17,164761.90561227823,7148.471901087107,7473.77265416305,179384.1501675284,radial,geometry,8922,1194,7728,1
amr_probe0017,50721,0.17,0.17,2.79241311e-06,2.787719813664462e-06,0.9983192686215622,radian,1.0,1.0,1.05,2,106,19,13,3,39,77,35,1.0273842912380753,1.2680907846521299,0.5808673916793627,72.65624999999999,33.28125,0.009790361884123303,0.0176375098342845,3.9937706034730396,11.799614277283718,3.9862088962990474,0.2456356821179778,-0.0023194616131334083,11.751983962677514,0.7781598191285439,-0.7184965758735959,1.3753521524470835,119.25275971893242,119.25282362686823,119.2606559953261,119.26066108086135,119.26066108086135,0.000747734453416804,0.016810536155036814,0.016046219092899005,19,38,17,164816.57620565876,7109.01131143502,7432.466168634852,179358.05368572864,radial,geometry,8922,1194,7728,2
amr_probe0017,50721,0.17,0.17,2.79241311e-06,2.7881119843013492e-06,0.9984597101040502,radian,1.0,1.0,1.05,2,106,19,14,3,39,78,35,1.0273842912380753,1.2844532463895768,0.5808673916793627,73.59375,33.28125,0.009675197918453114,0.017421638186428216,4.037832995841237,11.727161784338131,4.0121783839287835,0.4369070934307848,-0.1250284349606166,11.626424636667348,1.242557417817545,-0.8992356461805877,1.3750206348442,119.22380762218751,119.22394327830534,119.23164748756248,119.23168987459943,119.23168987459943,0.000747734453416804,0.016810536155037043,0.016126064414849418,19,39,17,164812.6832983307,7118.663764042782,7401.478453704575,179332.82551607804,radial,geometry,8922,1194,7728,3
amr_probe0017,50721,0.17,0.17,2.79241311e-06,2.7885616714089084e-06,0.9986207489940155,radian,1.0,1.0,1.05,2,113,3,13,3,43,77,35,1.0304052102123866,1.2680907846521299,0.5808673916793627,72.65624999999999,33.28125,0.009055727680079083,0.016250695484449042,4.224791678506973,11.499791573135191,4.216388797067802,0.26553088700844696,-0.02058122414729945,11.452991405428161,0.7590029826714623,-0.7057680674525103,1.3726788703118686,120.84489036437381,120.84495369851727,120.85265229762092,120.85265689364724,120.85265689364724,0.000759746059676436,0.01685996582616591,0.01609340136747445,21,38,17,164609.39928908186,7183.773943163003,7510.732837502284,179303.90606974714,radial,geometry,8922,1194,7728,4
amr_probe0017,50721,0.17,0.17,2.79241311e-06,2.7886985063433126e-06,0.9986697513905142,radian,1.0,1.0,1.05,2,106,17,14,3,37,78,35,1.0258917895314537,1.2844532463895768,0.5808673916793627,73.59375,33.28125,0.010065793381825911,0.018161309648184434,3.9244446697641853,11.877954899213254,3.899725683127912,0.42429640414464725,-0.11566383973821212,11.776127663239459,1.2586146059236816,-0.9080303522383353,1.3763986100092318,118.39072120474647,118.3908578155229,118.39863205384647,118.39867512146029,118.39867512146029,0.000741800052992847,0.01678611515296937,0.01610263775856752,18,39,17,164856.5310898273,7078.643710898885,7359.933244361913,179295.1080450881,radial,geometry,8922,1194,7728,5
amr_probe0017,50721,0.17,0.17,2.79241311e-06,2.7891668573264552e-06,0.9988374740607256,radian,1.0,1.0,1.05,2,113,1,14,3,41,78,35,1.0288887329583498,1.2844532463895768,0.5808673916793627,73.59375,33.28125,0.009309493047019722,0.01673057754332623,4.150242337781679,11.577503069313119,4.123636965741807,0.449496995158949,-0.1344696561545246,11.477853587665264,1.226593495456047,-0.8904620918260656,1.3736848234518126,119.99188858013129,119.99202337243558,119.99966315286933,119.99970488972268,119.99970488972268,0.0007537163290440851,0.01683515252512125,0.016149678484381563,20,39,17,164671.58207331054,7154.62244659175,7438.796670909553,179265.00119081186,radial,geometry,8922,1194,7728,6
amr_probe0017,50721,0.17,0.17,2.79241311e-06,2.789667717325552e-06,0.9990168386387327,radian,1.0,1.0,1.05,2,106,17,13,3,37,77,35,1.0258917895314537,1.2680907846521299,0.5808673916793627,72.65624999999999,33.28125,0.010195282842918905,0.01840485183034443,3.8779289671444577,11.951242759128675,3.8707865265176267,0.23514710589892288,0.007111886883805136,11.903191425994562,0.787876529224812,-0.7249054686314669,1.3767692988639288,118.36230899408085,118.36237326070986,118.37028109875229,118.37028643803107,118.37028643803107,0.000741800052992847,0.016786115152969145,0.01602290842951314,18,38,17,164779.11978311243,7065.686558433513,7388.009414500025,179232.81575604598,radial,geometry,8922,1194,7728,7
amr_probe0017,50721,0.17,0.17,2.79241311e-06,2.7910754563983877e-06,0.9995209685856216,radian,1.0,1.0,1.05,2,106,15,14,3,35,78,35,1.0244111330764718,1.2844532463895768,0.5808673916793627,73.59375,33.28125,0.010484317514564597,0.018955416121759026,3.810550485705818,12.029880789333241,3.7867462522435127,0.41174291393278184,-0.10637479992318284,11.926961592078543,1.2747610895594723,-0.9168441259000186,1.3778160149843734,117.48738600385036,117.48752366867913,117.49537409325193,117.49541787517816,117.49541787517816,0.0007359127509849461,0.016761887968378426,0.01607939702812913,17,39,17,164794.35878588742,7034.238459869103,7313.818575993241,179142.41582174978,radial,geometry,8922,1194,7728,8
amr_probe0017,50721,0.17,0.17,2.79241311e-06,2.7914821247307534e-06,0.9996666018842582,radian,1.0,1.0,1.05,2,113,5,13,3,45,77,35,1.0319338192844556,1.2680907846521299,0.5808673916793627,72.65624999999999,33.28125,0.008723279124397083,0.015624786916167251,4.338707168453553,11.351610168009039,4.329883509092458,0.27499262962536525,-0.029457510606881544,11.305221116089076,0.749548885705983,-0.6994321916503209,1.3713926472506395,121.53953874049694,121.53960185519624,121.54724182877926,121.54724618815071,121.54724618815071,0.0007658240281540607,0.016884977633619153,0.016117275974364006,22,38,17,164358.23470789238,7214.8294834485405,7543.25382850901,179116.31801984992,radial,geometry,8922,1194,7728,9
amr_probe0017,50721,0.17,0.17,2.79241311e-06,2.791742063275408e-06,0.9997596893087957,radian,1.0,1.0,1.05,2,106,19,14,4,39,78,36,1.0273842912380753,1.2844532463895768,0.5972298534168097,73.59375,34.21875,0.0096597691946195,0.017394413536547533,4.006906072317741,11.704659714740393,3.9845871299706257,0.39556430613681637,-0.14795457329780065,11.656181497832508,1.059651273176448,-0.0981382020890146,1.3750426534649354,119.09003345522429,119.09009908512719,119.09790642980252,119.09797092210604,119.09797092210604,0.000747734453416804,0.016810536155037043,0.016126064414849307,19,39,18,164596.78386184142,7108.248638466822,7394.608035026763,179099.640535335,radial,geometry,8922,1194,7728,10
amr_probe0018,54301,0.18,0.18,2.795469e-06,2.7904108887691615e-06,0.9981906037123508,radian,1.0,1.0,1.05,2,113,1,13,3,41,77,35,1.0288887329583498,1.2680907846521299,0.5808673916793627,72.65624999999999,33.28125,0.009433309316189332,0.016962979596403374,4.103064157470752,11.650221004162711,4.09512147686979,0.2548208091678561,-0.013487965598868109,11.602983148442632,0.7681645499661046,-0.7129899907892632,1.3740852629601186,119.95051762808274,119.95058133055855,119.95835353178309,119.95835826963253,119.95835826963253,0.0007537163290440851,0.016835152525121026,0.016069716241591956,20,38,17,164578.76528262513,7140.605002631941,7465.710310722096,179185.08059597915,radial,geometry,8957,1189,7768,1
amr_probe0018,54301,0.18,0.18,2.795469e-06,2.7907243782860663e-06,0.9983027457239076,radian,1.0,1.0,1.05,2,106,19,13,3,39,77,35,1.0273842912380753,1.2680907846521299,0.5808673916793627,72.65624999999999,33.28125,0.009812940943116227,0.017680479090203285,3.9874268421151635,11.800671308496977,3.979908260070118,0.24471457573947347,-0.004223631944586436,11.75301629841089,0.7777895442501347,-0.7193710067322174,1.3754413342036316,119.12615414007857,119.1262181516357,119.13405987212775,119.1340648582899,119.1340648582899,0.000747734453416804,0.016810536155036814,0.016046219092899005,19,38,17,164638.8311374007,7101.425757446687,7424.695362844523,179164.9522576919,radial,geometry,8957,1189,7768,2
amr_probe0018,54301,0.18,0.18,2.795469e-06,2.791189685647099e-06,0.9984691962769393,radian,1.0,1.0,1.05,2,106,19,14,3,39,78,35,1.0273842912380753,1.2844532463895768,0.5808673916793627,73.59375,33.28125,0.00969795602329377,0.017464557336283396,4.031313092112858,11.728183690527034,4.005669464972724,0.43607107456795746,-0.12625134435246735,11.627431100384033,1.2423358262322028,-0.8998557547887619,1.3750970028322809,119.09421172404575,119.09434755185312,119.10206103915604,119.10210337346852,119.10210337346852,0.000747734453416804,0.016810536155037043,0.016126064414849418,19,39,17,164630.66059657294,7110.905387625371,7393.518446325413,179135.0844305237,radial,geometry,8957,1189,7768,3
amr_probe0018,54301,0.18,0.18,2.795469e-06,2.7917568447335486e-06,0.9986720814051412,radian,1.0,1.0,1.05,2,113,3,13,3,43,77,35,1.0304052102123866,1.2680907846521299,0.5808673916793627,72.65624999999999,33.28125,0.009078003561427348,0.016292841172516316,4.2179206137531615,11.500918528429777,4.209553872510744,0.26457762209053204,-0.022565022547393874,11.45409457145649,0.758627011578184,-0.7066325799269636,1.3727703394578163,120.70836086841533,120.70842430862828,120.71613265633175,120.71613715155331,120.71613715155331,0.000759746059676436,0.01685996582616591,0.01609340136747445,21,38,17,164420.69898242003,7175.620136232164,7502.373141461539,179098.69226011375,radial,geometry,8957,1189,7768,4
amr_probe0018,54301,0.18,0.18,2.795469e-06,2.791786517331949e-06,0.998682695938302,radian,1.0,1.0,1.05,2,106,17,14,3,37,78,35,1.0258917895314537,1.2844532463895768,0.5808673916793627,73.59375,33.28125,0.010089480500274636,0.018205996885099204,3.918199341363769,11.878941101273277,3.8934937733073953,0.42348186801163523,-0.11685642192617998,11.777097674633241,1.2583966825523272,-0.9086527604146489,1.3764723088926052,118.26148452088141,118.26162130597977,118.26940490859319,118.26944792540144,118.26944792540144,0.000741800052992847,0.01678611515296937,0.01610263775856752,18,39,17,164673.90988507395,7070.896731910522,7351.982086558419,179096.7887035429,radial,geometry,8957,1189,7768,5
amr_probe0018,54301,0.18,0.18,2.795469e-06,2.7922430044007464e-06,0.9988459912811576,radian,1.0,1.0,1.05,2,113,1,14,3,41,78,35,1.0288887329583498,1.2844532463895768,0.5808673916793627,73.59375,33.28125,0.0093314286598118,0.016771928064574386,4.143439887551343,11.57855990056081,4.116843007928736,0.4486395686138095,-0.13572135901832602,11.478895750384687,1.2263681544427305,-0.8910796106094359,1.3737638216841819,119.8617120558386,119.86184701760818,119.86949601542804,119.86953769772647,119.86953769772647,0.0007537163290440851,0.01683515252512125,0.016149678484381563,20,39,17,164489.85546429016,7146.839650220234,7430.814128764389,179067.50924327478,radial,geometry,8957,1189,7768,6
amr_probe0018,54301,0.18,0.18,2.795469e-06,2.7926288369346726e-06,0.9989840119617398,radian,1.0,1.0,1.05,2,106,17,13,3,37,77,35,1.0258917895314537,1.2680907846521299,0.5808673916793627,72.65624999999999,33.28125,0.01021834611704316,0.018448567710659457,3.871770564869461,11.952262800599781,3.864675011685796,0.23423656662856984,0.005252798781511886,11.904186338496082,0.7875091316238845,-0.7257844312008938,1.3768469671331052,118.23874981262806,118.23881418179047,118.24673118639629,118.24673642693207,118.24673642693207,0.000741800052992847,0.016786115152969145,0.01602290842951314,18,38,17,164604.31446565787,7058.272070298995,7380.1825521202645,179042.76908807713,radial,geometry,8957,1189,7768,7
amr_probe0018,54301,0.18,0.18,2.795469e-06,2.794156194966082e-06,0.9995303811153271,radian,1.0,1.0,1.05,2,106,15,14,3,35,78,35,1.0244111330764718,1.2844532463895768,0.5808673916793627,73.59375,33.28125,0.01050884803168277,0.01900177229812566,3.804575810064761,12.03083021854712,3.7807873261285123,0.410950566220633,-0.10753567426154839,11.927894105439147,1.2745467313352585,-0.917468575254324,1.3778887314408235,117.3594436690721,117.35958151029358,117.36744135527024,117.3674850880831,117.3674850880831,0.0007359127509849461,0.016761887968378426,0.01607939702812913,17,39,17,164612.40639503492,7026.558830585297,7305.934454932301,178944.89968055254,radial,geometry,8957,1189,7768,8
amr_probe0018,54301,0.18,0.18,2.795469e-06,2.794731140256807e-06,0.9997360515379734,radian,1.0,1.0,1.05,2,113,5,13,3,45,77,35,1.0319338192844556,1.2680907846521299,0.5808673916793627,72.65624999999999,33.28125,0.00874510815367519,0.01566582408229708,4.331477264752844,11.35277018645076,4.322686624501887,0.27401647850010635,-0.03147397232110146,11.306357820231622,0.7491700982287163,-0.700291304510112,1.3714774768028284,121.40015859259746,121.40022181284402,121.40787151936631,121.40787577700672,121.40787577700672,0.0007658240281540607,0.016884977633619153,0.016117275974364006,22,38,17,164166.83704791547,7206.517570718565,7534.7316719331575,178908.08629056718,radial,geometry,8957,1189,7768,9
amr_probe0018,54301,0.18,0.18,2.795469e-06,2.7948112995486985e-06,0.9997647262583482,radian,1.0,1.0,1.05,2,106,19,14,4,39,78,36,1.0273842912380753,1.2844532463895768,0.5972298534168097,73.59375,34.21875,0.009682408641462179,0.01743714462037586,4.000470178276633,11.705677890941043,3.9781723940396523,0.3943591230910296,-0.1496226340376906,11.657232913767116,1.0592478494691082,-0.09904379862294674,1.3751201006180118,118.96107097613263,118.9611366339441,118.96895343376906,118.96901793207068,118.96901793207068,0.000747734453416804,0.016810536155037043,0.016126064414849307,19,39,18,164415.73404329224,7100.505983629471,7386.714917027169,178902.95494394886,radial,geometry,8957,1189,7768,10
amr_probe0019,57877,0.19,0.19,2.79853509e-06,2.793546498665702e-06,0.9982174276277173,radian,1.0,1.0,1.05,2,113,1,13,3,41,77,35,1.0288887329583498,1.2680907846521299,0.5808673916793627,72.65624999999999,33.28125,0.009455463853090741,0.01700476178941619,4.095310473963035,11.651076732587326,4.087402143458942,0.25396227625025497,-0.014654625221343927,11.603812485607659,0.7678607846180295,-0.713802944053451,1.3741638089273525,119.81871098430169,119.81877479504678,119.82655643626885,119.82656108477586,119.82656108477586,0.0007537163290440851,0.016835152525121026,0.016069716241591956,20,38,17,164393.64806604636,7132.725321813255,7457.58132304924,178983.95471090885,radial,geometry,9034,1178,7856,1
amr_probe0019,57877,0.19,0.19,2.79853509e-06,2.79371132278199e-06,0.9982763241971677,radian,1.0,1.0,1.05,2,106,19,13,3,39,77,35,1.0273842912380753,1.2680907846521299,0.5808673916793627,72.65624999999999,33.28125,0.009834869090222752,0.017721992810049103,3.9800280147036022,11.801497611044551,3.972545818327202,0.2438722725486497,-0.0053883020067006905,11.753815901635038,0.7774891848055269,-0.7201862130532785,1.3755191334564103,119.00160834505292,119.00167246222335,119.00952327738676,119.00952817500122,119.00952817500122,0.000747734453416804,0.016810536155036814,0.016046219092899005,19,38,17,164462.42074123333,7093.967405328974,7417.006821854755,178973.39496841707,radial,geometry,9034,1178,7856,2
amr_probe0019,57877,0.19,0.19,2.79853509e-06,2.794392358174889e-06,0.9985196784417982,radian,1.0,1.0,1.05,2,106,19,14,3,39,78,35,1.0273842912380753,1.2844532463895768,0.5808673916793627,73.59375,33.28125,0.009721133236627688,0.0175082567665701,4.023887716492419,11.728984619923054,3.9982659376679144,0.43528820001927715,-0.12675184238135265,11.628204566273814,1.2422284839905684,-0.9004483176967142,1.3751740083342483,118.9602776158404,118.96041363950594,118.96813667541663,118.96817897929938,118.96817897929938,0.000747734453416804,0.016810536155037043,0.016126064414849418,19,39,17,164441.63969616353,7102.892125166295,7385.244642332828,178929.77646366265,radial,geometry,9034,1178,7856,3
amr_probe0019,57877,0.19,0.19,2.79853509e-06,2.794931711131648e-06,0.9987124053290495,radian,1.0,1.0,1.05,2,106,17,14,3,37,78,35,1.0258917895314537,1.2844532463895768,0.5808673916793627,73.59375,33.28125,0.010113126555650656,0.018250613275572355,3.911144539098321,11.879712418045031,3.8864607622582485,0.42272779559115714,-0.1173693315150511,11.777840991593216,1.2582928876950246,-0.909245687906168,1.3765457814832593,118.13081668730713,118.13095366700227,118.13874670842046,118.13878969571014,118.13878969571014,0.000741800052992847,0.01678611515296937,0.01610263775856752,18,39,17,164488.2794723083,7063.0681026299735,7343.899850464324,178895.24742540257,radial,geometry,9034,1178,7856,4
amr_probe0019,57877,0.19,0.19,2.79853509e-06,2.7950296698397564e-06,0.9987474088951861,radian,1.0,1.0,1.05,2,113,3,13,3,43,77,35,1.0304052102123866,1.2680907846521299,0.5808673916793627,72.65624999999999,33.28125,0.009100261733645547,0.01633449783676036,4.209756798165618,11.501802711052836,4.201422646358206,0.2636985832039104,-0.023729803755908305,11.45495266856291,0.7583199050109852,-0.7074432038192028,1.3728421405598874,120.56991986976034,120.56998341991908,120.57770142750897,120.57770583244148,120.57770583244148,0.000759746059676436,0.01685996582616591,0.01609340136747445,21,38,17,164227.77647496518,7167.357351529885,7493.843773755546,178888.9776002506,radial,geometry,9034,1178,7856,5
amr_probe0019,57877,0.19,0.19,2.79853509e-06,2.7954951940300988e-06,0.9989137545636774,radian,1.0,1.0,1.05,2,106,17,13,3,37,77,35,1.0258917895314537,1.2680907846521299,0.5808673916793627,72.65624999999999,33.28125,0.010240193950096928,0.018489947474107517,3.8646843403567726,11.953058696057315,3.85762743102482,0.2334071541217664,0.0040932149326196356,11.904955232063442,0.7872121883415119,-0.726601737187066,1.3769190137323095,118.12041414536155,118.12047861760719,118.1284043815328,118.12840953424427,118.12840953424427,0.000741800052992847,0.016786115152969145,0.01602290842951314,18,38,17,164435.2889387138,7051.173571552594,7372.725324422664,178859.18783468907,radial,geometry,9034,1178,7856,6
amr_probe0019,57877,0.19,0.19,2.79853509e-06,2.7955131865048765e-06,0.9989201838111941,radian,1.0,1.0,1.05,2,113,1,14,3,41,78,35,1.0288887329583498,1.2844532463895768,0.5808673916793627,73.59375,33.28125,0.009354215873673218,0.016814796974560318,4.135618501152724,11.579390206260818,4.1090436563375565,0.44782650385522704,-0.13620587297760614,11.479699166365405,1.2262571006353926,-0.8916715324263942,1.3738419375120485,119.72421414854439,119.72434930737104,119.73200796204343,119.7320496129201,119.7320496129201,0.0007537163290440851,0.01683515252512125,0.016149678484381563,20,39,17,164297.08126499347,7138.624630015526,7422.330766635566,178858.03666164455,radial,geometry,9034,1178,7856,7
amr_probe0019,57877,0.19,0.19,2.79853509e-06,2.797235338862665e-06,0.9995355601786166,radian,1.0,1.0,1.05,2,106,15,14,3,35,78,35,1.0244111330764718,1.2844532463895768,0.5808673916793627,73.59375,33.28125,0.010532906334935284,0.019047195690027666,3.797865540437696,12.031571356347575,3.7740989044786013,0.41022405525448924,-0.1080571466775623,11.928606743664684,1.2744462720890504,-0.918061630523329,1.377958253137126,117.23255763907964,117.2326956730378,117.24056481440167,117.24060851834378,117.24060851834378,0.0007359127509849461,0.016761887968378426,0.01607939702812913,17,39,17,164430.89811334404,7018.946140888561,7298.0762562012005,178747.9205104338,radial,geometry,9034,1178,7856,8
amr_probe0019,57877,0.19,0.19,2.79853509e-06,2.798051344270844e-06,0.9998271432325846,radian,1.0,1.0,1.05,2,106,19,14,4,39,78,36,1.0273842912380753,1.2844532463895768,0.5972298534168097,73.59375,34.21875,0.009705682501183165,0.01748097305533773,3.9928528437301325,11.706434936138123,3.9705544416456653,0.3934985123008334,-0.15076530910231165,11.658015544404318,1.058920139477773,-0.09990304635404797,1.3751954003835622,118.82603767025462,118.82610337101146,118.83392999786948,118.83399451793153,118.83399451793153,0.000747734453416804,0.016810536155037043,0.016126064414849307,19,39,18,164224.95613453764,7092.4227169545375,7378.412783559857,178695.79163505204,radial,geometry,9034,1178,7856,9
amr_probe0019,57877,0.19,0.19,2.79853509e-06,2.798091236648794e-06,0.9998413979682471,radian,1.0,1.0,1.05,2,113,5,13,3,45,77,35,1.0319338192844556,1.2680907846521299,0.5808673916793627,72.65624999999999,33.28125,0.008767115109527365,0.015706789826215352,4.322881661523988,11.35368183277888,4.314122042515683,0.27311509686858576,-0.03263442481756682,11.307243683709414,0.7488597279849066,-0.7010995257373731,1.3715448425188426,121.25743168367167,121.25749501458725,121.26515448041317,121.2651586466831,121.2651586466831,0.0007658240281540607,0.016884977633619153,0.016117275974364006,22,38,17,163969.2833349461,7198.011878635284,7525.948756131982,178693.2439697134,radial,geometry,9034,1178,7856,10
amr_probe0020,61449,0.2,0.2,2.80140955e-06,2.7964884257630057e-06,0.9982433399511348,radian,1.0,1.0,1.05,2,113,1,13,3,41,77,35,1.0288887329583498,1.2680907846521299,0.5808673916793627,72.65624999999999,33.28125,0.009476251820945778,0.017043973883161787,4.089380219522678,11.651751095646864,4.0815378670319005,0.2527310664113889,-0.014360636427021291,11.60452715270311,0.7673228327998516,-0.7137708507274472,1.3742374610035963,119.69414370216806,119.6942075281352,119.70199821228765,119.70200282027272,119.70200282027272,0.0007537163290440851,0.016835152525121026,0.016069716241591956,20,38,17,164220.59682871407,7125.253489667251,7449.811910607824,178795.66222898915,radial,geometry,9069,1173,7896,1
amr_probe0020,61449,0.2,0.2,2.80140955e-06,2.796511573399405e-06,0.9982516028045256,radian,1.0,1.0,1.05,2,106,19,13,3,39,77,35,1.0273842912380753,1.2680907846521299,0.5808673916793627,72.65624999999999,33.28125,0.009855426071185317,0.017760885258001763,3.974383784645287,11.802146120575642,3.9669654270309795,0.24266374381440572,-0.00510644987121439,11.754504502415365,0.7769518851164584,-0.7201546516753106,1.3755907651231074,118.88396605039048,118.88403018033385,118.89188969115004,118.89189454846773,118.89189454846773,0.000747734453416804,0.016810536155036814,0.016046219092899005,19,38,17,164297.62604356674,7086.897903566809,7409.65833197148,178794.182279105,radial,geometry,9069,1173,7896,2
amr_probe0020,61449,0.2,0.2,2.80140955e-06,2.7976021407541764e-06,0.9986408951715668,radian,1.0,1.0,1.05,2,106,19,14,3,39,78,35,1.0273842912380753,1.2844532463895768,0.5808673916793627,73.59375,33.28125,0.009744251603317324,0.017551803908449123,4.017495848187325,11.72960787231162,3.9920015821979007,0.43400131672408326,-0.12585354589210992,11.628891391173397,1.241810025996254,-0.900274241452666,1.3752488297079772,118.8253901780715,118.82552627826759,118.83325908424865,118.8333013942549,118.8333013942549,0.000747734453416804,0.016810536155037043,0.016126064414849418,19,39,17,164252.86717663688,7094.792176823936,7376.824988408545,178724.48434186936,radial,geometry,9069,1173,7896,3
amr_probe0020,61449,0.2,0.2,2.80140955e-06,2.798082480244898e-06,0.9988123586731179,radian,1.0,1.0,1.05,2,106,17,14,3,37,78,35,1.0258917895314537,1.2844532463895768,0.5808673916793627,73.59375,33.28125,0.010136702407799077,0.018295102586770688,3.905079383794411,11.880309391822538,3.88051900362011,0.421477520388847,-0.11650732202825588,11.778501204234983,1.2578742680834747,-0.9090725784860892,1.3766188933359713,117.99929226564277,117.99942932100026,118.00723203742024,118.00727503084022,118.00727503084022,0.000741800052992847,0.01678611515296937,0.01610263775856752,18,39,17,164302.9652436485,7055.158890463093,7335.679043641151,178693.80317775274,radial,geometry,9069,1173,7896,4
amr_probe0020,61449,0.2,0.2,2.80140955e-06,2.79810851470784e-06,0.9988216520172283,radian,1.0,1.0,1.05,2,113,3,13,3,43,77,35,1.0304052102123866,1.2680907846521299,0.5808673916793627,72.65624999999999,33.28125,0.009121195077814597,0.016373717135084467,4.203422151902907,11.502502138952522,4.195156332563222,0.2624363002578573,-0.023416250120866393,11.455692618940745,0.7577813223114741,-0.7074104498166232,1.3729111089668389,120.43880855472855,120.43887212170199,120.44659941816818,120.44660378225738,120.44660378225738,0.000759746059676436,0.01685996582616591,0.01609340136747445,21,38,17,164046.9560412658,7159.506547225085,7485.677967111044,178692.14055560195,radial,geometry,9069,1173,7896,5
amr_probe0020,61449,0.2,0.2,2.80140955e-06,2.7981807564213936e-06,0.9988474396474423,radian,1.0,1.0,1.05,2,106,17,13,3,37,77,35,1.0258917895314537,1.2680907846521299,0.5808673916793627,72.65624999999999,33.28125,0.010260674505460537,0.018528714563268704,3.8592460010308267,11.953680579245708,3.852250862397677,0.23221521932732206,0.004368242386021143,11.905616995014622,0.78667561930881,-0.7265705943954037,1.3769854129234402,118.00860898244447,118.00867346526844,118.01660761076414,118.01661272338961,118.01661272338961,0.000741800052992847,0.016786115152969145,0.01602290842951314,18,38,17,164277.31952297557,7044.442490267052,7365.765178336087,178687.5271915787,radial,geometry,9069,1173,7896,6
amr_probe0020,61449,0.2,0.2,2.80140955e-06,2.7987898324563227e-06,0.9990648573523719,radian,1.0,1.0,1.05,2,113,1,14,3,41,78,35,1.0288887329583498,1.2844532463895768,0.5808673916793627,73.59375,33.28125,0.009376945676437338,0.01685764737464602,4.128911559864051,11.580039952332296,4.102468167923184,0.4465058940362486,-0.135270421552062,11.480412862387098,1.225838630526187,-0.8914961910511459,1.373923120937713,119.58572965997666,119.58586489736423,119.59353349091108,119.59357514826561,119.59357514826561,0.0007537163290440851,0.01683515252512125,0.016149678484381563,20,39,17,164104.62172440585,7130.320869135267,7413.698401835557,178648.64099537666,radial,geometry,9069,1173,7896,7
amr_probe0020,61449,0.2,0.2,2.80140955e-06,2.800320725055523e-06,0.99961132960924,radian,1.0,1.0,1.05,2,106,15,14,3,35,78,35,1.0244111330764718,1.2844532463895768,0.5808673916793627,73.59375,33.28125,0.01055689029592886,0.019092564215934037,3.7920454165493136,12.032141866376465,3.768398605690722,0.40900318328155055,-0.10722306592538527,11.92924019854669,1.2740272827618428,-0.9178892421014027,1.3780303265408496,117.10486550095017,117.10500360927811,117.11288231373821,117.11292602367536,117.11292602367536,0.0007359127509849461,0.016761887968378426,0.01607939702812913,17,39,17,164249.63700274494,7011.255875157185,7290.083632149703,178550.97651005184,radial,geometry,9069,1173,7896,8
amr_probe0020,61449,0.2,0.2,2.80140955e-06,2.800851799636122e-06,0.9998009036686984,radian,1.0,1.0,1.05,2,106,19,12,3,39,76,35,1.0273842912380753,1.2517283229146832,0.5808673916793627,71.71875,33.28125,0.009945298346440149,0.017929984685576644,3.919068083886225,11.839445448422245,3.9189142759377327,-0.014276264003551756,-0.031650154394305165,11.82313588851102,0.30417540769290513,-0.541667434247076,1.3758646131752261,118.71960769699298,118.71962965023812,118.72757474920311,118.72756332600642,118.72757474920311,0.000747734453416804,0.016810536155037043,0.015962077810085785,19,38,17,164013.49886416746,7063.537409996726,7440.084861969638,178517.12113613382,radial,geometry,9069,1173,7896,9
amr_probe0020,61449,0.2,0.2,2.80140955e-06,2.8010493797512844e-06,0.9998714324905775,radian,1.0,1.0,1.05,2,113,1,12,3,41,76,35,1.0288887329583498,1.2517283229146832,0.5808673916793627,71.71875,33.28125,0.00956467842283839,0.017210018796978463,4.03405486851461,11.688820973692215,4.033870683832376,-0.014760711851727134,-0.035610527794173924,11.672548846774845,0.30122456337601805,-0.5379618361010209,1.3745170626170533,119.51860637569118,119.51862836913367,119.52650464482528,119.52649315449631,119.52650464482528,0.0007537163290440851,0.01683515252512125,0.01598545174718465,20,38,17,163924.40271217664,7100.693930648902,7479.4322721187855,178504.52891494433,radial,geometry,9069,1173,7896,10
amr_probe0021,65017,0.21,0.21,2.80403314e-06,2.7990559960736348e-06,0.9982250053127527,radian,1.0,1.0,1.05,2,106,19,13,3,39,77,35,1.0273842912380753,1.2680907846521299,0.5808673916793627,72.65624999999999,33.28125,0.00987440203223317,0.017796883703138026,3.9699071993055615,11.802840229035528,3.962563756420597,0.24129628630749433,-0.0052677902603183386,11.755238960380575,0.7763438503736575,-0.7201976690305822,1.3756603756353052,118.77666460465359,118.77672874102085,118.78459626378199,118.78460106786474,118.78460106786474,0.000747734453416804,0.016810536155036814,0.016046219092899005,19,38,17,164148.23730079454,7080.43404757359,7402.98185948948,178631.65320785763,radial,geometry,9160,1160,8000,1
amr_probe0021,65017,0.21,0.21,2.80403314e-06,2.7991822904874918e-06,0.99827004558423,radian,1.0,1.0,1.05,2,113,1,13,3,41,77,35,1.0288887329583498,1.2680907846521299,0.5808673916793627,72.65624999999999,33.28125,0.009495583681770956,0.01708047270572939,4.084656080679595,11.65247315277361,4.07689030161679,0.25133567755781905,-0.014530767436837606,11.605289676260638,0.7667148305589251,-0.713814033757407,1.374307003487574,119.57965009200238,119.57971392697635,119.58751297625584,119.58751753072384,119.58751753072384,0.0007537163290440851,0.016835152525121026,0.016069716241591956,20,38,17,164062.52520152103,7118.370236028031,7442.698209480782,178623.59364702986,radial,geometry,9160,1160,8000,2
amr_probe0021,65017,0.21,0.21,2.80403314e-06,2.800598934181871e-06,0.9987752620433976,radian,1.0,1.0,1.05,2,106,17,13,3,37,77,35,1.0258917895314537,1.2680907846521299,0.5808673916793627,72.65624999999999,33.28125,0.010279402856111883,0.018564182460482435,3.8549144453899817,11.954345888660685,3.847992644169966,0.23086828588913294,0.004222115678265393,11.906322535454407,0.7860676142900009,-0.7266133863572876,1.3770465463615036,117.90762032334898,117.90768480965059,117.9156265705855,117.91563163017841,117.91563163017841,0.000741800052992847,0.016786115152969145,0.01602290842951314,18,38,17,164135.43914237845,7038.346501249681,7359.453763628586,178533.2394072567,radial,geometry,9160,1160,8000,3
amr_probe0021,65017,0.21,0.21,2.80403314e-06,2.800660515709605e-06,0.998797223812271,radian,1.0,1.0,1.05,2,106,19,14,3,39,78,35,1.0273842912380753,1.2844532463895768,0.5808673916793627,73.59375,33.28125,0.009766471232604523,0.01759366098707318,4.011592017458275,11.730283029783989,3.986230457804098,0.4325631071765573,-0.12540498442902231,11.629631590304838,1.2413156839658763,-0.9001913159780756,1.3753205162107651,118.69697562668587,118.69711179294863,118.70485394802712,118.70489624090581,118.70489624090581,0.000747734453416804,0.016810536155037043,0.016126064414849418,19,39,17,164073.41094174015,7087.06825031906,7368.8345878063055,178529.3137798655,radial,geometry,9160,1160,8000,4
amr_probe0021,65017,0.21,0.21,2.80403314e-06,2.80092140532823e-06,0.9988902646593649,radian,1.0,1.0,1.05,2,113,3,13,3,43,77,35,1.0304052102123866,1.2680907846521299,0.5808673916793627,72.65624999999999,33.28125,0.00914061345552464,0.01641018953938536,4.1983092621230185,11.5032512542029,4.190121891879035,0.26100356975600403,-0.023586610578916728,11.456482334256792,0.7571732375268315,-0.7074536243145296,1.3729786259777352,120.31864544691274,120.31870902443202,120.32644491663999,120.32644922680502,120.32644922680502,0.000759746059676436,0.01685996582616591,0.01609340136747445,21,38,17,163882.16737752798,7152.294953009316,7478.222476984713,178512.68480752202,radial,geometry,9160,1160,8000,5
amr_probe0021,65017,0.21,0.21,2.80403314e-06,2.8010816302244127e-06,0.9989474055304541,radian,1.0,1.0,1.05,2,106,17,14,3,37,78,35,1.0258917895314537,1.2844532463895768,0.5808673916793627,73.59375,33.28125,0.010159337556719265,0.018337775305833016,3.8995029228913385,11.880956211822417,3.8750713574570197,0.42008461540489955,-0.11607728526469586,11.779212796412285,1.2573793987719315,-0.9089903473759692,1.3766872103151802,117.87418418833713,117.87432130846369,117.88213325617158,117.88217623242558,117.88217623242558,0.000741800052992847,0.01678611515296937,0.01610263775856752,18,39,17,164126.96679477685,7047.623395497169,7327.883498770782,178502.47368904483,radial,geometry,9160,1160,8000,6
amr_probe0021,65017,0.21,0.21,2.80403314e-06,2.8019290538509997e-06,0.9992496215116058,radian,1.0,1.0,1.05,2,113,1,14,3,41,78,35,1.0288887329583498,1.2844532463895768,0.5808673916793627,73.59375,33.28125,0.009398920590839783,0.016899004126808014,4.122751195737377,11.5807435756896,4.096443745428427,0.4450314431451996,-0.13480755582084242,11.48118183365732,1.2253446175589013,-0.8914123830150095,1.3739983631777004,119.45310835702581,119.45324366281298,119.46092178930866,119.46096342986115,119.46096342986115,0.0007537163290440851,0.01683515252512125,0.016149678484381563,20,39,17,163920.6723369462,7122.356215872197,7405.45832546101,178448.48687827942,radial,geometry,9160,1160,8000,7
amr_probe0021,65017,0.21,0.21,2.80403314e-06,2.8029091319588244e-06,0.9995991459497602,radian,1.0,1.0,1.05,2,106,19,12,3,39,76,35,1.0273842912380753,1.2517283229146832,0.5808673916793627,71.71875,33.28125,0.00996098957243838,0.017959932838116022,3.9152555720045275,11.840164497651402,3.91509493949912,-0.015536875997944352,-0.031881253192187896,11.82386865504338,0.3034305918085715,-0.5418073787629999,1.3759281658444378,118.6332678149226,118.63328976638056,118.64124142800381,118.6412299624484,118.64124142800381,0.000747734453416804,0.016810536155037043,0.015962077810085785,19,38,17,163892.92234146717,7058.476732073052,7434.690685485563,178386.0897590258,radial,geometry,9160,1160,8000,8
amr_probe0021,65017,0.21,0.21,2.80403314e-06,2.8032217286286223e-06,0.9997106270393873,radian,1.0,1.0,1.05,2,113,1,12,3,41,76,35,1.0288887329583498,1.2517283229146832,0.5808673916793627,71.71875,33.28125,0.009580634673851061,0.017240322182529466,4.030114406374792,11.689568295160813,4.02992301540233,-0.01603779090534523,-0.03585258237704925,11.673309921892324,0.3004809057621976,-0.5381018676342251,1.3745805620789535,119.42667265077202,119.42669464318568,119.43457775641923,119.43456622303623,119.43457775641923,0.0007537163290440851,0.01683515252512125,0.01598545174718465,20,38,17,163797.19119945852,7095.309375372841,7473.6967522018485,178366.1973270332,radial,geometry,9160,1160,8000,9
amr_probe0021,65017,0.21,0.21,2.80403314e-06,2.803256219167108e-06,0.9997229273713606,radian,1.0,1.0,1.05,2,106,15,14,3,35,78,35,1.0244111330764718,1.2844532463895768,0.5808673916793627,73.59375,33.28125,0.01057990411771705,0.019135996369159795,3.786713878647575,12.03276011671896,3.7631925090480003,0.4076482582504369,-0.10680372714733774,11.929922982773373,1.2735316741027358,-0.9178075651547146,1.3780955284927527,116.9834412965296,116.98357946792406,116.99146726944531,116.99151096201034,116.99151096201034,0.0007359127509849461,0.016761887968378426,0.01607939702812913,17,39,17,164077.56465065252,7003.931523058207,7282.506581826862,178364.0027555376,radial,geometry,9160,1160,8000,10
amr_probe0022,68582,0.22,0.22,2.80640215e-06,2.8013348248871267e-06,0.998194369572845,radian,1.0,1.0,1.05,2,106,19,13,3,39,77,35,1.0273842912380753,1.2680907846521299,0.5808673916793627,72.65624999999999,33.28125,0.009891420775811382,0.017829072475999526,3.9656964873105514,11.803482909023458,3.9584196590256444,0.24005844903733062,-0.005862896241715411,11.755894560038668,0.7758970816166795,-0.7205106491932414,1.375718844586485,118.68090163948541,118.68096581219979,118.68884041640845,118.68884515876915,118.68884515876915,0.000747734453416804,0.016810536155036814,0.016046219092899005,19,38,17,164014.6243239423,7074.6642325153925,7397.051440456605,178486.33999691426,radial,geometry,9209,1153,8056,1
amr_probe0022,68582,0.22,0.22,2.80640215e-06,2.8016259327563124e-06,0.998298099492374,radian,1.0,1.0,1.05,2,113,1,13,3,41,77,35,1.0288887329583498,1.2680907846521299,0.5808673916793627,72.65624999999999,33.28125,0.009513130341425764,0.017113442963223178,4.080143366229911,11.65314234228399,4.072445279214045,0.2500603875802415,-0.015137349847497166,11.605971766831104,0.7662680833745985,-0.7141281547822804,1.374363528722772,119.47617980401068,119.47624367844286,119.4840501884804,119.4840546807789,119.4840546807789,0.0007537163290440851,0.016835152525121026,0.016069716241591956,20,38,17,163919.34763354517,7112.14884435387,7436.297581990666,178467.7940598897,radial,geometry,9209,1153,8056,2
amr_probe0022,68582,0.22,0.22,2.80640215e-06,2.802720338387319e-06,0.9986880669925795,radian,1.0,1.0,1.05,2,106,17,13,3,37,77,35,1.0258917895314537,1.2680907846521299,0.5808673916793627,72.65624999999999,33.28125,0.010295860418872118,0.01859534080329476,3.850875198011904,11.954961384868234,3.8440191682893503,0.22965872446903185,0.003646198366594393,11.906950961872806,0.7856209195320965,-0.7269252203909575,1.3770997439901658,117.81941297234168,117.81947749126455,117.82742587533208,117.82743087353757,117.82743087353757,0.000741800052992847,0.016786115152969145,0.01602290842951314,18,38,17,164011.17277990686,7033.020059970163,7353.91315442252,178398.10599429952,radial,geometry,9209,1153,8056,3
amr_probe0022,68582,0.22,0.22,2.80640215e-06,2.8034822283986347e-06,0.9989595498273954,radian,1.0,1.0,1.05,2,113,3,13,3,43,77,35,1.0304052102123866,1.2680907846521299,0.5808673916793627,72.65624999999999,33.28125,0.009158299476821013,0.016443333513433203,4.193409441116884,11.503946296833492,4.1852910117578945,0.25968495500338157,-0.02419941924280255,11.457190274639602,0.7567263611215873,-0.7077687655699425,1.3730367511103674,120.20967561588131,120.20973923508626,120.2174828605168,120.21748710793294,120.21748710793294,0.000759746059676436,0.01685996582616591,0.01609340136747445,21,38,17,163732.37960565672,7145.7539746934135,7471.489946816964,178349.6235271671,radial,geometry,9209,1153,8056,4
amr_probe0022,68582,0.22,0.22,2.80640215e-06,2.803502573386275e-06,0.9989667993185777,radian,1.0,1.0,1.05,2,106,19,14,3,39,78,35,1.0273842912380753,1.2844532463895768,0.5808673916793627,73.59375,33.28125,0.009787086980600582,0.01763251422613018,4.005653520418216,11.730918217202918,3.9803974717246104,0.4312357621478463,-0.12542651303428448,11.630292946655151,1.2409922049920485,-0.9003702243164885,1.3753874175614287,118.57831728080635,118.5784535539898,118.58620430872051,118.58624657823506,118.58624657823506,0.000747734453416804,0.016810536155037043,0.016126064414849418,19,39,17,163906.9197168548,7079.931239147684,7361.478289889235,178348.3292458917,radial,geometry,9209,1153,8056,5
amr_probe0022,68582,0.22,0.22,2.80640215e-06,2.8038617252871026e-06,0.9990947752399287,radian,1.0,1.0,1.05,2,106,17,14,3,37,78,35,1.0258917895314537,1.2844532463895768,0.5808673916793627,73.59375,33.28125,0.010180291096575337,0.01837724284848958,3.8939182241887496,11.881564253719297,3.8695881259853313,0.41881364724807135,-0.1161120182468862,11.779846830231486,1.2570560328902411,-0.9091687971546771,1.3767488694260794,117.75884102763362,117.75897825249129,117.76679864927193,117.76684160221724,117.76684160221724,0.000741800052992847,0.01678611515296937,0.01610263775856752,18,39,17,163964.0842404327,7040.676846281114,7320.723187587305,178325.48427430112,radial,geometry,9209,1153,8056,6
amr_probe0022,68582,0.22,0.22,2.80640215e-06,2.8046056024680776e-06,0.9993598395967869,radian,1.0,1.0,1.05,2,106,19,12,3,39,76,35,1.0273842912380753,1.2517283229146832,0.5808673916793627,71.71875,33.28125,0.009974044465408144,0.017984676090049435,3.912072952264548,11.84082157992247,3.911901090805368,-0.01666222098299403,-0.032665118820257966,11.824522946449731,0.30283910720048174,-0.5422188226089368,1.3759742600148757,118.56218301379693,118.56220498243246,118.57016196274331,118.57015044500899,118.57016196274331,0.000747734453416804,0.016810536155037043,0.015962077810085785,19,38,17,163793.5840906986,7054.315406126616,7430.286769363383,178278.1862661886,radial,geometry,9209,1153,8056,7
amr_probe0022,68582,0.22,0.22,2.80640215e-06,2.804874225892306e-06,0.9994555576763317,radian,1.0,1.0,1.05,2,113,1,14,3,41,78,35,1.0288887329583498,1.2844532463895768,0.5808673916793627,73.59375,33.28125,0.009419510767858796,0.016937942383451532,4.1165938939006415,11.58140642151159,4.090394879445872,0.4436634346471022,-0.13482497639594426,11.481871053576114,1.2250208962242215,-0.8915916178917433,1.3740761503443009,119.32930987249829,119.32944529058736,119.33713235286265,119.33717397092201,119.33717397092201,0.0007537163290440851,0.01683515252512125,0.016149678484381563,20,39,17,163748.39633176418,7114.921923562856,7397.7942695800375,178261.11252490708,radial,geometry,9209,1153,8056,8
amr_probe0022,68582,0.22,0.22,2.80640215e-06,2.805068794333236e-06,0.9995248878829558,radian,1.0,1.0,1.05,2,113,1,12,3,41,76,35,1.0288887329583498,1.2517283229146832,0.5808673916793627,71.71875,33.28125,0.009594299689156933,0.017266086719913764,4.026789524628263,11.69025213226505,4.026585993961622,-0.017182038535603038,-0.036659056722255744,11.673990872566396,0.2998909826169938,-0.5385140868250438,1.3746273117907652,119.34857500416071,119.3485970150842,119.35648584147302,119.35647425489685,119.35648584147302,0.0007537163290440851,0.01683515252512125,0.01598545174718465,20,38,17,163689.14703694783,7090.738720773715,7468.862012776497,178248.74777049804,radial,geometry,9209,1153,8056,9
amr_probe0022,68582,0.22,0.22,2.80640215e-06,2.805318966366497e-06,0.9996140312130594,radian,1.0,1.0,1.05,2,106,17,12,3,37,76,35,1.0258917895314537,1.2517283229146832,0.5808673916793627,71.71875,33.28125,0.010376178050332573,0.018747122154991972,3.7974349048990335,11.992508522446007,3.79729398831517,-0.015768895285165157,-0.028662958543870215,11.976174099276683,0.3057706916711046,-0.5459110631498696,1.3773466163100825,117.73113422774868,117.7311561634896,117.73918556348349,117.73917410838926,117.73918556348349,0.000741800052992847,0.01678611515296937,0.01593888938042421,18,38,17,163829.1203424552,7015.021247363387,7388.71035842516,178232.85194824374,radial,geometry,9209,1153,8056,10
amr_probe0023,72144,0.23,0.23,2.80846205e-06,2.8033314754132587e-06,0.9981731728984049,radian,1.0,1.0,1.05,2,106,19,13,3,39,77,35,1.0273842912380753,1.2680907846521299,0.5808673916793627,72.65624999999999,33.28125,0.00990634353291862,0.017857744770779078,3.961979675236504,11.804047469178801,3.9547741135706422,0.23875404894196972,-0.006415740994540696,11.75646869338342,0.7754367355566605,-0.7208872209099413,1.3757871954550183,118.59715067251409,118.59721488098162,118.60509588887254,118.60510056262632,118.60510056262632,0.000747734453416804,0.016810536155036814,0.016046219092899005,19,38,17,163897.74262045274,7069.604969274357,7391.866932448309,178359.21452217543,radial,geometry,9230,1150,8080,1
amr_probe0023,72144,0.23,0.23,2.80846205e-06,2.8037421496482375e-06,0.9983194003451952,radian,1.0,1.0,1.05,2,113,1,13,3,41,77,35,1.0288887329583498,1.2680907846521299,0.5808673916793627,72.65624999999999,33.28125,0.009528338753784886,0.017142323095750357,4.076127603602473,11.653730664946762,4.06850221779894,0.24871609611120685,-0.01569229589148612,11.606569535383217,0.7658085531823494,-0.7145063269891017,1.374424516245263,119.38681939386014,119.38688330579281,119.39469641236154,119.39470083549475,119.39470083549475,0.0007537163290440851,0.016835152525121026,0.016069716241591956,20,38,17,163795.55645313716,7106.761422561727,7430.771728397163,178333.08960409605,radial,geometry,9230,1150,8080,2
amr_probe0023,72144,0.23,0.23,2.80846205e-06,2.8045923604709715e-06,0.9986221321633922,radian,1.0,1.0,1.05,2,106,17,13,3,37,77,35,1.0258917895314537,1.2680907846521299,0.5808673916793627,72.65624999999999,33.28125,0.01031039296998723,0.018623421418474066,3.847331251745882,11.955501598461128,3.8405452854198887,0.22838573376673843,0.003102887595084802,11.907500870334662,0.7851598184461845,-0.7273001810005204,1.3771675336503801,117.74167036223979,117.74173491420893,117.7496893889983,117.74969431902014,117.74969431902014,0.000741800052992847,0.016786115152969145,0.01602290842951314,18,38,17,163901.68713131815,7028.313224808122,7349.0276577829245,178279.02801390918,radial,geometry,9230,1150,8080,3
amr_probe0023,72144,0.23,0.23,2.80846205e-06,2.8056950940528136e-06,0.9990147789438043,radian,1.0,1.0,1.05,2,113,3,13,3,43,77,35,1.0304052102123866,1.2680907846521299,0.5808673916793627,72.65624999999999,33.28125,0.009173607126880201,0.016472371694176934,4.1891189255548404,11.504558055507395,4.181074576276241,0.25830181211148595,-0.02475750225925136,11.457811363634296,0.756267494952401,-0.7081484900720659,1.37310151969959,120.115726273102,120.11578993202868,120.1235404057414,120.12354458339183,120.12354458339183,0.000759746059676436,0.01685996582616591,0.01609340136747445,21,38,17,163603.17098747575,7140.100013193719,7465.687292710953,178208.95829338045,radial,geometry,9230,1150,8080,4
amr_probe0023,72144,0.23,0.23,2.80846205e-06,2.805884051111395e-06,0.9990820602725947,radian,1.0,1.0,1.05,2,106,19,12,3,39,76,35,1.0273842912380753,1.2517283229146832,0.5808673916793627,71.71875,33.28125,0.00998398534215804,0.018003989682348693,3.9094577164622613,11.841392512384214,3.909274569474058,-0.017772364189095648,-0.03340838728321164,11.825087990849047,0.30226126770381606,-0.5426866195813795,1.3760273303898602,118.50885708651792,118.5088790736128,118.51684026171785,118.51682869020013,118.51684026171785,0.000747734453416804,0.016810536155037043,0.015962077810085785,19,38,17,163718.75481154033,7051.209523165012,7426.992806824704,178196.95714153006,radial,geometry,9230,1150,8080,5
amr_probe0023,72144,0.23,0.23,2.80846205e-06,2.8061022852387035e-06,0.9991597661925691,radian,1.0,1.0,1.05,2,106,19,14,3,39,78,35,1.0273842912380753,1.2844532463895768,0.5808673916793627,73.59375,33.28125,0.009805950890693962,0.01766842033062799,4.000296821862339,11.731483315630646,3.9751600481448457,0.4297920698346207,-0.1255230311228658,11.630878713823137,1.240640311636751,-0.9006512901217106,1.3754621813062322,118.46991322087699,118.47004959917896,118.4778083827277,118.47785061141069,118.47785061141069,0.000747734453416804,0.016810536155037043,0.016126064414849418,19,39,17,163754.93878582868,7073.397264425342,7354.762488317957,178183.098538572,radial,geometry,9230,1150,8080,6
amr_probe0023,72144,0.23,0.23,2.80846205e-06,2.8064146456728754e-06,0.9992709873622381,radian,1.0,1.0,1.05,2,106,17,14,3,37,78,35,1.0258917895314537,1.2844532463895768,0.5808673916793627,73.59375,33.28125,0.010199535563790994,0.018413890010523404,3.8888713555793344,11.882104480967563,3.864655963080487,0.4174283498416404,-0.11622512645882019,11.78040770125997,1.2567034967639223,-0.9094490694621548,1.3768201824875757,117.6530441484875,117.65318147703039,117.6610098092479,117.661052721711,117.661052721711,0.000741800052992847,0.01678611515296937,0.01610263775856752,18,39,17,163814.8136412746,7034.292156526885,7314.1605502182765,178163.26634801977,radial,geometry,9230,1150,8080,7
amr_probe0023,72144,0.23,0.23,2.80846205e-06,2.806491661195688e-06,0.9992984100303894,radian,1.0,1.0,1.05,2,113,1,12,3,41,76,35,1.0288887329583498,1.2517283229146832,0.5808673916793627,71.71875,33.28125,0.009604922284258223,0.017286518598038526,4.024057061971405,11.690846986998434,4.0238414560681965,-0.01830849847513928,-0.0374162172392578,11.674579701327156,0.299315185323394,-0.5389828296013693,1.3746796092885003,119.28862942876674,119.28865145946553,119.29654486396232,119.29653322260761,119.29654486396232,0.0007537163290440851,0.01683515252512125,0.01598545174718465,20,38,17,163605.9723847659,7087.245166588006,7465.159654362843,178158.37720571674,radial,geometry,9230,1150,8080,8
amr_probe0023,72144,0.23,0.23,2.80846205e-06,2.8064973028182528e-06,0.9993004188246919,radian,1.0,1.0,1.05,2,106,17,12,3,37,76,35,1.0258917895314537,1.2517283229146832,0.5808673916793627,71.71875,33.28125,0.010385697400710608,0.018765515111824525,3.794865489744283,11.993055129222796,3.7947142120833974,-0.016864135966596396,-0.029389365125775325,11.976714958712043,0.3051907660340392,-0.5463778240997361,1.3773904333712697,117.6825303089513,117.6825522618675,117.6905855025324,117.69057399460607,117.6905855025324,0.000741800052992847,0.01678611515296937,0.01593888938042421,18,38,17,163760.12105127508,7012.19124054902,7385.706779815719,178158.01907163984,radial,geometry,9230,1150,8080,9
amr_probe0023,72144,0.23,0.23,2.80846205e-06,2.8075874357037144e-06,0.9996885789158926,radian,1.0,1.0,1.05,2,113,1,14,3,41,78,35,1.0288887329583498,1.2844532463895768,0.5808673916793627,73.59375,33.28125,0.009438497889841012,0.016974008274275594,4.111121904448203,11.58199706780783,4.085045199526973,0.44218323345013016,-0.13491856473832498,11.48248240746322,1.2246696021667838,-0.8918734251761622,1.3741540202416154,119.21530360016936,119.21543912819567,119.2231345080364,119.22317608588718,119.22317608588718,0.0007537163290440851,0.01683515252512125,0.016149678484381563,20,39,17,163590.03988158357,7108.062582915308,7390.741231539521,178088.84369603838,radial,geometry,9230,1150,8080,10
amr_probe0024,75704,0.24,0.24,2.81031354e-06,2.8051795843589458e-06,0.998173173360203,radian,1.0,1.0,1.05,2,106,19,13,3,39,77,35,1.0273842912380753,1.2680907846521299,0.5808673916793627,72.65624999999999,33.28125,0.009920146800692507,0.017883431831181077,3.9591556409548763,11.80450405240225,3.9520178651961815,0.23754332710845125,-0.006430413772273456,11.756950681099541,0.7749857619826426,-0.7209879847114808,1.3758181417626925,118.51919584010531,118.51926005698992,118.52714668239263,118.52715131068243,118.52715131068243,0.000747734453416804,0.016810536155036814,0.016046219092899005,19,38,17,163789.80179734726,7064.896022005611,7387.010051290514,178241.70787064338,radial,geometry,9321,1137,8184,1
amr_probe0024,75704,0.24,0.24,2.81031354e-06,2.8056741880553774e-06,0.9983491692728981,radian,1.0,1.0,1.05,2,113,1,13,3,41,77,35,1.0288887329583498,1.2680907846521299,0.5808673916793627,72.65624999999999,33.28125,0.009542221708915333,0.017168262616504584,4.073068693221571,11.654207468064486,4.065513455746061,0.24747206710220016,-0.01570021826497363,11.607071535501614,0.7653594212858571,-0.7146097079435717,1.3744630592103866,119.30482104789657,119.3048849706424,119.31270396489305,119.31270834226085,119.31270834226085,0.0007537163290440851,0.016835152525121026,0.016069716241591956,20,38,17,163682.7990483572,7101.817215709231,7425.669922638564,178210.286186705,radial,geometry,9321,1137,8184,2
amr_probe0024,75704,0.24,0.24,2.81031354e-06,2.8063373970647033e-06,0.9985851603820346,radian,1.0,1.0,1.05,2,106,17,13,3,37,77,35,1.0258917895314537,1.2680907846521299,0.5808673916793627,72.65624999999999,33.28125,0.01032392983648355,0.01864899248958797,3.8446115013913973,11.955937410942173,3.8378911281816626,0.2271997778178721,0.0030896302384070666,11.907962290806593,0.7847069935564308,-0.7273983704672791,1.377208880319212,117.66874207147919,117.66880663060537,117.67676659231269,117.6767714772011,117.6767714772011,0.000741800052992847,0.016786115152969145,0.01602290842951314,18,38,17,163799.79654700658,7023.89834072332,7344.475669016555,178168.17055674648,radial,geometry,9321,1137,8184,3
amr_probe0024,75704,0.24,0.24,2.81031354e-06,2.8069650105543703e-06,0.9988084854597292,radian,1.0,1.0,1.05,2,106,19,12,3,39,76,35,1.0273842912380753,1.2517283229146832,0.5808673916793627,71.71875,33.28125,0.009992424230122697,0.018020111646696986,3.9076884238735095,11.841853622606319,3.9074987540506405,-0.018706859730773392,-0.03365053590567344,11.82555450905062,0.3017620933595067,-0.5428603980013625,1.3760618554237303,118.46341730731223,118.46343929580041,118.47140396279742,118.47139235923373,118.47140396279742,0.000747734453416804,0.016810536155037043,0.015962077810085785,19,38,17,163655.60994370648,7048.562266529749,7424.161459748111,178128.33366998433,radial,geometry,9321,1137,8184,4
amr_probe0024,75704,0.24,0.24,2.81031354e-06,2.8075217780649753e-06,0.9990066012580843,radian,1.0,1.0,1.05,2,106,17,12,3,37,76,35,1.0258917895314537,1.2517283229146832,0.5808673916793627,71.71875,33.28125,0.010393986168951692,0.018781377683882446,3.79307147592031,11.993495786594812,3.7929141010413225,-0.01779038634987412,-0.029620022209604503,11.977161149319986,0.3046891789701215,-0.54654962309563,1.377422920258911,117.63991975898115,117.63994171264928,117.64797826768334,117.64796672822355,117.64797826768334,0.000741800052992847,0.01678611515296937,0.01593888938042421,18,38,17,163700.25227655456,7009.708177369365,7383.048087087055,178093.008541011,radial,geometry,9321,1137,8184,5
amr_probe0024,75704,0.24,0.24,2.81031354e-06,2.807696502952356e-06,0.9990687739960702,radian,1.0,1.0,1.05,2,113,1,12,3,41,76,35,1.0288887329583498,1.2517283229146832,0.5808673916793627,71.71875,33.28125,0.009613949714109008,0.017303679784457675,4.022194909415962,11.691328283577139,4.021972470356048,-0.019253655110350387,-0.03766475533750303,11.675066282123739,0.2988184259990824,-0.539158502364177,1.3747159173283001,119.2375193390703,119.23754137231796,119.2454386028679,119.24542692866721,119.2454386028679,0.0007537163290440851,0.01683515252512125,0.01598545174718465,20,38,17,163535.68191762568,7084.265620998244,7461.978151791225,178081.92569041517,radial,geometry,9321,1137,8184,6
amr_probe0024,75704,0.24,0.24,2.81031354e-06,2.807727401549101e-06,0.9990797687111812,radian,1.0,1.0,1.05,2,113,3,13,3,43,77,35,1.0304052102123866,1.2680907846521299,0.5808673916793627,72.65624999999999,33.28125,0.009187664686257051,0.016498841800917447,4.185848327256423,11.505054943648089,4.177876387530685,0.25702539345570535,-0.024759976330438062,11.45833325101944,0.7558200818035249,-0.7082544520764483,1.373152621375057,120.02898363291774,120.029047305858,120.03680403742524,120.03680816900234,120.03680816900234,0.000759746059676436,0.01685996582616591,0.01609340136747445,21,38,17,163484.7882544945,7134.879789862344,7460.297882583297,178079.96592694012,radial,geometry,9321,1137,8184,7
amr_probe0024,75704,0.24,0.24,2.81031354e-06,2.808546109960938e-06,0.9993710915120659,radian,1.0,1.0,1.05,2,106,19,14,3,39,78,35,1.0273842912380753,1.2844532463895768,0.5808673916793627,73.59375,33.28125,0.009823659197173998,0.017701640259547822,3.995800229218157,11.731940945236312,3.970801909835827,0.42834503681485697,-0.12518863406916647,11.631379284973066,1.2402377090486,-0.9007023352171274,1.3755131957574467,118.36770423593894,118.3678406788453,118.37560686582759,118.375649067473,118.375649067473,0.000747734453416804,0.016810536155037043,0.016126064414849418,19,39,17,163612.4188602646,7067.231574707657,7348.404089991272,178028.05452496352,radial,geometry,9321,1137,8184,8
amr_probe0024,75704,0.24,0.24,2.81031354e-06,2.808783634690529e-06,0.9994556104549562,radian,1.0,1.0,1.05,2,106,17,14,3,37,78,35,1.0258917895314537,1.2844532463895768,0.5808673916793627,73.59375,33.28125,0.010217367595530475,0.018447392016728636,3.8846266424848923,11.882540434605508,3.860544661912116,0.4160324075851973,-0.11591419552487021,11.780886758056118,1.2562987338205636,-0.9094986890005446,1.376869021369673,117.55464425573382,117.55478164598476,117.56261721404977,117.56266009908317,117.56266009908317,0.000741800052992847,0.01678611515296937,0.01610263775856752,18,39,17,163676.621237809,7028.347449455283,7308.030898974694,178012.999586239,radial,geometry,9321,1137,8184,9
amr_probe0024,75704,0.24,0.24,2.81031354e-06,2.8092832174893817e-06,0.9996333780925318,radian,1.0,1.0,1.05,2,106,15,13,3,35,77,35,1.0244111330764718,1.2680907846521299,0.5808673916793627,72.65624999999999,33.28125,0.010756772004481465,0.01947066733819813,3.73064094484205,12.108500089396113,3.7243347915894733,0.2164401541464605,0.012879408419426391,12.060097602477732,0.7945319636923719,-0.7338522959612941,1.3786184492991975,116.74797797438183,116.74804292857574,116.7560823586445,116.7560875063493,116.7560875063493,0.0007359127509849461,0.0167618879683782,0.015999782771392242,17,38,17,163704.7021660175,6978.481346102724,7298.1595177374975,177981.3430298577,radial,geometry,9321,1137,8184,10
amr_probe0025,79262,0.25,0.25,2.81183505e-06,2.8066983174864107e-06,0.9981731743070814,radian,1.0,1.0,1.05,2,106,19,13,3,39,77,35,1.0273842912380753,1.2680907846521299,0.5808673916793627,72.65624999999999,33.28125,0.00993164055715169,0.017905007560112225,3.9571211972336786,11.804937864147297,3.950036592624884,0.23659378651219393,-0.006516648242657546,11.75740534218175,0.7746063927004309,-0.7210842755200108,1.3758510108103459,118.4549486582149,118.4550128825385,118.46290422889598,118.46290881791627,118.46290881791627,0.000747734453416804,0.016810536155036814,0.016046219092899005,19,38,17,163701.22964887918,7061.01797828995,7383.011834768332,178145.25946193747,radial,geometry,9370,1130,8240,1
amr_probe0025,79262,0.25,0.25,2.81183505e-06,2.807264067680385e-06,0.9983743775014062,radian,1.0,1.0,1.05,2,113,1,13,3,41,77,35,1.0288887329583498,1.2680907846521299,0.5808673916793627,72.65624999999999,33.28125,0.009553796997157329,0.017190135693189085,4.0708479476906545,11.654660296041707,4.0633473916787555,0.24649908539880055,-0.015785710380800202,11.607545011750606,0.7649815828844836,-0.7147087477861914,1.3745049160561151,119.23715767608677,119.23722160857064,119.24504558285952,119.24504992066409,119.24504992066409,0.0007537163290440851,0.016835152525121026,0.016069716241591956,20,38,17,163590.15222162913,7097.740545561188,7421.464936784113,178109.35770397444,radial,geometry,9370,1130,8240,2
amr_probe0025,79262,0.25,0.25,2.81183505e-06,2.807834884360841e-06,0.9985773825391505,radian,1.0,1.0,1.05,2,106,19,12,3,39,76,35,1.0273842912380753,1.2517283229146832,0.5808673916793627,71.71875,33.28125,0.009999397138537959,0.01803337437677933,3.9066546014965953,11.842294216894134,3.906457649395297,-0.019485139445051796,-0.034046118960890714,11.82599818513461,0.30133246725826907,-0.5430451075676831,1.3760881034736396,118.42651196175169,118.42653395295947,118.43450142588627,118.43448979292835,118.43450142588627,0.000747734453416804,0.016810536155037043,0.015962077810085785,19,38,17,163604.8613827396,7046.413360815874,7421.874352537851,178073.14909609332,radial,geometry,9370,1130,8240,3
amr_probe0025,79262,0.25,0.25,2.81183505e-06,2.807851787628729e-06,0.9985833940112273,radian,1.0,1.0,1.05,2,106,17,13,3,37,77,35,1.0258917895314537,1.2680907846521299,0.5808673916793627,72.65624999999999,33.28125,0.01033580850663484,0.018671367614901777,3.8426335919582453,11.956351808810748,3.8359650563567307,0.22626521783330808,0.003009926058083326,11.908397756798792,0.7843258718267682,-0.7274918341155118,1.3772427255695656,117.6051819573146,117.60524652397272,117.61321124548456,117.61321609151737,117.61321609151737,0.000741800052992847,0.016786115152969145,0.01602290842951314,18,38,17,163711.51645293893,7020.0564805773,7340.504162211533,178072.07709572776,radial,geometry,9370,1130,8240,4
amr_probe0025,79262,0.25,0.25,2.81183505e-06,2.8083918510767144e-06,0.9987754619805008,radian,1.0,1.0,1.05,2,106,17,12,3,37,76,35,1.0258917895314537,1.2517283229146832,0.5808673916793627,71.71875,33.28125,0.010401183785227443,0.018795086298670254,3.7919944231927145,11.99391720203175,3.791830349981988,-0.018562862411033377,-0.02999537663091514,11.97758578384411,0.3042573213581235,-0.5467322217032204,1.3774486777090043,117.60334140222025,117.603363358444,117.6114027337819,117.61139116517789,117.6114027337819,0.000741800052992847,0.01678611515296937,0.01593888938042421,18,38,17,163649.48104094644,7007.575280179395,7380.776899442777,178037.8332205686,radial,geometry,9370,1130,8240,5
amr_probe0025,79262,0.25,0.25,2.81183505e-06,2.8086274663666285e-06,0.998859256116972,radian,1.0,1.0,1.05,2,113,1,12,3,41,76,35,1.0288887329583498,1.2517283229146832,0.5808673916793627,71.71875,33.28125,0.00962112303564737,0.017317394671949482,4.0210859437966615,11.69178794638433,4.020855728346318,-0.020040325493268885,-0.03807577415903611,11.675528887115666,0.29839109439093336,-0.5393452921215669,1.3747478296450513,119.19774672819702,119.19776876497102,119.2056690172247,119.20565731302796,119.2056690172247,0.0007537163290440851,0.01683515252512125,0.01598545174718465,20,38,17,163481.43160118564,7081.950054495231,7459.51600074037,178022.89765642124,radial,geometry,9370,1130,8240,6
amr_probe0025,79262,0.25,0.25,2.81183505e-06,2.809442741526453e-06,0.999149200279886,radian,1.0,1.0,1.05,2,113,3,13,3,43,77,35,1.0304052102123866,1.2680907846521299,0.5808673916793627,72.65624999999999,33.28125,0.009199677982647354,0.016521500443810497,4.1834814320922655,11.50552676323334,4.175565549857726,0.2560309115390893,-0.024847612331200534,11.458825516101125,0.7554437511998874,-0.7083562873310683,1.3731977392170849,119.95550792556624,119.95557161127327,119.9633336707196,119.96333776243317,119.96333776243317,0.000759746059676436,0.01685996582616591,0.01609340136747445,21,38,17,163385.03580261607,7130.463123221972,7455.738077673645,177971.2370035117,radial,geometry,9370,1130,8240,7
amr_probe0025,79262,0.25,0.25,2.81183505e-06,2.810320506650193e-06,0.9994613683509612,radian,1.0,1.0,1.05,2,106,19,12,2,39,76,34,1.0273842912380753,1.2517283229146832,0.5645049299419158,71.71875,32.34374999999999,0.009974744899503101,0.01798892513882652,3.9386648883758366,11.814206799059747,3.913178563717873,0.10941153285703535,-0.4337554009593887,11.728225686630061,0.4728460895220342,-1.3418722405818304,1.3760884763127657,118.29153565181733,118.29165174641662,118.29952659843993,118.29943618043957,118.29952659843993,0.000747734453416804,0.016810536155037043,0.015962077810085677,19,38,17,163433.46190845477,7043.7335870347815,7438.454629407777,177915.65012489734,radial,geometry,9370,1130,8240,8
amr_probe0025,79262,0.25,0.25,2.81183505e-06,2.810376138492775e-06,0.9994811532393321,radian,1.0,1.0,1.05,2,106,17,12,2,37,76,34,1.0258917895314537,1.2517283229146832,0.5645049299419158,71.71875,32.34374999999999,0.010374755856158747,0.018747240849596242,3.833962098771166,11.96627374645624,3.8089597397964647,0.10823746489467696,-0.423527716468031,11.879527488980344,0.4781825015730019,-1.3564201078123246,1.3774453784391365,117.48163744037274,117.48175410849639,117.48969938691452,117.48960854286508,117.48969938691452,0.000741800052992847,0.01678611515296937,0.015938889380424103,18,38,17,163508.63465018172,7005.667230336304,7397.826375792042,177912.12825631007,radial,geometry,9370,1130,8240,9
amr_probe0025,79262,0.25,0.25,2.81183505e-06,2.8105558176665243e-06,0.9995450542756854,radian,1.0,1.0,1.05,2,113,3,12,3,43,76,35,1.0304052102123866,1.2517283229146832,0.5808673916793627,71.71875,33.28125,0.009263452827965677,0.016641586338178634,4.135501225640716,11.542409701505482,4.1352369653579535,-0.020271774313224175,-0.042126983979477575,11.52618920901445,0.2954386145785606,-0.5356305260369381,1.3734269454696306,119.9250859821981,119.92510807344047,119.93294507249189,119.93293329132193,119.93294507249189,0.000759746059676436,0.01685996582616614,0.016009012675780306,21,38,17,163291.8571392575,7114.677341791611,7494.2198313584395,177900.75431240755,radial,geometry,9370,1130,8240,10
amr_probe0026,82818,0.26,0.26,2.81314967e-06,2.8080105335165563e-06,0.9981731734581175,radian,1.0,1.0,1.05,2,106,19,13,3,39,77,35,1.0273842912380753,1.2680907846521299,0.5808673916793627,72.65624999999999,33.28125,0.009941706136518942,0.017923767495144606,3.9553116963892414,11.805391532363245,3.9482773519742613,0.23568029462763548,-0.007167022037391042,11.757863276123038,0.7742241348687939,-0.7214550584601284,1.3758745563685295,118.399517989552,118.39958223793177,118.40747759353161,118.40748211987533,118.40748211987533,0.000747734453416804,0.016810536155036814,0.016046219092899005,19,38,17,163624.74543045642,7057.666501172903,7379.598175517572,178062.0101071469,radial,geometry,9391,1127,8264,1
amr_probe0026,82818,0.26,0.26,2.81314967e-06,2.80857322099151e-06,0.9983731939123985,radian,1.0,1.0,1.05,2,106,19,12,3,39,76,35,1.0273842912380753,1.2517283229146832,0.5808673916793627,71.71875,33.28125,0.010005425016134184,0.018044723890700377,3.9055103534762483,11.84275374439703,3.905301816227125,-0.020317653061874563,-0.034871740096327625,11.826449529374965,0.3008482121250133,-0.5435054119672674,1.3761063513420118,118.39542694331035,118.39544895106236,118.40341873392532,118.40340705337154,118.40341873392532,0.000747734453416804,0.016810536155037043,0.015962077810085785,19,38,17,163561.74335478467,7044.613883508003,7419.978789893603,178026.33602818626,radial,geometry,9391,1127,8264,2
amr_probe0026,82818,0.26,0.26,2.81314967e-06,2.8086386369702827e-06,0.9983964475556263,radian,1.0,1.0,1.05,2,113,1,13,3,41,77,35,1.0288887329583498,1.2680907846521299,0.5808673916793627,72.65624999999999,33.28125,0.00956393869812419,0.017209205673620345,4.068862934633584,11.65513322012671,4.061412921048923,0.24556101324643756,-0.016445496199802578,11.608022046346699,0.7645998054164769,-0.7150815953353244,1.3745377451281335,119.1787565931187,119.17882055183605,119.18664877875517,119.18665305337107,119.18665305337107,0.0007537163290440851,0.016835152525121026,0.016069716241591956,20,38,17,163510.10151151524,7094.216082318686,7417.872024463449,178022.1896182974,radial,geometry,9391,1127,8264,3
amr_probe0026,82818,0.26,0.26,2.81314967e-06,2.8091543386147023e-06,0.9985797657949362,radian,1.0,1.0,1.05,2,106,17,12,3,37,76,35,1.0258917895314537,1.2517283229146832,0.5808673916793627,71.71875,33.28125,0.010407594704185076,0.018807172965831464,3.790890774954106,11.994357370454287,3.79071604428974,-0.019388564844669044,-0.030802966573892972,11.978017926896932,0.30377106098401546,-0.5471913884697369,1.3774670631483203,117.57142952532227,117.57145149807296,117.57949327699467,117.57948166104529,117.57949327699467,0.000741800052992847,0.01678611515296937,0.01593888938042421,18,38,17,163604.9593859128,7005.723526270267,7378.825576897818,177989.5084890809,radial,geometry,9391,1127,8264,4
amr_probe0026,82818,0.26,0.26,2.81314967e-06,2.809176409621151e-06,0.9985876114515978,radian,1.0,1.0,1.05,2,106,17,13,3,37,77,35,1.0258917895314537,1.2680907846521299,0.5808673916793627,72.65624999999999,33.28125,0.010346319392573654,0.01869085497526104,3.8408707589017297,11.956785958641209,3.834252481339888,0.22536736575983055,0.0023762103725633037,11.90883634665715,0.7839429195269678,-0.7278604455668041,1.3772611369654024,117.54969710302291,117.54976169358312,117.55773043203675,117.55773521597773,117.55773521597773,0.000741800052992847,0.016786115152969145,0.01602290842951314,18,38,17,163634.41022306518,7016.697831776937,7337.002014553883,177988.11006939597,radial,geometry,9391,1127,8264,5
amr_probe0026,82818,0.26,0.26,2.81314967e-06,2.8093729730516663e-06,0.99865748453109,radian,1.0,1.0,1.05,2,113,1,12,3,41,76,35,1.0288887329583498,1.2517283229146832,0.5808673916793627,71.71875,33.28125,0.009627014646197142,0.017328635384460958,4.019917303262266,11.6922668652613,4.019674659869238,-0.020879072013826352,-0.03892066577465003,11.67599946003498,0.29790893262947177,-0.5398067483922172,1.3747730663409623,119.16614847585892,119.16617052969167,119.17407317346363,119.17406142113873,119.17407317346363,0.0007537163290440851,0.01683515252512125,0.01598545174718465,20,38,17,163437.9413615646,7080.123097644402,7457.592314080778,177975.65677328975,radial,geometry,9391,1127,8264,6
amr_probe0026,82818,0.26,0.26,2.81314967e-06,2.8109239060658773e-06,0.9992088000301375,radian,1.0,1.0,1.05,2,113,3,13,3,43,77,35,1.0304052102123866,1.2680907846521299,0.5808673916793627,72.65624999999999,33.28125,0.009210183607843652,0.016541336783062736,4.181340907799312,11.50601885511054,4.173475820454958,0.2550689293619659,-0.02551871054593001,11.459321549958132,0.7550625100268922,-0.7087313417482863,1.373237983750777,119.89220216505903,119.8922658800503,119.90003253815253,119.90003656614645,119.90003656614645,0.000759746059676436,0.01685996582616591,0.01609340136747445,21,38,17,163298.9603833456,7126.651542854207,7451.846414460761,177877.45834066058,radial,geometry,9391,1127,8264,7
amr_probe0026,82818,0.26,0.26,2.81314967e-06,2.811130106809452e-06,0.999282098918488,radian,1.0,1.0,1.05,2,106,19,12,2,39,76,34,1.0273842912380753,1.2517283229146832,0.5645049299419158,71.71875,32.34374999999999,0.009981193063268981,0.018001091442515146,3.9366785393539745,11.814704274661267,3.911168847771476,0.10830190441654293,-0.4341277046352106,11.7287101243718,0.4723670733560108,-1.3421867471282614,1.3761090167516035,118.25829889818033,118.25841504155677,118.2662923561876,118.26620184332737,118.2662923561876,0.000747734453416804,0.016810536155037043,0.015962077810085677,19,38,17,163386.32429075483,7041.690590287024,7436.395872783021,177864.4107538249,radial,geometry,9391,1127,8264,8
amr_probe0026,82818,0.26,0.26,2.81314967e-06,2.8112301142384805e-06,0.9993176489036505,radian,1.0,1.0,1.05,2,106,17,12,2,37,76,34,1.0258917895314537,1.2517283229146832,0.5645049299419158,71.71875,32.34374999999999,0.010381713622182539,0.018760391457202267,3.8317675810598986,11.966750561624117,3.8067441028281883,0.10714458311353278,-0.4238657442562029,11.87999144720476,0.47770247746105055,-1.3567323101851843,1.377466594014943,117.44694274948674,117.44705946828027,117.45500735273819,117.45491641265885,117.45500735273819,0.000741800052992847,0.01678611515296937,0.015938889380424103,18,38,17,163458.87693307793,7003.5354139135425,7395.671012165499,177858.08335915697,radial,geometry,9391,1127,8264,9
amr_probe0026,82818,0.26,0.26,2.81314967e-06,2.8113678766752926e-06,0.9993666197914356,radian,1.0,1.0,1.05,2,106,15,12,3,35,76,35,1.0244111330764718,1.2517283229146832,0.5808673916793627,71.71875,33.28125,0.010837201677068546,0.01962313753522042,3.676443574009142,12.147067535613287,3.676302487480507,-0.01803093434802324,-0.02668817761270893,12.130694382918662,0.3066721208154053,-0.5508681451041376,1.3788603889952624,116.68441906411734,116.68444101521493,116.6925605881933,116.69254902821051,116.6925605881933,0.0007359127509849461,0.016761887968378426,0.015915884985918678,17,38,17,163553.0072574562,6962.854765687359,7333.50594761703,177849.3679707606,radial,geometry,9391,1127,8264,10
amr_probe0027,86372,0.27,0.27,2.8143624e-06,2.8092210431132563e-06,0.9981731716971688,radian,1.0,1.0,1.05,2,106,19,13,3,39,77,35,1.0273842912380753,1.2680907846521299,0.5808673916793627,72.65624999999999,33.28125,0.00995107296549615,0.01794153942506591,3.9534499113694412,11.805870994652171,3.9464729899645223,0.2346271197317176,-0.008200967865012447,11.758339680837015,0.7737638727072167,-0.7220300282649394,1.3759084761049225,118.34858722270219,118.34865150342948,118.35655068812474,118.35655512777755,118.35655512777755,0.000747734453416804,0.016810536155036814,0.016046219092899005,19,38,17,163554.2189270018,7054.574387999152,7376.4888420365005,177985.28215703747,radial,geometry,9433,1121,8312,1
amr_probe0027,86372,0.27,0.27,2.8143624e-06,2.809223309404111e-06,0.9981739769562409,radian,1.0,1.0,1.05,2,106,19,12,3,39,76,35,1.0273842912380753,1.2517283229146832,0.5808673916793627,71.71875,33.28125,0.010010831839385087,0.01805507935344294,3.904267667924928,11.84323545410155,3.9040435942053424,-0.021280789252314088,-0.036010628389239664,11.826916827610818,0.3002752021893505,-0.5441499582046571,1.3761293805261685,118.36826459010307,118.36828662219254,118.37625850209749,118.37624675981016,118.37625850209749,0.000747734453416804,0.016810536155037043,0.015962077810085785,19,38,17,163523.73447240438,7043.055509914455,7418.348588263335,177985.13857058214,radial,geometry,9433,1121,8312,2
amr_probe0027,86372,0.27,0.27,2.8143624e-06,2.8098234285166126e-06,0.9983872114396541,radian,1.0,1.0,1.05,2,106,17,12,3,37,76,35,1.0258917895314537,1.2517283229146832,0.5808673916793627,71.71875,33.28125,0.010413326366307091,0.018818109916756216,3.7897343498825435,11.994818902783223,3.7895452957372444,-0.02034314812803501,-0.0319225713191666,11.978465234230509,0.3031959390754974,-0.5478351626400801,1.3774882723152362,117.5435912699422,117.54361326685061,117.55165719959861,117.55164552231726,117.55165719959861,0.000741800052992847,0.01678611515296937,0.01593888938042421,18,38,17,163565.85318787763,7004.122113801228,7377.149391478301,177947.12469315715,radial,geometry,9433,1121,8312,3
amr_probe0027,86372,0.27,0.27,2.8143624e-06,2.8099002714529854e-06,0.9984145152923395,radian,1.0,1.0,1.05,2,113,1,13,3,41,77,35,1.0288887329583498,1.2680907846521299,0.5808673916793627,72.65624999999999,33.28125,0.009573333149550198,0.017227071546071462,4.066836935442949,11.655632836621214,4.059444023935588,0.24448066543601196,-0.017495149173608168,11.60851843683727,0.7641400015409782,-0.7156581458886553,1.374576111058688,119.12537260089088,119.12543659348573,119.13326880775595,119.13327299498931,119.13327299498931,0.0007537163290440851,0.016835152525121026,0.016069716241591956,20,38,17,163436.6616066987,7090.9811654547975,7414.615563389636,177942.25833554316,radial,geometry,9433,1121,8312,4
amr_probe0027,86372,0.27,0.27,2.8143624e-06,2.810030106288406e-06,0.9984606482407546,radian,1.0,1.0,1.05,2,113,1,12,3,41,76,35,1.0288887329583498,1.2517283229146832,0.5808673916793627,71.71875,33.28125,0.009632303682834477,0.017338878726489263,4.018611128934669,11.692768733460783,4.018351843404274,-0.021850208786178296,-0.04008037653325047,11.676486724416504,0.29733813127983216,-0.5404520926134239,1.374801732837082,119.13854087129198,119.1385629499997,119.14646775584865,119.14645594117314,119.14646775584865,0.0007537163290440851,0.01683515252512125,0.01598545174718465,20,38,17,163399.5576951345,7078.5410341137695,7455.937949247977,177934.03667849625,radial,geometry,9433,1121,8312,5
amr_probe0027,86372,0.27,0.27,2.8143624e-06,2.8103765237559514e-06,0.9985837373878899,radian,1.0,1.0,1.05,2,106,17,13,3,37,77,35,1.0258917895314537,1.2680907846521299,0.5808673916793627,72.65624999999999,33.28125,0.010355936316638295,0.018709009392620254,3.839136832669119,11.957245099929212,3.832576435976684,0.22433821015736233,0.001360079528106889,11.90929261298636,0.7834820272792185,-0.7284337656781924,1.377289892978844,117.4996156410146,117.49968026320148,117.50765277285153,117.50765747075755,117.50765747075755,0.000741800052992847,0.016786115152969145,0.01602290842951314,18,38,17,163564.6374109226,7013.653243179637,7333.813212952139,177912.10386705436,radial,geometry,9433,1121,8312,6
amr_probe0027,86372,0.27,0.27,2.8143624e-06,2.8118177943598517e-06,0.9990958500439927,radian,1.0,1.0,1.05,2,106,19,12,2,39,76,34,1.0273842912380753,1.2517283229146832,0.5645049299419158,71.71875,32.34374999999999,0.009986806492668816,0.01801184313372734,3.9347187743238328,11.815234170095675,3.909151222575692,0.10711035503135227,-0.4348286143947681,11.729208269706746,0.47184052261265697,-1.3426832765994878,1.3761330019256308,118.2303610999852,118.23047731240703,118.23835675508796,118.23826612083266,118.23835675508796,0.000747734453416804,0.016810536155037043,0.015962077810085677,19,38,17,163346.26280340643,7039.957917978645,7434.68965301269,177820.91037439776,radial,geometry,9433,1121,8312,7
amr_probe0027,86372,0.27,0.27,2.8143624e-06,2.8119748641645508e-06,0.9991516601289694,radian,1.0,1.0,1.05,2,106,17,12,2,37,76,34,1.0258917895314537,1.2517283229146832,0.5645049299419158,71.71875,32.34374999999999,0.010387910912859696,0.01877223434033625,3.829674309207178,11.967259291333272,3.8045951686695685,0.10597361022380117,-0.4245356417001818,11.880468614218872,0.47717495966569284,-1.3572267719253481,1.377490222292149,117.41689528117045,117.41701207121942,117.42496225428908,117.42487119145132,117.42496225428908,0.000741800052992847,0.01678611515296937,0.015938889380424103,18,38,17,163415.47395529493,7001.675777478645,7393.828015262614,177810.97774803618,radial,geometry,9433,1121,8312,8
amr_probe0027,86372,0.27,0.27,2.8143624e-06,2.812063899285353e-06,0.9991832961118841,radian,1.0,1.0,1.05,2,106,15,12,3,35,76,35,1.0244111330764718,1.2517283229146832,0.5808673916793627,71.71875,33.28125,0.010843327269898648,0.019634816130648464,3.6752869853224768,12.14750852196183,3.6751329527979912,-0.01897919875874008,-0.027784775571811676,12.131121317771383,0.30609502062186683,-0.5515112900009592,1.3788809957351829,116.65569073943985,116.65571271463487,116.66383453165837,116.6638229106521,116.66383453165837,0.0007359127509849461,0.016761887968378426,0.015915884985918678,17,38,17,163512.38038256843,6961.197566201441,7331.769976313911,177805.3479250838,radial,geometry,9433,1121,8312,9
amr_probe0027,86372,0.27,0.27,2.8143624e-06,2.8121769975693237e-06,0.9992234822243659,radian,1.0,1.0,1.05,2,113,3,12,3,43,76,35,1.0304052102123866,1.2517283229146832,0.5808673916793627,71.71875,33.28125,0.009275775660094613,0.016665459625205967,4.13292477767745,11.543429576150439,4.132629649729336,-0.022094284866629,-0.04417282755743251,11.527185763743322,0.2943900613941058,-0.5367394521090793,1.3734984675836885,119.85598890878046,119.85601104486918,119.8638533859813,119.86384149213829,119.8638533859813,0.000759746059676436,0.01685996582616614,0.016009012675780306,21,38,17,163197.4777827783,7110.687465616845,7490.031818208377,177798.19706660352,radial,geometry,9433,1121,8312,10
