it global_time dt rho m1 m2 m3 e b1 b2 b3 c1 n1 | Xload Xmemory 'Cell_Updates /second/core' 'Active_Blocks/Core' 'Wct Per Code Time [s]' 'TimeToFinish [hrs]'
       0  0.00000000E+00  0.00000000E+00   1.62409165E-06  1.93657061E-06  0.00000000E+00  0.00000000E+00  6.49636659E-05  1.38338290E-18 -1.55783825E-17  7.97050141E-20   1.00000000E+00      216 |   0.00E+00  0.00E+00  0.00E+00  2.16E+02  1.72E+15  4.77E+07
       1  0.00000000E+00  0.00000000E+00              NaN             NaN             NaN             NaN             NaN             NaN             NaN             NaN   1.00000000E+00      216 |   0.00E+00  0.00E+00  1.33E+06  2.16E+02  3.79E+15  1.05E+08
       2  0.00000000E+00  0.00000000E+00              NaN             NaN             NaN             NaN             NaN             NaN             NaN             NaN   1.00000000E+00      216 |   0.00E+00  0.00E+00  1.12E+06  2.16E+02  4.49E+15  1.25E+08
       3  0.00000000E+00  0.00000000E+00              NaN             NaN             NaN             NaN             NaN             NaN             NaN             NaN   1.00000000E+00      216 |   0.00E+00  0.00E+00  1.31E+06  2.16E+02  3.85E+15  1.07E+08
       4  0.00000000E+00  0.00000000E+00              NaN             NaN             NaN             NaN             NaN             NaN             NaN             NaN   1.00000000E+00      216 |   0.00E+00  0.00E+00  1.14E+06  2.16E+02  4.41E+15  1.22E+08
       5  0.00000000E+00  0.00000000E+00              NaN             NaN             NaN             NaN             NaN             NaN             NaN             NaN   1.00000000E+00      216 |   0.00E+00  0.00E+00  1.29E+06  2.16E+02  3.92E+15  1.09E+08
       6  0.00000000E+00  0.00000000E+00              NaN             NaN             NaN             NaN             NaN             NaN             NaN             NaN   1.00000000E+00      216 |   0.00E+00  0.00E+00  1.28E+06  2.16E+02  3.95E+15  1.10E+08
       7  0.00000000E+00  0.00000000E+00              NaN             NaN             NaN             NaN             NaN             NaN             NaN             NaN   1.00000000E+00      216 |   0.00E+00  0.00E+00  1.13E+06  2.16E+02  4.45E+15  1.24E+08
       8  0.00000000E+00  0.00000000E+00              NaN             NaN             NaN             NaN             NaN             NaN             NaN             NaN   1.00000000E+00      216 |   0.00E+00  0.00E+00  1.34E+06  2.16E+02  3.77E+15  1.05E+08
       9  0.00000000E+00  0.00000000E+00              NaN             NaN             NaN             NaN             NaN             NaN             NaN             NaN   1.00000000E+00      216 |   0.00E+00  0.00E+00  1.29E+06  2.16E+02  3.91E+15  1.09E+08
      10  0.00000000E+00  0.00000000E+00              NaN             NaN             NaN             NaN             NaN             NaN             NaN             NaN   1.00000000E+00      216 |   0.00E+00  0.00E+00  1.26E+06  2.16E+02  3.99E+15  1.11E+08
      11  0.00000000E+00  0.00000000E+00              NaN             NaN             NaN             NaN             NaN             NaN             NaN             NaN   1.00000000E+00      216 |   0.00E+00  0.00E+00  1.34E+06  2.16E+02  3.76E+15  1.04E+08
      12  0.00000000E+00  0.00000000E+00              NaN             NaN             NaN             NaN             NaN             NaN             NaN             NaN   1.00000000E+00      216 |   0.00E+00  0.00E+00  1.26E+06  2.16E+02  3.99E+15  1.11E+08
      13  0.00000000E+00  0.00000000E+00              NaN             NaN             NaN             NaN             NaN             NaN             NaN             NaN   1.00000000E+00      216 |   0.00E+00  0.00E+00  1.38E+06  2.16E+02  3.65E+15  1.01E+08
      14  0.00000000E+00  0.00000000E+00              NaN             NaN             NaN             NaN             NaN             NaN             NaN             NaN   1.00000000E+00      216 |   0.00E+00  0.00E+00  1.34E+06  2.16E+02  3.77E+15  1.05E+08
      15  0.00000000E+00  0.00000000E+00              NaN             NaN             NaN             NaN             NaN             NaN             NaN             NaN   1.00000000E+00      216 |   0.00E+00  0.00E+00  1.12E+06  2.16E+02  4.50E+15  1.25E+08
      16  0.00000000E+00  0.00000000E+00              NaN             NaN             NaN             NaN             NaN             NaN             NaN             NaN   1.00000000E+00      216 |   0.00E+00  0.00E+00  1.31E+06  2.16E+02  3.84E+15  1.07E+08
      17  0.00000000E+00  0.00000000E+00              NaN             NaN             NaN             NaN             NaN             NaN             NaN             NaN   1.00000000E+00      216 |   0.00E+00  0.00E+00  1.34E+06  2.16E+02  3.76E+15  1.04E+08
      18  0.00000000E+00  0.00000000E+00              NaN             NaN             NaN             NaN             NaN             NaN             NaN             NaN   1.00000000E+00      216 |   0.00E+00  0.00E+00  1.31E+06  2.16E+02  3.85E+15  1.07E+08
      19  0.00000000E+00  0.00000000E+00              NaN             NaN             NaN             NaN             NaN             NaN             NaN             NaN   1.00000000E+00      216 |   0.00E+00  0.00E+00  1.36E+06  2.16E+02  3.70E+15  1.03E+08
      20  0.00000000E+00  0.00000000E+00              NaN             NaN             NaN             NaN             NaN             NaN             NaN             NaN   1.00000000E+00      216 |   0.00E+00  0.00E+00  1.34E+06  2.16E+02  3.76E+15  1.04E+08
      21  0.00000000E+00  0.00000000E+00              NaN             NaN             NaN             NaN             NaN             NaN             NaN             NaN   1.00000000E+00      216 |   0.00E+00  0.00E+00  1.28E+06  2.16E+02  3.95E+15  1.10E+08
      22  0.00000000E+00  0.00000000E+00              NaN             NaN             NaN             NaN             NaN             NaN             NaN             NaN   1.00000000E+00      216 |   0.00E+00  0.00E+00  1.20E+06  2.16E+02  4.19E+15  1.16E+08
      23  0.00000000E+00  0.00000000E+00              NaN             NaN             NaN             NaN             NaN             NaN             NaN             NaN   1.00000000E+00      216 |   0.00E+00  0.00E+00  1.33E+06  2.16E+02  3.79E+15  1.05E+08
      24  0.00000000E+00  0.00000000E+00              NaN             NaN             NaN             NaN             NaN             NaN             NaN             NaN   1.00000000E+00      216 |   0.00E+00  0.00E+00  1.30E+06  2.16E+02  3.89E+15  1.08E+08
      25  0.00000000E+00  0.00000000E+00              NaN             NaN             NaN             NaN             NaN             NaN             NaN             NaN   1.00000000E+00      216 |   0.00E+00  0.00E+00  1.28E+06  2.16E+02  3.94E+15  1.09E+08
      26  0.00000000E+00  0.00000000E+00              NaN             NaN             NaN             NaN             NaN             NaN             NaN             NaN   1.00000000E+00      216 |   0.00E+00  0.00E+00  1.28E+06  2.16E+02  3.93E+15  1.09E+08
      27  0.00000000E+00  0.00000000E+00              NaN             NaN             NaN             NaN             NaN             NaN             NaN             NaN   1.00000000E+00      216 |   0.00E+00  0.00E+00  1.05E+06  2.16E+02  4.82E+15  1.34E+08
      28  0.00000000E+00  0.00000000E+00              NaN             NaN             NaN             NaN             NaN             NaN             NaN             NaN   1.00000000E+00      216 |   0.00E+00  0.00E+00  9.89E+05  2.16E+02  5.10E+15  1.42E+08
      29  0.00000000E+00  0.00000000E+00              NaN             NaN             NaN             NaN             NaN             NaN             NaN             NaN   1.00000000E+00      216 |   0.00E+00  0.00E+00  1.16E+06  2.16E+02  4.36E+15  1.21E+08
      30  0.00000000E+00  0.00000000E+00              NaN             NaN             NaN             NaN             NaN             NaN             NaN             NaN   1.00000000E+00      216 |   0.00E+00  0.00E+00  1.18E+06  2.16E+02  4.26E+15  1.18E+08
      31  0.00000000E+00  0.00000000E+00              NaN             NaN             NaN             NaN             NaN             NaN             NaN             NaN   1.00000000E+00      216 |   0.00E+00  0.00E+00  1.16E+06  2.16E+02  4.33E+15  1.20E+08
      32  0.00000000E+00  0.00000000E+00              NaN             NaN             NaN             NaN             NaN             NaN             NaN             NaN   1.00000000E+00      216 |   0.00E+00  0.00E+00  1.19E+06  2.16E+02  4.23E+15  1.18E+08
      33  0.00000000E+00  0.00000000E+00              NaN             NaN             NaN             NaN             NaN             NaN             NaN             NaN   1.00000000E+00      216 |   0.00E+00  0.00E+00  9.13E+05  2.16E+02  5.52E+15  1.53E+08
      34  0.00000000E+00  0.00000000E+00              NaN             NaN             NaN             NaN             NaN             NaN             NaN             NaN   1.00000000E+00      216 |   0.00E+00  0.00E+00  3.98E+05  2.16E+02  1.27E+16  3.52E+08
      35  0.00000000E+00  0.00000000E+00              NaN             NaN             NaN             NaN             NaN             NaN             NaN             NaN   1.00000000E+00      216 |   0.00E+00  0.00E+00  4.02E+05  2.16E+02  1.25E+16  3.48E+08
      36  0.00000000E+00  0.00000000E+00              NaN             NaN             NaN             NaN             NaN             NaN             NaN             NaN   1.00000000E+00      216 |   0.00E+00  0.00E+00  6.35E+05  2.16E+02  7.94E+15  2.20E+08
      37  0.00000000E+00  0.00000000E+00              NaN             NaN             NaN             NaN             NaN             NaN             NaN             NaN   1.00000000E+00      216 |   0.00E+00  0.00E+00  1.07E+06  2.16E+02  4.70E+15  1.31E+08
      38  0.00000000E+00  0.00000000E+00              NaN             NaN             NaN             NaN             NaN             NaN             NaN             NaN   1.00000000E+00      216 |   0.00E+00  0.00E+00  1.10E+06  2.16E+02  4.59E+15  1.27E+08
      39  0.00000000E+00  0.00000000E+00              NaN             NaN             NaN             NaN             NaN             NaN             NaN             NaN   1.00000000E+00      216 |   0.00E+00  0.00E+00  1.09E+06  2.16E+02  4.62E+15  1.28E+08
      40  0.00000000E+00  0.00000000E+00              NaN             NaN             NaN             NaN             NaN             NaN             NaN             NaN   1.00000000E+00      216 |   0.00E+00  0.00E+00  1.08E+06  2.16E+02  4.68E+15  1.30E+08
      41  0.00000000E+00  0.00000000E+00              NaN             NaN             NaN             NaN             NaN             NaN             NaN             NaN   1.00000000E+00      216 |   0.00E+00  0.00E+00  1.13E+06  2.16E+02  4.48E+15  1.25E+08
      42  0.00000000E+00  0.00000000E+00              NaN             NaN             NaN             NaN             NaN             NaN             NaN             NaN   1.00000000E+00      216 |   0.00E+00  0.00E+00  1.02E+06  2.16E+02  4.96E+15  1.38E+08
      43  0.00000000E+00  0.00000000E+00              NaN             NaN             NaN             NaN             NaN             NaN             NaN             NaN   1.00000000E+00      216 |   0.00E+00  0.00E+00  8.85E+05  2.16E+02  5.70E+15  1.58E+08
      44  0.00000000E+00  0.00000000E+00              NaN             NaN             NaN             NaN             NaN             NaN             NaN             NaN   1.00000000E+00      216 |   0.00E+00  0.00E+00  7.20E+05  2.16E+02  7.01E+15  1.95E+08
      45  0.00000000E+00  0.00000000E+00              NaN             NaN             NaN             NaN             NaN             NaN             NaN             NaN   1.00000000E+00      216 |   0.00E+00  0.00E+00  6.20E+05  2.16E+02  8.14E+15  2.26E+08
      46  0.00000000E+00  0.00000000E+00              NaN             NaN             NaN             NaN             NaN             NaN             NaN             NaN   1.00000000E+00      216 |   0.00E+00  0.00E+00  5.06E+05  2.16E+02  9.97E+15  2.77E+08
      47  0.00000000E+00  0.00000000E+00              NaN             NaN             NaN             NaN             NaN             NaN             NaN             NaN   1.00000000E+00      216 |   0.00E+00  0.00E+00  4.98E+05  2.16E+02  1.01E+16  2.81E+08
      48  0.00000000E+00  0.00000000E+00              NaN             NaN             NaN             NaN             NaN             NaN             NaN             NaN   1.00000000E+00      216 |   0.00E+00  0.00E+00  5.14E+05  2.16E+02  9.81E+15  2.72E+08
      49  0.00000000E+00  0.00000000E+00              NaN             NaN             NaN             NaN             NaN             NaN             NaN             NaN   1.00000000E+00      216 |   0.00E+00  0.00E+00  4.15E+05  2.16E+02  1.21E+16  3.37E+08
      50  0.00000000E+00  0.00000000E+00              NaN             NaN             NaN             NaN             NaN             NaN             NaN             NaN   1.00000000E+00      216 |   0.00E+00  0.00E+00  4.71E+05  2.16E+02  1.07E+16  2.97E+08
      51  0.00000000E+00  0.00000000E+00              NaN             NaN             NaN             NaN             NaN             NaN             NaN             NaN   1.00000000E+00      216 |   0.00E+00  0.00E+00  3.90E+05  2.16E+02  1.29E+16  3.59E+08
      52  0.00000000E+00  0.00000000E+00              NaN             NaN             NaN             NaN             NaN             NaN             NaN             NaN   1.00000000E+00      216 |   0.00E+00  0.00E+00  4.33E+05  2.16E+02  1.16E+16  3.24E+08
      53  0.00000000E+00  0.00000000E+00              NaN             NaN             NaN             NaN             NaN             NaN             NaN             NaN   1.00000000E+00      216 |   0.00E+00  0.00E+00  3.03E+05  2.16E+02  1.66E+16  4.62E+08
      54  0.00000000E+00  0.00000000E+00              NaN             NaN             NaN             NaN             NaN             NaN             NaN             NaN   1.00000000E+00      216 |   0.00E+00  0.00E+00  3.04E+05  2.16E+02  1.66E+16  4.61E+08
      55  0.00000000E+00  0.00000000E+00              NaN             NaN             NaN             NaN             NaN             NaN             NaN             NaN   1.00000000E+00      216 |   0.00E+00  0.00E+00  2.66E+05  2.16E+02  1.89E+16  5.26E+08
      56  0.00000000E+00  0.00000000E+00              NaN             NaN             NaN             NaN             NaN             NaN             NaN             NaN   1.00000000E+00      216 |   0.00E+00  0.00E+00  2.34E+05  2.16E+02  2.15E+16  5.99E+08
      57  0.00000000E+00  0.00000000E+00              NaN             NaN             NaN             NaN             NaN             NaN             NaN             NaN   1.00000000E+00      216 |   0.00E+00  0.00E+00  2.52E+05  2.16E+02  2.00E+16  5.55E+08
      58  0.00000000E+00  0.00000000E+00              NaN             NaN             NaN             NaN             NaN             NaN             NaN             NaN   1.00000000E+00      216 |   0.00E+00  0.00E+00  3.65E+05  2.16E+02  1.38E+16  3.84E+08
      59  0.00000000E+00  0.00000000E+00              NaN             NaN             NaN             NaN             NaN             NaN             NaN             NaN   1.00000000E+00      216 |   0.00E+00  0.00E+00  2.49E+05  2.16E+02  2.03E+16  5.63E+08
      60  0.00000000E+00  0.00000000E+00              NaN             NaN             NaN             NaN             NaN             NaN             NaN             NaN   1.00000000E+00      216 |   0.00E+00  0.00E+00  2.60E+05  2.16E+02  1.94E+16  5.38E+08
      61  0.00000000E+00  0.00000000E+00              NaN             NaN             NaN             NaN             NaN             NaN             NaN             NaN   1.00000000E+00      216 |   0.00E+00  0.00E+00  4.08E+05  2.16E+02  1.24E+16  3.44E+08
      62  0.00000000E+00  0.00000000E+00              NaN             NaN             NaN             NaN             NaN             NaN             NaN             NaN   1.00000000E+00      216 |   0.00E+00  0.00E+00  4.33E+05  2.16E+02  1.17E+16  3.24E+08
      63  0.00000000E+00  0.00000000E+00              NaN             NaN             NaN             NaN             NaN             NaN             NaN             NaN   1.00000000E+00      216 |   0.00E+00  0.00E+00  5.19E+05  2.16E+02  9.71E+15  2.70E+08
      64  0.00000000E+00  0.00000000E+00              NaN             NaN             NaN             NaN             NaN             NaN             NaN             NaN   1.00000000E+00      216 |   0.00E+00  0.00E+00  5.28E+05  2.16E+02  9.56E+15  2.65E+08
      65  0.00000000E+00  0.00000000E+00              NaN             NaN             NaN             NaN             NaN             NaN             NaN             NaN   1.00000000E+00      216 |   0.00E+00  0.00E+00  4.28E+05  2.16E+02  1.18E+16  3.27E+08
      66  0.00000000E+00  0.00000000E+00              NaN             NaN             NaN             NaN             NaN             NaN             NaN             NaN   1.00000000E+00      216 |   0.00E+00  0.00E+00  4.77E+05  2.16E+02  1.06E+16  2.94E+08
      67  0.00000000E+00  0.00000000E+00              NaN             NaN             NaN             NaN             NaN             NaN             NaN             NaN   1.00000000E+00      216 |   0.00E+00  0.00E+00  5.42E+05  2.16E+02  9.30E+15  2.58E+08
      68  0.00000000E+00  0.00000000E+00              NaN             NaN             NaN             NaN             NaN             NaN             NaN             NaN   1.00000000E+00      216 |   0.00E+00  0.00E+00  4.36E+05  2.16E+02  1.16E+16  3.21E+08
      69  0.00000000E+00  0.00000000E+00              NaN             NaN             NaN             NaN             NaN             NaN             NaN             NaN   1.00000000E+00      216 |   0.00E+00  0.00E+00  3.90E+05  2.16E+02  1.29E+16  3.59E+08
      70  0.00000000E+00  0.00000000E+00              NaN             NaN             NaN             NaN             NaN             NaN             NaN             NaN   1.00000000E+00      216 |   0.00E+00  0.00E+00  4.10E+05  2.16E+02  1.23E+16  3.41E+08
      71  0.00000000E+00  0.00000000E+00              NaN             NaN             NaN             NaN             NaN             NaN             NaN             NaN   1.00000000E+00      216 |   0.00E+00  0.00E+00  5.16E+05  2.16E+02  9.77E+15  2.71E+08
      72  0.00000000E+00  0.00000000E+00              NaN             NaN             NaN             NaN             NaN             NaN             NaN             NaN   1.00000000E+00      216 |   0.00E+00  0.00E+00  6.00E+05  2.16E+02  8.41E+15  2.34E+08
      73  0.00000000E+00  0.00000000E+00              NaN             NaN             NaN             NaN             NaN             NaN             NaN             NaN   1.00000000E+00      216 |   0.00E+00  0.00E+00  6.21E+05  2.16E+02  8.13E+15  2.26E+08
      74  0.00000000E+00  0.00000000E+00              NaN             NaN             NaN             NaN             NaN             NaN             NaN             NaN   1.00000000E+00      216 |   0.00E+00  0.00E+00  3.95E+05  2.16E+02  1.28E+16  3.55E+08
      75  0.00000000E+00  0.00000000E+00              NaN             NaN             NaN             NaN             NaN             NaN             NaN             NaN   1.00000000E+00      216 |   0.00E+00  0.00E+00  3.14E+05  2.16E+02  1.60E+16  4.45E+08
      76  0.00000000E+00  0.00000000E+00              NaN             NaN             NaN             NaN             NaN             NaN             NaN             NaN   1.00000000E+00      216 |   0.00E+00  0.00E+00  4.09E+05  2.16E+02  1.23E+16  3.42E+08
      77  0.00000000E+00  0.00000000E+00              NaN             NaN             NaN             NaN             NaN             NaN             NaN             NaN   1.00000000E+00      216 |   0.00E+00  0.00E+00  7.17E+05  2.16E+02  7.03E+15  1.95E+08
      78  0.00000000E+00  0.00000000E+00              NaN             NaN             NaN             NaN             NaN             NaN             NaN             NaN   1.00000000E+00      216 |   0.00E+00  0.00E+00  9.93E+05  2.16E+02  5.08E+15  1.41E+08
      79  0.00000000E+00  0.00000000E+00              NaN             NaN             NaN             NaN             NaN             NaN             NaN             NaN   1.00000000E+00      216 |   0.00E+00  0.00E+00  1.04E+06  2.16E+02  4.84E+15  1.34E+08
      80  0.00000000E+00  0.00000000E+00              NaN             NaN             NaN             NaN             NaN             NaN             NaN             NaN   1.00000000E+00      216 |   0.00E+00  0.00E+00  1.04E+06  2.16E+02  4.86E+15  1.35E+08
      81  0.00000000E+00  0.00000000E+00              NaN             NaN             NaN             NaN             NaN             NaN             NaN             NaN   1.00000000E+00      216 |   0.00E+00  0.00E+00  1.10E+06  2.16E+02  4.59E+15  1.28E+08
      82  0.00000000E+00  0.00000000E+00              NaN             NaN             NaN             NaN             NaN             NaN             NaN             NaN   1.00000000E+00      216 |   0.00E+00  0.00E+00  1.08E+06  2.16E+02  4.68E+15  1.30E+08
      83  0.00000000E+00  0.00000000E+00              NaN             NaN             NaN             NaN             NaN             NaN             NaN             NaN   1.00000000E+00      216 |   0.00E+00  0.00E+00  1.05E+06  2.16E+02  4.80E+15  1.33E+08
      84  0.00000000E+00  0.00000000E+00              NaN             NaN             NaN             NaN             NaN             NaN             NaN             NaN   1.00000000E+00      216 |   0.00E+00  0.00E+00  1.04E+06  2.16E+02  4.84E+15  1.34E+08
      85  0.00000000E+00  0.00000000E+00              NaN             NaN             NaN             NaN             NaN             NaN             NaN             NaN   1.00000000E+00      216 |   0.00E+00  0.00E+00  9.86E+05  2.16E+02  5.12E+15  1.42E+08
      86  0.00000000E+00  0.00000000E+00              NaN             NaN             NaN             NaN             NaN             NaN             NaN             NaN   1.00000000E+00      216 |   0.00E+00  0.00E+00  9.41E+05  2.16E+02  5.36E+15  1.49E+08
      87  0.00000000E+00  0.00000000E+00              NaN             NaN             NaN             NaN             NaN             NaN             NaN             NaN   1.00000000E+00      216 |   0.00E+00  0.00E+00  2.86E+05  2.16E+02  1.76E+16  4.90E+08
      88  0.00000000E+00  0.00000000E+00              NaN             NaN             NaN             NaN             NaN             NaN             NaN             NaN   1.00000000E+00      216 |   0.00E+00  0.00E+00  3.21E+05  2.16E+02  1.57E+16  4.36E+08
      89  0.00000000E+00  0.00000000E+00              NaN             NaN             NaN             NaN             NaN             NaN             NaN             NaN   1.00000000E+00      216 |   0.00E+00  0.00E+00  5.13E+05  2.16E+02  9.82E+15  2.73E+08
      90  0.00000000E+00  0.00000000E+00              NaN             NaN             NaN             NaN             NaN             NaN             NaN             NaN   1.00000000E+00      216 |   0.00E+00  0.00E+00  8.50E+05  2.16E+02  5.93E+15  1.65E+08
      91  0.00000000E+00  0.00000000E+00              NaN             NaN             NaN             NaN             NaN             NaN             NaN             NaN   1.00000000E+00      216 |   0.00E+00  0.00E+00  9.45E+05  2.16E+02  5.34E+15  1.48E+08
      92  0.00000000E+00  0.00000000E+00              NaN             NaN             NaN             NaN             NaN             NaN             NaN             NaN   1.00000000E+00      216 |   0.00E+00  0.00E+00  1.05E+06  2.16E+02  4.83E+15  1.34E+08
      93  0.00000000E+00  0.00000000E+00              NaN             NaN             NaN             NaN             NaN             NaN             NaN             NaN   1.00000000E+00      216 |   0.00E+00  0.00E+00  1.09E+06  2.16E+02  4.62E+15  1.28E+08
      94  0.00000000E+00  0.00000000E+00              NaN             NaN             NaN             NaN             NaN             NaN             NaN             NaN   1.00000000E+00      216 |   0.00E+00  0.00E+00  1.12E+06  2.16E+02  4.51E+15  1.25E+08
      95  0.00000000E+00  0.00000000E+00              NaN             NaN             NaN             NaN             NaN             NaN             NaN             NaN   1.00000000E+00      216 |   0.00E+00  0.00E+00  9.81E+05  2.16E+02  5.14E+15  1.43E+08
      96  0.00000000E+00  0.00000000E+00              NaN             NaN             NaN             NaN             NaN             NaN             NaN             NaN   1.00000000E+00      216 |   0.00E+00  0.00E+00  1.07E+06  2.16E+02  4.70E+15  1.31E+08
      97  0.00000000E+00  0.00000000E+00              NaN             NaN             NaN             NaN             NaN             NaN             NaN             NaN   1.00000000E+00      216 |   0.00E+00  0.00E+00  9.43E+05  2.16E+02  5.35E+15  1.49E+08
      98  0.00000000E+00  0.00000000E+00              NaN             NaN             NaN             NaN             NaN             NaN             NaN             NaN   1.00000000E+00      216 |   0.00E+00  0.00E+00  1.00E+06  2.16E+02  5.04E+15  1.40E+08
      99  0.00000000E+00  0.00000000E+00              NaN             NaN             NaN             NaN             NaN             NaN             NaN             NaN   1.00000000E+00      216 |   0.00E+00  0.00E+00  8.49E+05  2.16E+02  5.94E+15  1.65E+08
     100  0.00000000E+00  0.00000000E+00              NaN             NaN             NaN             NaN             NaN             NaN             NaN             NaN   1.00000000E+00      216 |   0.00E+00  0.00E+00  8.20E+05  2.16E+02  6.15E+15  1.71E+08
     101  0.00000000E+00  0.00000000E+00              NaN             NaN             NaN             NaN             NaN             NaN             NaN             NaN   1.00000000E+00      216 |   0.00E+00  0.00E+00  9.99E+05  2.16E+02  5.05E+15  1.40E+08
     102  0.00000000E+00  0.00000000E+00              NaN             NaN             NaN             NaN             NaN             NaN             NaN             NaN   1.00000000E+00      216 |   0.00E+00  0.00E+00  1.10E+06  2.16E+02  4.58E+15  1.27E+08
     103  0.00000000E+00  0.00000000E+00              NaN             NaN             NaN             NaN             NaN             NaN             NaN             NaN   1.00000000E+00      216 |   0.00E+00  0.00E+00  1.14E+06  2.16E+02  4.43E+15  1.23E+08
     104  0.00000000E+00  0.00000000E+00              NaN             NaN             NaN             NaN             NaN             NaN             NaN             NaN   1.00000000E+00      216 |   0.00E+00  0.00E+00  9.42E+05  2.16E+02  5.35E+15  1.49E+08
     105  0.00000000E+00  0.00000000E+00              NaN             NaN             NaN             NaN             NaN             NaN             NaN             NaN   1.00000000E+00      216 |   0.00E+00  0.00E+00  9.13E+05  2.16E+02  5.52E+15  1.53E+08
     106  0.00000000E+00  0.00000000E+00              NaN             NaN             NaN             NaN             NaN             NaN             NaN             NaN   1.00000000E+00      216 |   0.00E+00  0.00E+00  8.07E+05  2.16E+02  6.25E+15  1.74E+08
     107  0.00000000E+00  0.00000000E+00              NaN             NaN             NaN             NaN             NaN             NaN             NaN             NaN   1.00000000E+00      216 |   0.00E+00  0.00E+00  9.26E+05  2.16E+02  5.45E+15  1.51E+08
     108  0.00000000E+00  0.00000000E+00              NaN             NaN             NaN             NaN             NaN             NaN             NaN             NaN   1.00000000E+00      216 |   0.00E+00  0.00E+00  9.69E+05  2.16E+02  5.20E+15  1.45E+08
     109  0.00000000E+00  0.00000000E+00              NaN             NaN             NaN             NaN             NaN             NaN             NaN             NaN   1.00000000E+00      216 |   0.00E+00  0.00E+00  1.07E+06  2.16E+02  4.73E+15  1.31E+08
     110  0.00000000E+00  0.00000000E+00              NaN             NaN             NaN             NaN             NaN             NaN             NaN             NaN   1.00000000E+00      216 |   0.00E+00  0.00E+00  1.05E+06  2.16E+02  4.81E+15  1.34E+08
     111  0.00000000E+00  0.00000000E+00              NaN             NaN             NaN             NaN             NaN             NaN             NaN             NaN   1.00000000E+00      216 |   0.00E+00  0.00E+00  1.07E+06  2.16E+02  4.72E+15  1.31E+08
     112  0.00000000E+00  0.00000000E+00              NaN             NaN             NaN             NaN             NaN             NaN             NaN             NaN   1.00000000E+00      216 |   0.00E+00  0.00E+00  1.01E+06  2.16E+02  5.01E+15  1.39E+08
     113  0.00000000E+00  0.00000000E+00              NaN             NaN             NaN             NaN             NaN             NaN             NaN             NaN   1.00000000E+00      216 |   0.00E+00  0.00E+00  1.03E+06  2.16E+02  4.88E+15  1.36E+08
     114  0.00000000E+00  0.00000000E+00              NaN             NaN             NaN             NaN             NaN             NaN             NaN             NaN   1.00000000E+00      216 |   0.00E+00  0.00E+00  1.01E+06  2.16E+02  4.97E+15  1.38E+08
     115  0.00000000E+00  0.00000000E+00              NaN             NaN             NaN             NaN             NaN             NaN             NaN             NaN   1.00000000E+00      216 |   0.00E+00  0.00E+00  1.01E+06  2.16E+02  4.97E+15  1.38E+08
     116  0.00000000E+00  0.00000000E+00              NaN             NaN             NaN             NaN             NaN             NaN             NaN             NaN   1.00000000E+00      216 |   0.00E+00  0.00E+00  1.05E+06  2.16E+02  4.79E+15  1.33E+08
     117  0.00000000E+00  0.00000000E+00              NaN             NaN             NaN             NaN             NaN             NaN             NaN             NaN   1.00000000E+00      216 |   0.00E+00  0.00E+00  1.00E+06  2.16E+02  5.04E+15  1.40E+08
     118  0.00000000E+00  0.00000000E+00              NaN             NaN             NaN             NaN             NaN             NaN             NaN             NaN   1.00000000E+00      216 |   0.00E+00  0.00E+00  7.46E+05  2.16E+02  6.76E+15  1.88E+08
     119  0.00000000E+00  0.00000000E+00              NaN             NaN             NaN             NaN             NaN             NaN             NaN             NaN   1.00000000E+00      216 |   0.00E+00  0.00E+00  9.33E+05  2.16E+02  5.40E+15  1.50E+08
     120  0.00000000E+00  0.00000000E+00              NaN             NaN             NaN             NaN             NaN             NaN             NaN             NaN   1.00000000E+00      216 |   0.00E+00  0.00E+00  9.43E+05  2.16E+02  5.35E+15  1.49E+08
     121  0.00000000E+00  0.00000000E+00              NaN             NaN             NaN             NaN             NaN             NaN             NaN             NaN   1.00000000E+00      216 |   0.00E+00  0.00E+00  1.04E+06  2.16E+02  4.86E+15  1.35E+08
     122  0.00000000E+00  0.00000000E+00              NaN             NaN             NaN             NaN             NaN             NaN             NaN             NaN   1.00000000E+00      216 |   0.00E+00  0.00E+00  8.53E+05  2.16E+02  5.92E+15  1.64E+08
     123  0.00000000E+00  0.00000000E+00              NaN             NaN             NaN             NaN             NaN             NaN             NaN             NaN   1.00000000E+00      216 |   0.00E+00  0.00E+00  8.08E+05  2.16E+02  6.24E+15  1.73E+08
     124  0.00000000E+00  0.00000000E+00              NaN             NaN             NaN             NaN             NaN             NaN             NaN             NaN   1.00000000E+00      216 |   0.00E+00  0.00E+00  7.62E+05  2.16E+02  6.62E+15  1.84E+08
     125  0.00000000E+00  0.00000000E+00              NaN             NaN             NaN             NaN             NaN             NaN             NaN             NaN   1.00000000E+00      216 |   0.00E+00  0.00E+00  8.68E+05  2.16E+02  5.81E+15  1.61E+08
     126  0.00000000E+00  0.00000000E+00              NaN             NaN             NaN             NaN             NaN             NaN             NaN             NaN   1.00000000E+00      216 |   0.00E+00  0.00E+00  9.07E+05  2.16E+02  5.56E+15  1.54E+08
     127  0.00000000E+00  0.00000000E+00              NaN             NaN             NaN             NaN             NaN             NaN             NaN             NaN   1.00000000E+00      216 |   0.00E+00  0.00E+00  7.21E+05  2.16E+02  7.00E+15  1.94E+08
     128  0.00000000E+00  0.00000000E+00              NaN             NaN             NaN             NaN             NaN             NaN             NaN             NaN   1.00000000E+00      216 |   0.00E+00  0.00E+00  6.63E+05  2.16E+02  7.61E+15  2.11E+08
     129  0.00000000E+00  0.00000000E+00              NaN             NaN             NaN             NaN             NaN             NaN             NaN             NaN   1.00000000E+00      216 |   0.00E+00  0.00E+00  8.13E+05  2.16E+02  6.20E+15  1.72E+08
     130  0.00000000E+00  0.00000000E+00              NaN             NaN             NaN             NaN             NaN             NaN             NaN             NaN   1.00000000E+00      216 |   0.00E+00  0.00E+00  8.91E+05  2.16E+02  5.66E+15  1.57E+08
     131  0.00000000E+00  0.00000000E+00              NaN             NaN             NaN             NaN             NaN             NaN             NaN             NaN   1.00000000E+00      216 |   0.00E+00  0.00E+00  9.05E+05  2.16E+02  5.57E+15  1.55E+08
     132  0.00000000E+00  0.00000000E+00              NaN             NaN             NaN             NaN             NaN             NaN             NaN             NaN   1.00000000E+00      216 |   0.00E+00  0.00E+00  9.39E+05  2.16E+02  5.37E+15  1.49E+08
     133  0.00000000E+00  0.00000000E+00              NaN             NaN             NaN             NaN             NaN             NaN             NaN             NaN   1.00000000E+00      216 |   0.00E+00  0.00E+00  9.34E+05  2.16E+02  5.40E+15  1.50E+08
     134  0.00000000E+00  0.00000000E+00              NaN             NaN             NaN             NaN             NaN             NaN             NaN             NaN   1.00000000E+00      216 |   0.00E+00  0.00E+00  9.32E+05  2.16E+02  5.41E+15  1.50E+08
     135  0.00000000E+00  0.00000000E+00              NaN             NaN             NaN             NaN             NaN             NaN             NaN             NaN   1.00000000E+00      216 |   0.00E+00  0.00E+00  7.12E+05  2.16E+02  7.09E+15  1.97E+08
     136  0.00000000E+00  0.00000000E+00              NaN             NaN             NaN             NaN             NaN             NaN             NaN             NaN   1.00000000E+00      216 |   0.00E+00  0.00E+00  8.66E+05  2.16E+02  5.82E+15  1.62E+08
     137  0.00000000E+00  0.00000000E+00              NaN             NaN             NaN             NaN             NaN             NaN             NaN             NaN   1.00000000E+00      216 |   0.00E+00  0.00E+00  8.35E+05  2.16E+02  6.04E+15  1.68E+08
     138  0.00000000E+00  0.00000000E+00              NaN             NaN             NaN             NaN             NaN             NaN             NaN             NaN   1.00000000E+00      216 |   0.00E+00  0.00E+00  8.71E+05  2.16E+02  5.79E+15  1.61E+08
     139  0.00000000E+00  0.00000000E+00              NaN             NaN             NaN             NaN             NaN             NaN             NaN             NaN   1.00000000E+00      216 |   0.00E+00  0.00E+00  7.80E+05  2.16E+02  6.47E+15  1.80E+08
     140  0.00000000E+00  0.00000000E+00              NaN             NaN             NaN             NaN             NaN             NaN             NaN             NaN   1.00000000E+00      216 |   0.00E+00  0.00E+00  8.54E+05  2.16E+02  5.91E+15  1.64E+08
     141  0.00000000E+00  0.00000000E+00              NaN             NaN             NaN             NaN             NaN             NaN             NaN             NaN   1.00000000E+00      216 |   0.00E+00  0.00E+00  9.28E+05  2.16E+02  5.43E+15  1.51E+08
     142  0.00000000E+00  0.00000000E+00              NaN             NaN             NaN             NaN             NaN             NaN             NaN             NaN   1.00000000E+00      216 |   0.00E+00  0.00E+00  8.75E+05  2.16E+02  5.76E+15  1.60E+08
     143  0.00000000E+00  0.00000000E+00              NaN             NaN             NaN             NaN             NaN             NaN             NaN             NaN   1.00000000E+00      216 |   0.00E+00  0.00E+00  8.73E+05  2.16E+02  5.78E+15  1.60E+08
     144  0.00000000E+00  0.00000000E+00              NaN             NaN             NaN             NaN             NaN             NaN             NaN             NaN   1.00000000E+00      216 |   0.00E+00  0.00E+00  9.37E+05  2.16E+02  5.38E+15  1.49E+08
     145  0.00000000E+00  0.00000000E+00              NaN             NaN             NaN             NaN             NaN             NaN             NaN             NaN   1.00000000E+00      216 |   0.00E+00  0.00E+00  9.75E+05  2.16E+02  5.17E+15  1.44E+08
     146  0.00000000E+00  0.00000000E+00              NaN             NaN             NaN             NaN             NaN             NaN             NaN             NaN   1.00000000E+00      216 |   0.00E+00  0.00E+00  9.93E+05  2.16E+02  5.08E+15  1.41E+08
     147  0.00000000E+00  0.00000000E+00              NaN             NaN             NaN             NaN             NaN             NaN             NaN             NaN   1.00000000E+00      216 |   0.00E+00  0.00E+00  9.92E+05  2.16E+02  5.08E+15  1.41E+08
     148  0.00000000E+00  0.00000000E+00              NaN             NaN             NaN             NaN             NaN             NaN             NaN             NaN   1.00000000E+00      216 |   0.00E+00  0.00E+00  7.52E+05  2.16E+02  6.70E+15  1.86E+08
     149  0.00000000E+00  0.00000000E+00              NaN             NaN             NaN             NaN             NaN             NaN             NaN             NaN   1.00000000E+00      216 |   0.00E+00  0.00E+00  5.16E+05  2.16E+02  9.77E+15  2.71E+08
     150  0.00000000E+00  0.00000000E+00              NaN             NaN             NaN             NaN             NaN             NaN             NaN             NaN   1.00000000E+00      216 |   0.00E+00  0.00E+00  4.47E+05  2.16E+02  1.13E+16  3.13E+08
     151  0.00000000E+00  0.00000000E+00              NaN             NaN             NaN             NaN             NaN             NaN             NaN             NaN   1.00000000E+00      216 |   0.00E+00  0.00E+00  4.70E+05  2.16E+02  1.07E+16  2.98E+08
     152  0.00000000E+00  0.00000000E+00              NaN             NaN             NaN             NaN             NaN             NaN             NaN             NaN   1.00000000E+00      216 |   0.00E+00  0.00E+00  3.64E+05  2.16E+02  1.39E+16  3.85E+08
     153  0.00000000E+00  0.00000000E+00              NaN             NaN             NaN             NaN             NaN             NaN             NaN             NaN   1.00000000E+00      216 |   0.00E+00  0.00E+00  7.15E+05  2.16E+02  7.05E+15  1.96E+08
     154  0.00000000E+00  0.00000000E+00              NaN             NaN             NaN             NaN             NaN             NaN             NaN             NaN   1.00000000E+00      216 |   0.00E+00  0.00E+00  7.79E+05  2.16E+02  6.47E+15  1.80E+08
     155  0.00000000E+00  0.00000000E+00              NaN             NaN             NaN             NaN             NaN             NaN             NaN             NaN   1.00000000E+00      216 |   0.00E+00  0.00E+00  8.42E+05  2.16E+02  5.99E+15  1.66E+08
     156  0.00000000E+00  0.00000000E+00              NaN             NaN             NaN             NaN             NaN             NaN             NaN             NaN   1.00000000E+00      216 |   0.00E+00  0.00E+00  7.89E+05  2.16E+02  6.39E+15  1.77E+08
     157  0.00000000E+00  0.00000000E+00              NaN             NaN             NaN             NaN             NaN             NaN             NaN             NaN   1.00000000E+00      216 |   0.00E+00  0.00E+00  7.77E+05  2.16E+02  6.49E+15  1.80E+08
     158  0.00000000E+00  0.00000000E+00              NaN             NaN             NaN             NaN             NaN             NaN             NaN             NaN   1.00000000E+00      216 |   0.00E+00  0.00E+00  8.10E+05  2.16E+02  6.22E+15  1.73E+08
     159  0.00000000E+00  0.00000000E+00              NaN             NaN             NaN             NaN             NaN             NaN             NaN             NaN   1.00000000E+00      216 |   0.00E+00  0.00E+00  8.18E+05  2.16E+02  6.16E+15  1.71E+08
     160  0.00000000E+00  0.00000000E+00              NaN             NaN             NaN             NaN             NaN             NaN             NaN             NaN   1.00000000E+00      216 |   0.00E+00  0.00E+00  7.87E+05  2.16E+02  6.41E+15  1.78E+08
     161  0.00000000E+00  0.00000000E+00              NaN             NaN             NaN             NaN             NaN             NaN             NaN             NaN   1.00000000E+00      216 |   0.00E+00  0.00E+00  7.79E+05  2.16E+02  6.47E+15  1.80E+08
     162  0.00000000E+00  0.00000000E+00              NaN             NaN             NaN             NaN             NaN             NaN             NaN             NaN   1.00000000E+00      216 |   0.00E+00  0.00E+00  7.60E+05  2.16E+02  6.64E+15  1.84E+08
     163  0.00000000E+00  0.00000000E+00              NaN             NaN             NaN             NaN             NaN             NaN             NaN             NaN   1.00000000E+00      216 |   0.00E+00  0.00E+00  7.77E+05  2.16E+02  6.49E+15  1.80E+08
     164  0.00000000E+00  0.00000000E+00              NaN             NaN             NaN             NaN             NaN             NaN             NaN             NaN   1.00000000E+00      216 |   0.00E+00  0.00E+00  8.00E+05  2.16E+02  6.30E+15  1.75E+08
     165  0.00000000E+00  0.00000000E+00              NaN             NaN             NaN             NaN             NaN             NaN             NaN             NaN   1.00000000E+00      216 |   0.00E+00  0.00E+00  9.12E+05  2.16E+02  5.53E+15  1.54E+08
     166  0.00000000E+00  0.00000000E+00              NaN             NaN             NaN             NaN             NaN             NaN             NaN             NaN   1.00000000E+00      216 |   0.00E+00  0.00E+00  9.45E+05  2.16E+02  5.34E+15  1.48E+08
     167  0.00000000E+00  0.00000000E+00              NaN             NaN             NaN             NaN             NaN             NaN             NaN             NaN   1.00000000E+00      216 |   0.00E+00  0.00E+00  8.61E+05  2.16E+02  5.86E+15  1.63E+08
     168  0.00000000E+00  0.00000000E+00              NaN             NaN             NaN             NaN             NaN             NaN             NaN             NaN   1.00000000E+00      216 |   0.00E+00  0.00E+00  8.21E+05  2.16E+02  6.14E+15  1.71E+08
     169  0.00000000E+00  0.00000000E+00              NaN             NaN             NaN             NaN             NaN             NaN             NaN             NaN   1.00000000E+00      216 |   0.00E+00  0.00E+00  7.85E+05  2.16E+02  6.43E+15  1.79E+08
     170  0.00000000E+00  0.00000000E+00              NaN             NaN             NaN             NaN             NaN             NaN             NaN             NaN   1.00000000E+00      216 |   0.00E+00  0.00E+00  8.22E+05  2.16E+02  6.13E+15  1.70E+08
     171  0.00000000E+00  0.00000000E+00              NaN             NaN             NaN             NaN             NaN             NaN             NaN             NaN   1.00000000E+00      216 |   0.00E+00  0.00E+00  8.44E+05  2.16E+02  5.98E+15  1.66E+08
     172  0.00000000E+00  0.00000000E+00              NaN             NaN             NaN             NaN             NaN             NaN             NaN             NaN   1.00000000E+00      216 |   0.00E+00  0.00E+00  8.97E+05  2.16E+02  5.62E+15  1.56E+08
     173  0.00000000E+00  0.00000000E+00              NaN             NaN             NaN             NaN             NaN             NaN             NaN             NaN   1.00000000E+00      216 |   0.00E+00  0.00E+00  8.41E+05  2.16E+02  6.00E+15  1.67E+08
     174  0.00000000E+00  0.00000000E+00              NaN             NaN             NaN             NaN             NaN             NaN             NaN             NaN   1.00000000E+00      216 |   0.00E+00  0.00E+00  9.10E+05  2.16E+02  5.54E+15  1.54E+08
     175  0.00000000E+00  0.00000000E+00              NaN             NaN             NaN             NaN             NaN             NaN             NaN             NaN   1.00000000E+00      216 |   0.00E+00  0.00E+00  9.64E+05  2.16E+02  5.23E+15  1.45E+08
     176  0.00000000E+00  0.00000000E+00              NaN             NaN             NaN             NaN             NaN             NaN             NaN             NaN   1.00000000E+00      216 |   0.00E+00  0.00E+00  8.56E+05  2.16E+02  5.89E+15  1.64E+08
     177  0.00000000E+00  0.00000000E+00              NaN             NaN             NaN             NaN             NaN             NaN             NaN             NaN   1.00000000E+00      216 |   0.00E+00  0.00E+00  8.99E+05  2.16E+02  5.61E+15  1.56E+08
     178  0.00000000E+00  0.00000000E+00              NaN             NaN             NaN             NaN             NaN             NaN             NaN             NaN   1.00000000E+00      216 |   0.00E+00  0.00E+00  8.86E+05  2.16E+02  5.69E+15  1.58E+08
     179  0.00000000E+00  0.00000000E+00              NaN             NaN             NaN             NaN             NaN             NaN             NaN             NaN   1.00000000E+00      216 |   0.00E+00  0.00E+00  8.41E+05  2.16E+02  6.00E+15  1.67E+08
     180  0.00000000E+00  0.00000000E+00              NaN             NaN             NaN             NaN             NaN             NaN             NaN             NaN   1.00000000E+00      216 |   0.00E+00  0.00E+00  6.29E+05  2.16E+02  8.02E+15  2.23E+08
     181  0.00000000E+00  0.00000000E+00              NaN             NaN             NaN             NaN             NaN             NaN             NaN             NaN   1.00000000E+00      216 |   0.00E+00  0.00E+00  6.55E+05  2.16E+02  7.70E+15  2.14E+08
     182  0.00000000E+00  0.00000000E+00              NaN             NaN             NaN             NaN             NaN             NaN             NaN             NaN   1.00000000E+00      216 |   0.00E+00  0.00E+00  6.82E+05  2.16E+02  7.39E+15  2.05E+08
     183  0.00000000E+00  0.00000000E+00              NaN             NaN             NaN             NaN             NaN             NaN             NaN             NaN   1.00000000E+00      216 |   0.00E+00  0.00E+00  7.88E+05  2.16E+02  6.40E+15  1.78E+08
     184  0.00000000E+00  0.00000000E+00              NaN             NaN             NaN             NaN             NaN             NaN             NaN             NaN   1.00000000E+00      216 |   0.00E+00  0.00E+00  8.31E+05  2.16E+02  6.07E+15  1.69E+08
     185  0.00000000E+00  0.00000000E+00              NaN             NaN             NaN             NaN             NaN             NaN             NaN             NaN   1.00000000E+00      216 |   0.00E+00  0.00E+00  8.24E+05  2.16E+02  6.12E+15  1.70E+08
     186  0.00000000E+00  0.00000000E+00              NaN             NaN             NaN             NaN             NaN             NaN             NaN             NaN   1.00000000E+00      216 |   0.00E+00  0.00E+00  7.72E+05  2.16E+02  6.53E+15  1.82E+08
     187  0.00000000E+00  0.00000000E+00              NaN             NaN             NaN             NaN             NaN             NaN             NaN             NaN   1.00000000E+00      216 |   0.00E+00  0.00E+00  7.77E+05  2.16E+02  6.49E+15  1.80E+08
     188  0.00000000E+00  0.00000000E+00              NaN             NaN             NaN             NaN             NaN             NaN             NaN             NaN   1.00000000E+00      216 |   0.00E+00  0.00E+00  6.62E+05  2.16E+02  7.61E+15  2.11E+08
     189  0.00000000E+00  0.00000000E+00              NaN             NaN             NaN             NaN             NaN             NaN             NaN             NaN   1.00000000E+00      216 |   0.00E+00  0.00E+00  7.17E+05  2.16E+02  7.03E+15  1.95E+08
     190  0.00000000E+00  0.00000000E+00              NaN             NaN             NaN             NaN             NaN             NaN             NaN             NaN   1.00000000E+00      216 |   0.00E+00  0.00E+00  8.12E+05  2.16E+02  6.21E+15  1.73E+08
     191  0.00000000E+00  0.00000000E+00              NaN             NaN             NaN             NaN             NaN             NaN             NaN             NaN   1.00000000E+00      216 |   0.00E+00  0.00E+00  7.71E+05  2.16E+02  6.54E+15  1.82E+08
     192  0.00000000E+00  0.00000000E+00              NaN             NaN             NaN             NaN             NaN             NaN             NaN             NaN   1.00000000E+00      216 |   0.00E+00  0.00E+00  7.65E+05  2.16E+02  6.60E+15  1.83E+08
     193  0.00000000E+00  0.00000000E+00              NaN             NaN             NaN             NaN             NaN             NaN             NaN             NaN   1.00000000E+00      216 |   0.00E+00  0.00E+00  8.34E+05  2.16E+02  6.05E+15  1.68E+08
     194  0.00000000E+00  0.00000000E+00              NaN             NaN             NaN             NaN             NaN             NaN             NaN             NaN   1.00000000E+00      216 |   0.00E+00  0.00E+00  8.40E+05  2.16E+02  6.01E+15  1.67E+08
     195  0.00000000E+00  0.00000000E+00              NaN             NaN             NaN             NaN             NaN             NaN             NaN             NaN   1.00000000E+00      216 |   0.00E+00  0.00E+00  8.31E+05  2.16E+02  6.06E+15  1.68E+08
     196  0.00000000E+00  0.00000000E+00              NaN             NaN             NaN             NaN             NaN             NaN             NaN             NaN   1.00000000E+00      216 |   0.00E+00  0.00E+00  7.75E+05  2.16E+02  6.51E+15  1.81E+08
     197  0.00000000E+00  0.00000000E+00              NaN             NaN             NaN             NaN             NaN             NaN             NaN             NaN   1.00000000E+00      216 |   0.00E+00  0.00E+00  7.93E+05  2.16E+02  6.36E+15  1.77E+08
     198  0.00000000E+00  0.00000000E+00              NaN             NaN             NaN             NaN             NaN             NaN             NaN             NaN   1.00000000E+00      216 |   0.00E+00  0.00E+00  8.39E+05  2.16E+02  6.01E+15  1.67E+08
     199  0.00000000E+00  0.00000000E+00              NaN             NaN             NaN             NaN             NaN             NaN             NaN             NaN   1.00000000E+00      216 |   0.00E+00  0.00E+00  8.37E+05  2.16E+02  6.02E+15  1.67E+08
     200  0.00000000E+00  0.00000000E+00              NaN             NaN             NaN             NaN             NaN             NaN             NaN             NaN   1.00000000E+00      216 |   0.00E+00  0.00E+00  7.89E+05  2.16E+02  6.39E+15  1.78E+08
     201  0.00000000E+00  0.00000000E+00              NaN             NaN             NaN             NaN             NaN             NaN             NaN             NaN   1.00000000E+00      216 |   0.00E+00  0.00E+00  7.32E+05  2.16E+02  6.89E+15  1.91E+08
     202  0.00000000E+00  0.00000000E+00              NaN             NaN             NaN             NaN             NaN             NaN             NaN             NaN   1.00000000E+00      216 |   0.00E+00  0.00E+00  8.05E+05  2.16E+02  6.26E+15  1.74E+08
     203  0.00000000E+00  0.00000000E+00              NaN             NaN             NaN             NaN             NaN             NaN             NaN             NaN   1.00000000E+00      216 |   0.00E+00  0.00E+00  7.80E+05  2.16E+02  6.46E+15  1.80E+08
     204  0.00000000E+00  0.00000000E+00              NaN             NaN             NaN             NaN             NaN             NaN             NaN             NaN   1.00000000E+00      216 |   0.00E+00  0.00E+00  8.42E+05  2.16E+02  5.99E+15  1.66E+08
     205  0.00000000E+00  0.00000000E+00              NaN             NaN             NaN             NaN             NaN             NaN             NaN             NaN   1.00000000E+00      216 |   0.00E+00  0.00E+00  8.71E+05  2.16E+02  5.79E+15  1.61E+08
     206  0.00000000E+00  0.00000000E+00              NaN             NaN             NaN             NaN             NaN             NaN             NaN             NaN   1.00000000E+00      216 |   0.00E+00  0.00E+00  7.69E+05  2.16E+02  6.55E+15  1.82E+08
     207  0.00000000E+00  0.00000000E+00              NaN             NaN             NaN             NaN             NaN             NaN             NaN             NaN   1.00000000E+00      216 |   0.00E+00  0.00E+00  6.66E+05  2.16E+02  7.57E+15  2.10E+08
     208  0.00000000E+00  0.00000000E+00              NaN             NaN             NaN             NaN             NaN             NaN             NaN             NaN   1.00000000E+00      216 |   0.00E+00  0.00E+00  6.27E+05  2.16E+02  8.04E+15  2.23E+08
     209  0.00000000E+00  0.00000000E+00              NaN             NaN             NaN             NaN             NaN             NaN             NaN             NaN   1.00000000E+00      216 |   0.00E+00  0.00E+00  8.04E+05  2.16E+02  6.27E+15  1.74E+08
     210  0.00000000E+00  0.00000000E+00              NaN             NaN             NaN             NaN             NaN             NaN             NaN             NaN   1.00000000E+00      216 |   0.00E+00  0.00E+00  8.73E+05  2.16E+02  5.77E+15  1.60E+08
     211  0.00000000E+00  0.00000000E+00              NaN             NaN             NaN             NaN             NaN             NaN             NaN             NaN   1.00000000E+00      216 |   0.00E+00  0.00E+00  7.50E+05  2.16E+02  6.72E+15  1.87E+08
     212  0.00000000E+00  0.00000000E+00              NaN             NaN             NaN             NaN             NaN             NaN             NaN             NaN   1.00000000E+00      216 |   0.00E+00  0.00E+00  8.29E+05  2.16E+02  6.09E+15  1.69E+08
     213  0.00000000E+00  0.00000000E+00              NaN             NaN             NaN             NaN             NaN             NaN             NaN             NaN   1.00000000E+00      216 |   0.00E+00  0.00E+00  8.48E+05  2.16E+02  5.95E+15  1.65E+08
     214  0.00000000E+00  0.00000000E+00              NaN             NaN             NaN             NaN             NaN             NaN             NaN             NaN   1.00000000E+00      216 |   0.00E+00  0.00E+00  8.31E+05  2.16E+02  6.07E+15  1.69E+08
     215  0.00000000E+00  0.00000000E+00              NaN             NaN             NaN             NaN             NaN             NaN             NaN             NaN   1.00000000E+00      216 |   0.00E+00  0.00E+00  8.57E+05  2.16E+02  5.88E+15  1.63E+08
     216  0.00000000E+00  0.00000000E+00              NaN             NaN             NaN             NaN             NaN             NaN             NaN             NaN   1.00000000E+00      216 |   0.00E+00  0.00E+00  8.78E+05  2.16E+02  5.74E+15  1.60E+08
     217  0.00000000E+00  0.00000000E+00              NaN             NaN             NaN             NaN             NaN             NaN             NaN             NaN   1.00000000E+00      216 |   0.00E+00  0.00E+00  8.45E+05  2.16E+02  5.96E+15  1.66E+08
     218  0.00000000E+00  0.00000000E+00              NaN             NaN             NaN             NaN             NaN             NaN             NaN             NaN   1.00000000E+00      216 |   0.00E+00  0.00E+00  8.15E+05  2.16E+02  6.19E+15  1.72E+08
     219  0.00000000E+00  0.00000000E+00              NaN             NaN             NaN             NaN             NaN             NaN             NaN             NaN   1.00000000E+00      216 |   0.00E+00  0.00E+00  8.16E+05  2.16E+02  6.18E+15  1.72E+08
     220  0.00000000E+00  0.00000000E+00              NaN             NaN             NaN             NaN             NaN             NaN             NaN             NaN   1.00000000E+00      216 |   0.00E+00  0.00E+00  8.50E+05  2.16E+02  5.93E+15  1.65E+08
     221  0.00000000E+00  0.00000000E+00              NaN             NaN             NaN             NaN             NaN             NaN             NaN             NaN   1.00000000E+00      216 |   0.00E+00  0.00E+00  8.68E+05  2.16E+02  5.81E+15  1.61E+08
     222  0.00000000E+00  0.00000000E+00              NaN             NaN             NaN             NaN             NaN             NaN             NaN             NaN   1.00000000E+00      216 |   0.00E+00  0.00E+00  9.01E+05  2.16E+02  5.60E+15  1.56E+08
     223  0.00000000E+00  0.00000000E+00              NaN             NaN             NaN             NaN             NaN             NaN             NaN             NaN   1.00000000E+00      216 |   0.00E+00  0.00E+00  9.40E+05  2.16E+02  5.36E+15  1.49E+08
     224  0.00000000E+00  0.00000000E+00              NaN             NaN             NaN             NaN             NaN             NaN             NaN             NaN   1.00000000E+00      216 |   0.00E+00  0.00E+00  9.14E+05  2.16E+02  5.52E+15  1.53E+08
     225  0.00000000E+00  0.00000000E+00              NaN             NaN             NaN             NaN             NaN             NaN             NaN             NaN   1.00000000E+00      216 |   0.00E+00  0.00E+00  8.43E+05  2.16E+02  5.98E+15  1.66E+08
     226  0.00000000E+00  0.00000000E+00              NaN             NaN             NaN             NaN             NaN             NaN             NaN             NaN   1.00000000E+00      216 |   0.00E+00  0.00E+00  8.71E+05  2.16E+02  5.79E+15  1.61E+08
     227  0.00000000E+00  0.00000000E+00              NaN             NaN             NaN             NaN             NaN             NaN             NaN             NaN   1.00000000E+00      216 |   0.00E+00  0.00E+00  8.74E+05  2.16E+02  5.77E+15  1.60E+08
     228  0.00000000E+00  0.00000000E+00              NaN             NaN             NaN             NaN             NaN             NaN             NaN             NaN   1.00000000E+00      216 |   0.00E+00  0.00E+00  8.87E+05  2.16E+02  5.69E+15  1.58E+08
     229  0.00000000E+00  0.00000000E+00              NaN             NaN             NaN             NaN             NaN             NaN             NaN             NaN   1.00000000E+00      216 |   0.00E+00  0.00E+00  8.13E+05  2.16E+02  6.20E+15  1.72E+08
     230  0.00000000E+00  0.00000000E+00              NaN             NaN             NaN             NaN             NaN             NaN             NaN             NaN   1.00000000E+00      216 |   0.00E+00  0.00E+00  9.19E+05  2.16E+02  5.49E+15  1.52E+08
     231  0.00000000E+00  0.00000000E+00              NaN             NaN             NaN             NaN             NaN             NaN             NaN             NaN   1.00000000E+00      216 |   0.00E+00  0.00E+00  8.96E+05  2.16E+02  5.63E+15  1.56E+08
     232  0.00000000E+00  0.00000000E+00              NaN             NaN             NaN             NaN             NaN             NaN             NaN             NaN   1.00000000E+00      216 |   0.00E+00  0.00E+00  8.86E+05  2.16E+02  5.69E+15  1.58E+08
     233  0.00000000E+00  0.00000000E+00              NaN             NaN             NaN             NaN             NaN             NaN             NaN             NaN   1.00000000E+00      216 |   0.00E+00  0.00E+00  8.34E+05  2.16E+02  6.05E+15  1.68E+08
     234  0.00000000E+00  0.00000000E+00              NaN             NaN             NaN             NaN             NaN             NaN             NaN             NaN   1.00000000E+00      216 |   0.00E+00  0.00E+00  6.15E+05  2.16E+02  8.19E+15  2.28E+08
     235  0.00000000E+00  0.00000000E+00              NaN             NaN             NaN             NaN             NaN             NaN             NaN             NaN   1.00000000E+00      216 |   0.00E+00  0.00E+00  6.79E+05  2.16E+02  7.43E+15  2.06E+08
     236  0.00000000E+00  0.00000000E+00              NaN             NaN             NaN             NaN             NaN             NaN             NaN             NaN   1.00000000E+00      216 |   0.00E+00  0.00E+00  6.44E+05  2.16E+02  7.83E+15  2.17E+08
     237  0.00000000E+00  0.00000000E+00              NaN             NaN             NaN             NaN             NaN             NaN             NaN             NaN   1.00000000E+00      216 |   0.00E+00  0.00E+00  6.24E+05  2.16E+02  8.08E+15  2.25E+08
     238  0.00000000E+00  0.00000000E+00              NaN             NaN             NaN             NaN             NaN             NaN             NaN             NaN   1.00000000E+00      216 |   0.00E+00  0.00E+00  7.32E+05  2.16E+02  6.88E+15  1.91E+08
     239  0.00000000E+00  0.00000000E+00              NaN             NaN             NaN             NaN             NaN             NaN             NaN             NaN   1.00000000E+00      216 |   0.00E+00  0.00E+00  7.80E+05  2.16E+02  6.47E+15  1.80E+08
     240  0.00000000E+00  0.00000000E+00              NaN             NaN             NaN             NaN             NaN             NaN             NaN             NaN   1.00000000E+00      216 |   0.00E+00  0.00E+00  7.98E+05  2.16E+02  6.32E+15  1.76E+08
     241  0.00000000E+00  0.00000000E+00              NaN             NaN             NaN             NaN             NaN             NaN             NaN             NaN   1.00000000E+00      216 |   0.00E+00  0.00E+00  7.50E+05  2.16E+02  6.72E+15  1.87E+08
     242  0.00000000E+00  0.00000000E+00              NaN             NaN             NaN             NaN             NaN             NaN             NaN             NaN   1.00000000E+00      216 |   0.00E+00  0.00E+00  7.50E+05  2.16E+02  6.73E+15  1.87E+08
     243  0.00000000E+00  0.00000000E+00              NaN             NaN             NaN             NaN             NaN             NaN             NaN             NaN   1.00000000E+00      216 |   0.00E+00  0.00E+00  7.97E+05  2.16E+02  6.32E+15  1.76E+08
     244  0.00000000E+00  0.00000000E+00              NaN             NaN             NaN             NaN             NaN             NaN             NaN             NaN   1.00000000E+00      216 |   0.00E+00  0.00E+00  7.82E+05  2.16E+02  6.45E+15  1.79E+08
     245  0.00000000E+00  0.00000000E+00              NaN             NaN             NaN             NaN             NaN             NaN             NaN             NaN   1.00000000E+00      216 |   0.00E+00  0.00E+00  7.60E+05  2.16E+02  6.63E+15  1.84E+08
     246  0.00000000E+00  0.00000000E+00              NaN             NaN             NaN             NaN             NaN             NaN             NaN             NaN   1.00000000E+00      216 |   0.00E+00  0.00E+00  6.96E+05  2.16E+02  7.25E+15  2.01E+08
     247  0.00000000E+00  0.00000000E+00              NaN             NaN             NaN             NaN             NaN             NaN             NaN             NaN   1.00000000E+00      216 |   0.00E+00  0.00E+00  4.93E+05  2.16E+02  1.02E+16  2.84E+08
     248  0.00000000E+00  0.00000000E+00              NaN             NaN             NaN             NaN             NaN             NaN             NaN             NaN   1.00000000E+00      216 |   0.00E+00  0.00E+00  5.38E+05  2.16E+02  9.38E+15  2.60E+08
     249  0.00000000E+00  0.00000000E+00              NaN             NaN             NaN             NaN             NaN             NaN             NaN             NaN   1.00000000E+00      216 |   0.00E+00  0.00E+00  4.17E+05  2.16E+02  1.21E+16  3.36E+08
     250  0.00000000E+00  0.00000000E+00              NaN             NaN             NaN             NaN             NaN             NaN             NaN             NaN   1.00000000E+00      216 |   0.00E+00  0.00E+00  4.37E+05  2.16E+02  1.15E+16  3.20E+08
     251  0.00000000E+00  0.00000000E+00              NaN             NaN             NaN             NaN             NaN             NaN             NaN             NaN   1.00000000E+00      216 |   0.00E+00  0.00E+00  7.02E+05  2.16E+02  7.18E+15  1.99E+08
     252  0.00000000E+00  0.00000000E+00              NaN             NaN             NaN             NaN             NaN             NaN             NaN             NaN   1.00000000E+00      216 |   0.00E+00  0.00E+00  7.90E+05  2.16E+02  6.38E+15  1.77E+08
     253  0.00000000E+00  0.00000000E+00              NaN             NaN             NaN             NaN             NaN             NaN             NaN             NaN   1.00000000E+00      216 |   0.00E+00  0.00E+00  8.33E+05  2.16E+02  6.05E+15  1.68E+08
     254  0.00000000E+00  0.00000000E+00              NaN             NaN             NaN             NaN             NaN             NaN             NaN             NaN   1.00000000E+00      216 |   0.00E+00  0.00E+00  7.14E+05  2.16E+02  7.07E+15  1.96E+08
     255  0.00000000E+00  0.00000000E+00              NaN             NaN             NaN             NaN             NaN             NaN             NaN             NaN   1.00000000E+00      216 |   0.00E+00  0.00E+00  6.97E+05  2.16E+02  7.23E+15  2.01E+08
     256  0.00000000E+00  0.00000000E+00              NaN             NaN             NaN             NaN             NaN             NaN             NaN             NaN   1.00000000E+00      216 |   0.00E+00  0.00E+00  6.85E+05  2.16E+02  7.36E+15  2.05E+08
     257  0.00000000E+00  0.00000000E+00              NaN             NaN             NaN             NaN             NaN             NaN             NaN             NaN   1.00000000E+00      216 |   0.00E+00  0.00E+00  7.78E+05  2.16E+02  6.48E+15  1.80E+08
     258  0.00000000E+00  0.00000000E+00              NaN             NaN             NaN             NaN             NaN             NaN             NaN             NaN   1.00000000E+00      216 |   0.00E+00  0.00E+00  8.62E+05  2.16E+02  5.85E+15  1.63E+08
     259  0.00000000E+00  0.00000000E+00              NaN             NaN             NaN             NaN             NaN             NaN             NaN             NaN   1.00000000E+00      216 |   0.00E+00  0.00E+00  7.56E+05  2.16E+02  6.67E+15  1.85E+08
     260  0.00000000E+00  0.00000000E+00              NaN             NaN             NaN             NaN             NaN             NaN             NaN             NaN   1.00000000E+00      216 |   0.00E+00  0.00E+00  6.28E+05  2.16E+02  8.03E+15  2.23E+08
     261  0.00000000E+00  0.00000000E+00              NaN             NaN             NaN             NaN             NaN             NaN             NaN             NaN   1.00000000E+00      216 |   0.00E+00  0.00E+00  7.26E+05  2.16E+02  6.95E+15  1.93E+08
     262  0.00000000E+00  0.00000000E+00              NaN             NaN             NaN             NaN             NaN             NaN             NaN             NaN   1.00000000E+00      216 |   0.00E+00  0.00E+00  7.94E+05  2.16E+02  6.35E+15  1.76E+08
     263  0.00000000E+00  0.00000000E+00              NaN             NaN             NaN             NaN             NaN             NaN             NaN             NaN   1.00000000E+00      216 |   0.00E+00  0.00E+00  8.42E+05  2.16E+02  5.99E+15  1.66E+08
     264  0.00000000E+00  0.00000000E+00              NaN             NaN             NaN             NaN             NaN             NaN             NaN             NaN   1.00000000E+00      216 |   0.00E+00  0.00E+00  8.04E+05  2.16E+02  6.27E+15  1.74E+08
     265  0.00000000E+00  0.00000000E+00              NaN             NaN             NaN             NaN             NaN             NaN             NaN             NaN   1.00000000E+00      216 |   0.00E+00  0.00E+00  6.85E+05  2.16E+02  7.36E+15  2.04E+08
     266  0.00000000E+00  0.00000000E+00              NaN             NaN             NaN             NaN             NaN             NaN             NaN             NaN   1.00000000E+00      216 |   0.00E+00  0.00E+00  7.49E+05  2.16E+02  6.73E+15  1.87E+08
     267  0.00000000E+00  0.00000000E+00              NaN             NaN             NaN             NaN             NaN             NaN             NaN             NaN   1.00000000E+00      216 |   0.00E+00  0.00E+00  7.22E+05  2.16E+02  6.98E+15  1.94E+08
     268  0.00000000E+00  0.00000000E+00              NaN             NaN             NaN             NaN             NaN             NaN             NaN             NaN   1.00000000E+00      216 |   0.00E+00  0.00E+00  7.86E+05  2.16E+02  6.42E+15  1.78E+08
     269  0.00000000E+00  0.00000000E+00              NaN             NaN             NaN             NaN             NaN             NaN             NaN             NaN   1.00000000E+00      216 |   0.00E+00  0.00E+00  7.64E+05  2.16E+02  6.60E+15  1.83E+08
     270  0.00000000E+00  0.00000000E+00              NaN             NaN             NaN             NaN             NaN             NaN             NaN             NaN   1.00000000E+00      216 |   0.00E+00  0.00E+00  8.22E+05  2.16E+02  6.14E+15  1.70E+08
     271  0.00000000E+00  0.00000000E+00              NaN             NaN             NaN             NaN             NaN             NaN             NaN             NaN   1.00000000E+00      216 |   0.00E+00  0.00E+00  9.48E+05  2.16E+02  5.32E+15  1.48E+08
     272  0.00000000E+00  0.00000000E+00              NaN             NaN             NaN             NaN             NaN             NaN             NaN             NaN   1.00000000E+00      216 |   0.00E+00  0.00E+00  9.53E+05  2.16E+02  5.29E+15  1.47E+08
     273  0.00000000E+00  0.00000000E+00              NaN             NaN             NaN             NaN             NaN             NaN             NaN             NaN   1.00000000E+00      216 |   0.00E+00  0.00E+00  1.03E+06  2.16E+02  4.88E+15  1.35E+08
     274  0.00000000E+00  0.00000000E+00              NaN             NaN             NaN             NaN             NaN             NaN             NaN             NaN   1.00000000E+00      216 |   0.00E+00  0.00E+00  9.86E+05  2.16E+02  5.12E+15  1.42E+08
     275  0.00000000E+00  0.00000000E+00              NaN             NaN             NaN             NaN             NaN             NaN             NaN             NaN   1.00000000E+00      216 |   0.00E+00  0.00E+00  1.06E+06  2.16E+02  4.77E+15  1.32E+08
     276  0.00000000E+00  0.00000000E+00              NaN             NaN             NaN             NaN             NaN             NaN             NaN             NaN   1.00000000E+00      216 |   0.00E+00  0.00E+00  8.43E+05  2.16E+02  5.98E+15  1.66E+08
     277  0.00000000E+00  0.00000000E+00              NaN             NaN             NaN             NaN             NaN             NaN             NaN             NaN   1.00000000E+00      216 |   0.00E+00  0.00E+00  7.31E+05  2.16E+02  6.89E+15  1.91E+08
     278  0.00000000E+00  0.00000000E+00              NaN             NaN             NaN             NaN             NaN             NaN             NaN             NaN   1.00000000E+00      216 |   0.00E+00  0.00E+00  7.59E+05  2.16E+02  6.64E+15  1.85E+08
     279  0.00000000E+00  0.00000000E+00              NaN             NaN             NaN             NaN             NaN             NaN             NaN             NaN   1.00000000E+00      216 |   0.00E+00  0.00E+00  8.12E+05  2.16E+02  6.21E+15  1.73E+08
     280  0.00000000E+00  0.00000000E+00              NaN             NaN             NaN             NaN             NaN             NaN             NaN             NaN   1.00000000E+00      216 |   0.00E+00  0.00E+00  7.63E+05  2.16E+02  6.61E+15  1.83E+08
     281  0.00000000E+00  0.00000000E+00              NaN             NaN             NaN             NaN             NaN             NaN             NaN             NaN   1.00000000E+00      216 |   0.00E+00  0.00E+00  7.77E+05  2.16E+02  6.49E+15  1.80E+08
     282  0.00000000E+00  0.00000000E+00              NaN             NaN             NaN             NaN             NaN             NaN             NaN             NaN   1.00000000E+00      216 |   0.00E+00  0.00E+00  7.38E+05  2.16E+02  6.83E+15  1.90E+08
     283  0.00000000E+00  0.00000000E+00              NaN             NaN             NaN             NaN             NaN             NaN             NaN             NaN   1.00000000E+00      216 |   0.00E+00  0.00E+00  8.43E+05  2.16E+02  5.98E+15  1.66E+08
     284  0.00000000E+00  0.00000000E+00              NaN             NaN             NaN             NaN             NaN             NaN             NaN             NaN   1.00000000E+00      216 |   0.00E+00  0.00E+00  9.01E+05  2.16E+02  5.60E+15  1.56E+08
     285  0.00000000E+00  0.00000000E+00              NaN             NaN             NaN             NaN             NaN             NaN             NaN             NaN   1.00000000E+00      216 |   0.00E+00  0.00E+00  9.30E+05  2.16E+02  5.42E+15  1.51E+08
     286  0.00000000E+00  0.00000000E+00              NaN             NaN             NaN             NaN             NaN             NaN             NaN             NaN   1.00000000E+00      216 |   0.00E+00  0.00E+00  8.52E+05  2.16E+02  5.92E+15  1.65E+08
     287  0.00000000E+00  0.00000000E+00              NaN             NaN             NaN             NaN             NaN             NaN             NaN             NaN   1.00000000E+00      216 |   0.00E+00  0.00E+00  8.52E+05  2.16E+02  5.92E+15  1.64E+08
     288  0.00000000E+00  0.00000000E+00              NaN             NaN             NaN             NaN             NaN             NaN             NaN             NaN   1.00000000E+00      216 |   0.00E+00  0.00E+00  9.19E+05  2.16E+02  5.49E+15  1.52E+08
     289  0.00000000E+00  0.00000000E+00              NaN             NaN             NaN             NaN             NaN             NaN             NaN             NaN   1.00000000E+00      216 |   0.00E+00  0.00E+00  9.09E+05  2.16E+02  5.55E+15  1.54E+08
     290  0.00000000E+00  0.00000000E+00              NaN             NaN             NaN             NaN             NaN             NaN             NaN             NaN   1.00000000E+00      216 |   0.00E+00  0.00E+00  9.15E+05  2.16E+02  5.51E+15  1.53E+08
     291  0.00000000E+00  0.00000000E+00              NaN             NaN             NaN             NaN             NaN             NaN             NaN             NaN   1.00000000E+00      216 |   0.00E+00  0.00E+00  8.26E+05  2.16E+02  6.10E+15  1.70E+08
     292  0.00000000E+00  0.00000000E+00              NaN             NaN             NaN             NaN             NaN             NaN             NaN             NaN   1.00000000E+00      216 |   0.00E+00  0.00E+00  8.58E+05  2.16E+02  5.88E+15  1.63E+08
     293  0.00000000E+00  0.00000000E+00              NaN             NaN             NaN             NaN             NaN             NaN             NaN             NaN   1.00000000E+00      216 |   0.00E+00  0.00E+00  9.11E+05  2.16E+02  5.53E+15  1.54E+08
     294  0.00000000E+00  0.00000000E+00              NaN             NaN             NaN             NaN             NaN             NaN             NaN             NaN   1.00000000E+00      216 |   0.00E+00  0.00E+00  9.43E+05  2.16E+02  5.35E+15  1.49E+08
     295  0.00000000E+00  0.00000000E+00              NaN             NaN             NaN             NaN             NaN             NaN             NaN             NaN   1.00000000E+00      216 |   0.00E+00  0.00E+00  9.44E+05  2.16E+02  5.34E+15  1.48E+08
     296  0.00000000E+00  0.00000000E+00              NaN             NaN             NaN             NaN             NaN             NaN             NaN             NaN   1.00000000E+00      216 |   0.00E+00  0.00E+00  8.74E+05  2.16E+02  5.77E+15  1.60E+08
     297  0.00000000E+00  0.00000000E+00              NaN             NaN             NaN             NaN             NaN             NaN             NaN             NaN   1.00000000E+00      216 |   0.00E+00  0.00E+00  8.40E+05  2.16E+02  6.00E+15  1.67E+08
     298  0.00000000E+00  0.00000000E+00              NaN             NaN             NaN             NaN             NaN             NaN             NaN             NaN   1.00000000E+00      216 |   0.00E+00  0.00E+00  8.48E+05  2.16E+02  5.95E+15  1.65E+08
     299  0.00000000E+00  0.00000000E+00              NaN             NaN             NaN             NaN             NaN             NaN             NaN             NaN   1.00000000E+00      216 |   0.00E+00  0.00E+00  8.38E+05  2.16E+02  6.02E+15  1.67E+08
     300  0.00000000E+00  0.00000000E+00              NaN             NaN             NaN             NaN             NaN             NaN             NaN             NaN   1.00000000E+00      216 |   0.00E+00  0.00E+00  9.22E+05  2.16E+02  5.47E+15  1.52E+08
     301  0.00000000E+00  0.00000000E+00              NaN             NaN             NaN             NaN             NaN             NaN             NaN             NaN   1.00000000E+00      216 |   0.00E+00  0.00E+00  8.88E+05  2.16E+02  5.68E+15  1.58E+08
     302  0.00000000E+00  0.00000000E+00              NaN             NaN             NaN             NaN             NaN             NaN             NaN             NaN   1.00000000E+00      216 |   0.00E+00  0.00E+00  7.94E+05  2.16E+02  6.35E+15  1.76E+08
     303  0.00000000E+00  0.00000000E+00              NaN             NaN             NaN             NaN             NaN             NaN             NaN             NaN   1.00000000E+00      216 |   0.00E+00  0.00E+00  6.90E+05  2.16E+02  7.30E+15  2.03E+08
     304  0.00000000E+00  0.00000000E+00              NaN             NaN             NaN             NaN             NaN             NaN             NaN             NaN   1.00000000E+00      216 |   0.00E+00  0.00E+00  8.39E+05  2.16E+02  6.01E+15  1.67E+08
     305  0.00000000E+00  0.00000000E+00              NaN             NaN             NaN             NaN             NaN             NaN             NaN             NaN   1.00000000E+00      216 |   0.00E+00  0.00E+00  8.61E+05  2.16E+02  5.86E+15  1.63E+08
     306  0.00000000E+00  0.00000000E+00              NaN             NaN             NaN             NaN             NaN             NaN             NaN             NaN   1.00000000E+00      216 |   0.00E+00  0.00E+00  8.47E+05  2.16E+02  5.95E+15  1.65E+08
     307  0.00000000E+00  0.00000000E+00              NaN             NaN             NaN             NaN             NaN             NaN             NaN             NaN   1.00000000E+00      216 |   0.00E+00  0.00E+00  7.84E+05  2.16E+02  6.43E+15  1.79E+08
     308  0.00000000E+00  0.00000000E+00              NaN             NaN             NaN             NaN             NaN             NaN             NaN             NaN   1.00000000E+00      216 |   0.00E+00  0.00E+00  7.79E+05  2.16E+02  6.48E+15  1.80E+08
     309  0.00000000E+00  0.00000000E+00              NaN             NaN             NaN             NaN             NaN             NaN             NaN             NaN   1.00000000E+00      216 |   0.00E+00  0.00E+00  8.82E+05  2.16E+02  5.72E+15  1.59E+08
     310  0.00000000E+00  0.00000000E+00              NaN             NaN             NaN             NaN             NaN             NaN             NaN             NaN   1.00000000E+00      216 |   0.00E+00  0.00E+00  9.69E+05  2.16E+02  5.20E+15  1.45E+08
     311  0.00000000E+00  0.00000000E+00              NaN             NaN             NaN             NaN             NaN             NaN             NaN             NaN   1.00000000E+00      216 |   0.00E+00  0.00E+00  9.75E+05  2.16E+02  5.17E+15  1.44E+08
     312  0.00000000E+00  0.00000000E+00              NaN             NaN             NaN             NaN             NaN             NaN             NaN             NaN   1.00000000E+00      216 |   0.00E+00  0.00E+00  9.99E+05  2.16E+02  5.05E+15  1.40E+08
     313  0.00000000E+00  0.00000000E+00              NaN             NaN             NaN             NaN             NaN             NaN             NaN             NaN   1.00000000E+00      216 |   0.00E+00  0.00E+00  9.81E+05  2.16E+02  5.14E+15  1.43E+08
     314  0.00000000E+00  0.00000000E+00              NaN             NaN             NaN             NaN             NaN             NaN             NaN             NaN   1.00000000E+00      216 |   0.00E+00  0.00E+00  6.02E+05  2.16E+02  8.38E+15  2.33E+08
     315  0.00000000E+00  0.00000000E+00              NaN             NaN             NaN             NaN             NaN             NaN             NaN             NaN   1.00000000E+00      216 |   0.00E+00  0.00E+00  7.67E+05  2.16E+02  6.57E+15  1.83E+08
     316  0.00000000E+00  0.00000000E+00              NaN             NaN             NaN             NaN             NaN             NaN             NaN             NaN   1.00000000E+00      216 |   0.00E+00  0.00E+00  7.91E+05  2.16E+02  6.37E+15  1.77E+08
     317  0.00000000E+00  0.00000000E+00              NaN             NaN             NaN             NaN             NaN             NaN             NaN             NaN   1.00000000E+00      216 |   0.00E+00  0.00E+00  7.98E+05  2.16E+02  6.32E+15  1.76E+08
     318  0.00000000E+00  0.00000000E+00              NaN             NaN             NaN             NaN             NaN             NaN             NaN             NaN   1.00000000E+00      216 |   0.00E+00  0.00E+00  8.95E+05  2.16E+02  5.63E+15  1.56E+08
     319  0.00000000E+00  0.00000000E+00              NaN             NaN             NaN             NaN             NaN             NaN             NaN             NaN   1.00000000E+00      216 |   0.00E+00  0.00E+00  9.18E+05  2.16E+02  5.49E+15  1.53E+08
     320  0.00000000E+00  0.00000000E+00              NaN             NaN             NaN             NaN             NaN             NaN             NaN             NaN   1.00000000E+00      216 |   0.00E+00  0.00E+00  9.69E+05  2.16E+02  5.20E+15  1.45E+08
     321  0.00000000E+00  0.00000000E+00              NaN             NaN             NaN             NaN             NaN             NaN             NaN             NaN   1.00000000E+00      216 |   0.00E+00  0.00E+00  9.64E+05  2.16E+02  5.23E+15  1.45E+08
     322  0.00000000E+00  0.00000000E+00              NaN             NaN             NaN             NaN             NaN             NaN             NaN             NaN   1.00000000E+00      216 |   0.00E+00  0.00E+00  9.27E+05  2.16E+02  5.44E+15  1.51E+08
     323  0.00000000E+00  0.00000000E+00              NaN             NaN             NaN             NaN             NaN             NaN             NaN             NaN   1.00000000E+00      216 |   0.00E+00  0.00E+00  9.65E+05  2.16E+02  5.23E+15  1.45E+08
     324  0.00000000E+00  0.00000000E+00              NaN             NaN             NaN             NaN             NaN             NaN             NaN             NaN   1.00000000E+00      216 |   0.00E+00  0.00E+00  9.42E+05  2.16E+02  5.36E+15  1.49E+08
     325  0.00000000E+00  0.00000000E+00              NaN             NaN             NaN             NaN             NaN             NaN             NaN             NaN   1.00000000E+00      216 |   0.00E+00  0.00E+00  8.66E+05  2.16E+02  5.83E+15  1.62E+08
     326  0.00000000E+00  0.00000000E+00              NaN             NaN             NaN             NaN             NaN             NaN             NaN             NaN   1.00000000E+00      216 |   0.00E+00  0.00E+00  9.25E+05  2.16E+02  5.45E+15  1.51E+08
     327  0.00000000E+00  0.00000000E+00              NaN             NaN             NaN             NaN             NaN             NaN             NaN             NaN   1.00000000E+00      216 |   0.00E+00  0.00E+00  9.44E+05  2.16E+02  5.34E+15  1.48E+08
     328  0.00000000E+00  0.00000000E+00              NaN             NaN             NaN             NaN             NaN             NaN             NaN             NaN   1.00000000E+00      216 |   0.00E+00  0.00E+00  9.54E+05  2.16E+02  5.29E+15  1.47E+08
     329  0.00000000E+00  0.00000000E+00              NaN             NaN             NaN             NaN             NaN             NaN             NaN             NaN   1.00000000E+00      216 |   0.00E+00  0.00E+00  8.92E+05  2.16E+02  5.65E+15  1.57E+08
     330  0.00000000E+00  0.00000000E+00              NaN             NaN             NaN             NaN             NaN             NaN             NaN             NaN   1.00000000E+00      216 |   0.00E+00  0.00E+00  8.22E+05  2.16E+02  6.13E+15  1.70E+08
     331  0.00000000E+00  0.00000000E+00              NaN             NaN             NaN             NaN             NaN             NaN             NaN             NaN   1.00000000E+00      216 |   0.00E+00  0.00E+00  8.19E+05  2.16E+02  6.16E+15  1.71E+08
     332  0.00000000E+00  0.00000000E+00              NaN             NaN             NaN             NaN             NaN             NaN             NaN             NaN   1.00000000E+00      216 |   0.00E+00  0.00E+00  7.85E+05  2.16E+02  6.42E+15  1.78E+08
     333  0.00000000E+00  0.00000000E+00              NaN             NaN             NaN             NaN             NaN             NaN             NaN             NaN   1.00000000E+00      216 |   0.00E+00  0.00E+00  6.98E+05  2.16E+02  7.23E+15  2.01E+08
     334  0.00000000E+00  0.00000000E+00              NaN             NaN             NaN             NaN             NaN             NaN             NaN             NaN   1.00000000E+00      216 |   0.00E+00  0.00E+00  6.16E+05  2.16E+02  8.19E+15  2.28E+08
     335  0.00000000E+00  0.00000000E+00              NaN             NaN             NaN             NaN             NaN             NaN             NaN             NaN   1.00000000E+00      216 |   0.00E+00  0.00E+00  5.23E+05  2.16E+02  9.63E+15  2.68E+08
     336  0.00000000E+00  0.00000000E+00              NaN             NaN             NaN             NaN             NaN             NaN             NaN             NaN   1.00000000E+00      216 |   0.00E+00  0.00E+00  5.71E+05  2.16E+02  8.83E+15  2.45E+08
     337  0.00000000E+00  0.00000000E+00              NaN             NaN             NaN             NaN             NaN             NaN             NaN             NaN   1.00000000E+00      216 |   0.00E+00  0.00E+00  6.04E+05  2.16E+02  8.35E+15  2.32E+08
     338  0.00000000E+00  0.00000000E+00              NaN             NaN             NaN             NaN             NaN             NaN             NaN             NaN   1.00000000E+00      216 |   0.00E+00  0.00E+00  6.28E+05  2.16E+02  8.03E+15  2.23E+08
     339  0.00000000E+00  0.00000000E+00              NaN             NaN             NaN             NaN             NaN             NaN             NaN             NaN   1.00000000E+00      216 |   0.00E+00  0.00E+00  5.62E+05  2.16E+02  8.97E+15  2.49E+08
     340  0.00000000E+00  0.00000000E+00              NaN             NaN             NaN             NaN             NaN             NaN             NaN             NaN   1.00000000E+00      216 |   0.00E+00  0.00E+00  5.46E+05  2.16E+02  9.23E+15  2.56E+08
     341  0.00000000E+00  0.00000000E+00              NaN             NaN             NaN             NaN             NaN             NaN             NaN             NaN   1.00000000E+00      216 |   0.00E+00  0.00E+00  6.01E+05  2.16E+02  8.39E+15  2.33E+08
     342  0.00000000E+00  0.00000000E+00              NaN             NaN             NaN             NaN             NaN             NaN             NaN             NaN   1.00000000E+00      216 |   0.00E+00  0.00E+00  5.79E+05  2.16E+02  8.70E+15  2.42E+08
     343  0.00000000E+00  0.00000000E+00              NaN             NaN             NaN             NaN             NaN             NaN             NaN             NaN   1.00000000E+00      216 |   0.00E+00  0.00E+00  6.77E+05  2.16E+02  7.44E+15  2.07E+08
     344  0.00000000E+00  0.00000000E+00              NaN             NaN             NaN             NaN             NaN             NaN             NaN             NaN   1.00000000E+00      216 |   0.00E+00  0.00E+00  5.81E+05  2.16E+02  8.68E+15  2.41E+08
     345  0.00000000E+00  0.00000000E+00              NaN             NaN             NaN             NaN             NaN             NaN             NaN             NaN   1.00000000E+00      216 |   0.00E+00  0.00E+00  5.80E+05  2.16E+02  8.70E+15  2.42E+08
     346  0.00000000E+00  0.00000000E+00              NaN             NaN             NaN             NaN             NaN             NaN             NaN             NaN   1.00000000E+00      216 |   0.00E+00  0.00E+00  5.02E+05  2.16E+02  1.00E+16  2.79E+08
     347  0.00000000E+00  0.00000000E+00              NaN             NaN             NaN             NaN             NaN             NaN             NaN             NaN   1.00000000E+00      216 |   0.00E+00  0.00E+00  5.37E+05  2.16E+02  9.39E+15  2.61E+08
     348  0.00000000E+00  0.00000000E+00              NaN             NaN             NaN             NaN             NaN             NaN             NaN             NaN   1.00000000E+00      216 |   0.00E+00  0.00E+00  6.89E+05  2.16E+02  7.32E+15  2.03E+08
     349  0.00000000E+00  0.00000000E+00              NaN             NaN             NaN             NaN             NaN             NaN             NaN             NaN   1.00000000E+00      216 |   0.00E+00  0.00E+00  6.76E+05  2.16E+02  7.46E+15  2.07E+08
     350  0.00000000E+00  0.00000000E+00              NaN             NaN             NaN             NaN             NaN             NaN             NaN             NaN   1.00000000E+00      216 |   0.00E+00  0.00E+00  5.07E+05  2.16E+02  9.95E+15  2.76E+08
     351  0.00000000E+00  0.00000000E+00              NaN             NaN             NaN             NaN             NaN             NaN             NaN             NaN   1.00000000E+00      216 |   0.00E+00  0.00E+00  4.86E+05  2.16E+02  1.04E+16  2.88E+08
     352  0.00000000E+00  0.00000000E+00              NaN             NaN             NaN             NaN             NaN             NaN             NaN             NaN   1.00000000E+00      216 |   0.00E+00  0.00E+00  5.59E+05  2.16E+02  9.02E+15  2.51E+08
     353  0.00000000E+00  0.00000000E+00              NaN             NaN             NaN             NaN             NaN             NaN             NaN             NaN   1.00000000E+00      216 |   0.00E+00  0.00E+00  5.02E+05  2.16E+02  1.01E+16  2.79E+08
     354  0.00000000E+00  0.00000000E+00              NaN             NaN             NaN             NaN             NaN             NaN             NaN             NaN   1.00000000E+00      216 |   0.00E+00  0.00E+00  4.93E+05  2.16E+02  1.02E+16  2.84E+08
     355  0.00000000E+00  0.00000000E+00              NaN             NaN             NaN             NaN             NaN             NaN             NaN             NaN   1.00000000E+00      216 |   0.00E+00  0.00E+00  4.90E+05  2.16E+02  1.03E+16  2.86E+08
     356  0.00000000E+00  0.00000000E+00              NaN             NaN             NaN             NaN             NaN             NaN             NaN             NaN   1.00000000E+00      216 |   0.00E+00  0.00E+00  4.35E+05  2.16E+02  1.16E+16  3.22E+08
     357  0.00000000E+00  0.00000000E+00              NaN             NaN             NaN             NaN             NaN             NaN             NaN             NaN   1.00000000E+00      216 |   0.00E+00  0.00E+00  3.96E+05  2.16E+02  1.27E+16  3.54E+08
     358  0.00000000E+00  0.00000000E+00              NaN             NaN             NaN             NaN             NaN             NaN             NaN             NaN   1.00000000E+00      216 |   0.00E+00  0.00E+00  3.95E+05  2.16E+02  1.28E+16  3.55E+08
     359  0.00000000E+00  0.00000000E+00              NaN             NaN             NaN             NaN             NaN             NaN             NaN             NaN   1.00000000E+00      216 |   0.00E+00  0.00E+00  4.16E+05  2.16E+02  1.21E+16  3.37E+08
     360  0.00000000E+00  0.00000000E+00              NaN             NaN             NaN             NaN             NaN             NaN             NaN             NaN   1.00000000E+00      216 |   0.00E+00  0.00E+00  3.74E+05  2.16E+02  1.35E+16  3.75E+08
     361  0.00000000E+00  0.00000000E+00              NaN             NaN             NaN             NaN             NaN             NaN             NaN             NaN   1.00000000E+00      216 |   0.00E+00  0.00E+00  3.30E+05  2.16E+02  1.53E+16  4.25E+08
     362  0.00000000E+00  0.00000000E+00              NaN             NaN             NaN             NaN             NaN             NaN             NaN             NaN   1.00000000E+00      216 |   0.00E+00  0.00E+00  3.17E+05  2.16E+02  1.59E+16  4.42E+08
     363  0.00000000E+00  0.00000000E+00              NaN             NaN             NaN             NaN             NaN             NaN             NaN             NaN   1.00000000E+00      216 |   0.00E+00  0.00E+00  3.33E+05  2.16E+02  1.51E+16  4.20E+08
     364  0.00000000E+00  0.00000000E+00              NaN             NaN             NaN             NaN             NaN             NaN             NaN             NaN   1.00000000E+00      216 |   0.00E+00  0.00E+00  2.86E+05  2.16E+02  1.76E+16  4.89E+08
     365  0.00000000E+00  0.00000000E+00              NaN             NaN             NaN             NaN             NaN             NaN             NaN             NaN   1.00000000E+00      216 |   0.00E+00  0.00E+00  2.96E+05  2.16E+02  1.70E+16  4.73E+08
     366  0.00000000E+00  0.00000000E+00              NaN             NaN             NaN             NaN             NaN             NaN             NaN             NaN   1.00000000E+00      216 |   0.00E+00  0.00E+00  5.53E+05  2.16E+02  9.12E+15  2.53E+08
     367  0.00000000E+00  0.00000000E+00              NaN             NaN             NaN             NaN             NaN             NaN             NaN             NaN   1.00000000E+00      216 |   0.00E+00  0.00E+00  5.17E+05  2.16E+02  9.75E+15  2.71E+08
     368  0.00000000E+00  0.00000000E+00              NaN             NaN             NaN             NaN             NaN             NaN             NaN             NaN   1.00000000E+00      216 |   0.00E+00  0.00E+00  5.47E+05  2.16E+02  9.21E+15  2.56E+08
     369  0.00000000E+00  0.00000000E+00              NaN             NaN             NaN             NaN             NaN             NaN             NaN             NaN   1.00000000E+00      216 |   0.00E+00  0.00E+00  2.73E+05  2.16E+02  1.85E+16  5.14E+08
     370  0.00000000E+00  0.00000000E+00              NaN             NaN             NaN             NaN             NaN             NaN             NaN             NaN   1.00000000E+00      216 |   0.00E+00  0.00E+00  3.38E+05  2.16E+02  1.49E+16  4.14E+08
     371  0.00000000E+00  0.00000000E+00              NaN             NaN             NaN             NaN             NaN             NaN             NaN             NaN   1.00000000E+00      216 |   0.00E+00  0.00E+00  4.22E+05  2.16E+02  1.20E+16  3.32E+08
     372  0.00000000E+00  0.00000000E+00              NaN             NaN             NaN             NaN             NaN             NaN             NaN             NaN   1.00000000E+00      216 |   0.00E+00  0.00E+00  4.13E+05  2.16E+02  1.22E+16  3.39E+08
     373  0.00000000E+00  0.00000000E+00              NaN             NaN             NaN             NaN             NaN             NaN             NaN             NaN   1.00000000E+00      216 |   0.00E+00  0.00E+00  4.32E+05  2.16E+02  1.17E+16  3.24E+08
     374  0.00000000E+00  0.00000000E+00              NaN             NaN             NaN             NaN             NaN             NaN             NaN             NaN   1.00000000E+00      216 |   0.00E+00  0.00E+00  4.52E+05  2.16E+02  1.12E+16  3.10E+08
     375  0.00000000E+00  0.00000000E+00              NaN             NaN             NaN             NaN             NaN             NaN             NaN             NaN   1.00000000E+00      216 |   0.00E+00  0.00E+00  4.12E+05  2.16E+02  1.23E+16  3.40E+08
     376  0.00000000E+00  0.00000000E+00              NaN             NaN             NaN             NaN             NaN             NaN             NaN             NaN   1.00000000E+00      216 |   0.00E+00  0.00E+00  2.65E+05  2.16E+02  1.90E+16  5.28E+08
     377  0.00000000E+00  0.00000000E+00              NaN             NaN             NaN             NaN             NaN             NaN             NaN             NaN   1.00000000E+00      216 |   0.00E+00  0.00E+00  3.96E+05  2.16E+02  1.27E+16  3.54E+08
     378  0.00000000E+00  0.00000000E+00              NaN             NaN             NaN             NaN             NaN             NaN             NaN             NaN   1.00000000E+00      216 |   0.00E+00  0.00E+00  7.25E+05  2.16E+02  6.95E+15  1.93E+08
     379  0.00000000E+00  0.00000000E+00              NaN             NaN             NaN             NaN             NaN             NaN             NaN             NaN   1.00000000E+00      216 |   0.00E+00  0.00E+00  7.23E+05  2.16E+02  6.97E+15  1.94E+08
     380  0.00000000E+00  0.00000000E+00              NaN             NaN             NaN             NaN             NaN             NaN             NaN             NaN   1.00000000E+00      216 |   0.00E+00  0.00E+00  7.32E+05  2.16E+02  6.89E+15  1.91E+08
     381  0.00000000E+00  0.00000000E+00              NaN             NaN             NaN             NaN             NaN             NaN             NaN             NaN   1.00000000E+00      216 |   0.00E+00  0.00E+00  6.20E+05  2.16E+02  8.13E+15  2.26E+08
     382  0.00000000E+00  0.00000000E+00              NaN             NaN             NaN             NaN             NaN             NaN             NaN             NaN   1.00000000E+00      216 |   0.00E+00  0.00E+00  7.29E+05  2.16E+02  6.92E+15  1.92E+08
     383  0.00000000E+00  0.00000000E+00              NaN             NaN             NaN             NaN             NaN             NaN             NaN             NaN   1.00000000E+00      216 |   0.00E+00  0.00E+00  7.57E+05  2.16E+02  6.66E+15  1.85E+08
     384  0.00000000E+00  0.00000000E+00              NaN             NaN             NaN             NaN             NaN             NaN             NaN             NaN   1.00000000E+00      216 |   0.00E+00  0.00E+00  7.50E+05  2.16E+02  6.73E+15  1.87E+08
     385  0.00000000E+00  0.00000000E+00              NaN             NaN             NaN             NaN             NaN             NaN             NaN             NaN   1.00000000E+00      216 |   0.00E+00  0.00E+00  7.45E+05  2.16E+02  6.77E+15  1.88E+08
     386  0.00000000E+00  0.00000000E+00              NaN             NaN             NaN             NaN             NaN             NaN             NaN             NaN   1.00000000E+00      216 |   0.00E+00  0.00E+00  6.47E+05  2.16E+02  7.79E+15  2.16E+08
     387  0.00000000E+00  0.00000000E+00              NaN             NaN             NaN             NaN             NaN             NaN             NaN             NaN   1.00000000E+00      216 |   0.00E+00  0.00E+00  6.82E+05  2.16E+02  7.40E+15  2.05E+08
     388  0.00000000E+00  0.00000000E+00              NaN             NaN             NaN             NaN             NaN             NaN             NaN             NaN   1.00000000E+00      216 |   0.00E+00  0.00E+00  7.29E+05  2.16E+02  6.92E+15  1.92E+08
     389  0.00000000E+00  0.00000000E+00              NaN             NaN             NaN             NaN             NaN             NaN             NaN             NaN   1.00000000E+00      216 |   0.00E+00  0.00E+00  5.24E+05  2.16E+02  9.62E+15  2.67E+08
     390  0.00000000E+00  0.00000000E+00              NaN             NaN             NaN             NaN             NaN             NaN             NaN             NaN   1.00000000E+00      216 |   0.00E+00  0.00E+00  6.05E+05  2.16E+02  8.33E+15  2.32E+08
     391  0.00000000E+00  0.00000000E+00              NaN             NaN             NaN             NaN             NaN             NaN             NaN             NaN   1.00000000E+00      216 |   0.00E+00  0.00E+00  5.35E+05  2.16E+02  9.43E+15  2.62E+08
     392  0.00000000E+00  0.00000000E+00              NaN             NaN             NaN             NaN             NaN             NaN             NaN             NaN   1.00000000E+00      216 |   0.00E+00  0.00E+00  6.89E+05  2.16E+02  7.32E+15  2.03E+08
     393  0.00000000E+00  0.00000000E+00              NaN             NaN             NaN             NaN             NaN             NaN             NaN             NaN   1.00000000E+00      216 |   0.00E+00  0.00E+00  6.02E+05  2.16E+02  8.37E+15  2.33E+08
     394  0.00000000E+00  0.00000000E+00              NaN             NaN             NaN             NaN             NaN             NaN             NaN             NaN   1.00000000E+00      216 |   0.00E+00  0.00E+00  5.87E+05  2.16E+02  8.59E+15  2.39E+08
     395  0.00000000E+00  0.00000000E+00              NaN             NaN             NaN             NaN             NaN             NaN             NaN             NaN   1.00000000E+00      216 |   0.00E+00  0.00E+00  5.33E+05  2.16E+02  9.47E+15  2.63E+08
     396  0.00000000E+00  0.00000000E+00              NaN             NaN             NaN             NaN             NaN             NaN             NaN             NaN   1.00000000E+00      216 |   0.00E+00  0.00E+00  7.39E+05  2.16E+02  6.82E+15  1.89E+08
     397  0.00000000E+00  0.00000000E+00              NaN             NaN             NaN             NaN             NaN             NaN             NaN             NaN   1.00000000E+00      216 |   0.00E+00  0.00E+00  6.88E+05  2.16E+02  7.33E+15  2.04E+08
     398  0.00000000E+00  0.00000000E+00              NaN             NaN             NaN             NaN             NaN             NaN             NaN             NaN   1.00000000E+00      216 |   0.00E+00  0.00E+00  7.11E+05  2.16E+02  7.09E+15  1.97E+08
     399  0.00000000E+00  0.00000000E+00              NaN             NaN             NaN             NaN             NaN             NaN             NaN             NaN   1.00000000E+00      216 |   0.00E+00  0.00E+00  7.53E+05  2.16E+02  6.69E+15  1.86E+08
     400  0.00000000E+00  0.00000000E+00              NaN             NaN             NaN             NaN             NaN             NaN             NaN             NaN   1.00000000E+00      216 |   0.00E+00  0.00E+00  7.21E+05  2.16E+02  6.99E+15  1.94E+08
     401  0.00000000E+00  0.00000000E+00              NaN             NaN             NaN             NaN             NaN             NaN             NaN             NaN   1.00000000E+00      216 |   0.00E+00  0.00E+00  7.93E+05  2.16E+02  6.36E+15  1.77E+08
     402  0.00000000E+00  0.00000000E+00              NaN             NaN             NaN             NaN             NaN             NaN             NaN             NaN   1.00000000E+00      216 |   0.00E+00  0.00E+00  7.23E+05  2.16E+02  6.98E+15  1.94E+08
     403  0.00000000E+00  0.00000000E+00              NaN             NaN             NaN             NaN             NaN             NaN             NaN             NaN   1.00000000E+00      216 |   0.00E+00  0.00E+00  7.45E+05  2.16E+02  6.77E+15  1.88E+08
     404  0.00000000E+00  0.00000000E+00              NaN             NaN             NaN             NaN             NaN             NaN             NaN             NaN   1.00000000E+00      216 |   0.00E+00  0.00E+00  6.56E+05  2.16E+02  7.68E+15  2.13E+08
     405  0.00000000E+00  0.00000000E+00              NaN             NaN             NaN             NaN             NaN             NaN             NaN             NaN   1.00000000E+00      216 |   0.00E+00  0.00E+00  6.20E+05  2.16E+02  8.14E+15  2.26E+08
     406  0.00000000E+00  0.00000000E+00              NaN             NaN             NaN             NaN             NaN             NaN             NaN             NaN   1.00000000E+00      216 |   0.00E+00  0.00E+00  6.59E+05  2.16E+02  7.65E+15  2.13E+08
     407  0.00000000E+00  0.00000000E+00              NaN             NaN             NaN             NaN             NaN             NaN             NaN             NaN   1.00000000E+00      216 |   0.00E+00  0.00E+00  7.05E+05  2.16E+02  7.15E+15  1.99E+08
     408  0.00000000E+00  0.00000000E+00              NaN             NaN             NaN             NaN             NaN             NaN             NaN             NaN   1.00000000E+00      216 |   0.00E+00  0.00E+00  8.04E+05  2.16E+02  6.27E+15  1.74E+08
     409  0.00000000E+00  0.00000000E+00              NaN             NaN             NaN             NaN             NaN             NaN             NaN             NaN   1.00000000E+00      216 |   0.00E+00  0.00E+00  6.91E+05  2.16E+02  7.30E+15  2.03E+08
     410  0.00000000E+00  0.00000000E+00              NaN             NaN             NaN             NaN             NaN             NaN             NaN             NaN   1.00000000E+00      216 |   0.00E+00  0.00E+00  5.39E+05  2.16E+02  9.36E+15  2.60E+08
     411  0.00000000E+00  0.00000000E+00              NaN             NaN             NaN             NaN             NaN             NaN             NaN             NaN   1.00000000E+00      216 |   0.00E+00  0.00E+00  3.65E+05  2.16E+02  1.38E+16  3.83E+08
     412  0.00000000E+00  0.00000000E+00              NaN             NaN             NaN             NaN             NaN             NaN             NaN             NaN   1.00000000E+00      216 |   0.00E+00  0.00E+00  5.40E+05  2.16E+02  9.33E+15  2.59E+08
     413  0.00000000E+00  0.00000000E+00              NaN             NaN             NaN             NaN             NaN             NaN             NaN             NaN   1.00000000E+00      216 |   0.00E+00  0.00E+00  6.70E+05  2.16E+02  7.53E+15  2.09E+08
     414  0.00000000E+00  0.00000000E+00              NaN             NaN             NaN             NaN             NaN             NaN             NaN             NaN   1.00000000E+00      216 |   0.00E+00  0.00E+00  6.85E+05  2.16E+02  7.36E+15  2.04E+08
     415  0.00000000E+00  0.00000000E+00              NaN             NaN             NaN             NaN             NaN             NaN             NaN             NaN   1.00000000E+00      216 |   0.00E+00  0.00E+00  7.10E+05  2.16E+02  7.10E+15  1.97E+08
     416  0.00000000E+00  0.00000000E+00              NaN             NaN             NaN             NaN             NaN             NaN             NaN             NaN   1.00000000E+00      216 |   0.00E+00  0.00E+00  6.73E+05  2.16E+02  7.49E+15  2.08E+08
     417  0.00000000E+00  0.00000000E+00              NaN             NaN             NaN             NaN             NaN             NaN             NaN             NaN   1.00000000E+00      216 |   0.00E+00  0.00E+00  7.01E+05  2.16E+02  7.19E+15  2.00E+08
     418  0.00000000E+00  0.00000000E+00              NaN             NaN             NaN             NaN             NaN             NaN             NaN             NaN   1.00000000E+00      216 |   0.00E+00  0.00E+00  7.68E+05  2.16E+02  6.56E+15  1.82E+08
     419  0.00000000E+00  0.00000000E+00              NaN             NaN             NaN             NaN             NaN             NaN             NaN             NaN   1.00000000E+00      216 |   0.00E+00  0.00E+00  7.65E+05  2.16E+02  6.59E+15  1.83E+08
     420  0.00000000E+00  0.00000000E+00              NaN             NaN             NaN             NaN             NaN             NaN             NaN             NaN   1.00000000E+00      216 |   0.00E+00  0.00E+00  6.71E+05  2.16E+02  7.51E+15  2.09E+08
     421  0.00000000E+00  0.00000000E+00              NaN             NaN             NaN             NaN             NaN             NaN             NaN             NaN   1.00000000E+00      216 |   0.00E+00  0.00E+00  7.84E+05  2.16E+02  6.43E+15  1.79E+08
     422  0.00000000E+00  0.00000000E+00              NaN             NaN             NaN             NaN             NaN             NaN             NaN             NaN   1.00000000E+00      216 |   0.00E+00  0.00E+00  5.59E+05  2.16E+02  9.02E+15  2.51E+08
     423  0.00000000E+00  0.00000000E+00              NaN             NaN             NaN             NaN             NaN             NaN             NaN             NaN   1.00000000E+00      216 |   0.00E+00  0.00E+00  5.84E+05  2.16E+02  8.63E+15  2.40E+08
     424  0.00000000E+00  0.00000000E+00              NaN             NaN             NaN             NaN             NaN             NaN             NaN             NaN   1.00000000E+00      216 |   0.00E+00  0.00E+00  5.28E+05  2.16E+02  9.55E+15  2.65E+08
     425  0.00000000E+00  0.00000000E+00              NaN             NaN             NaN             NaN             NaN             NaN             NaN             NaN   1.00000000E+00      216 |   0.00E+00  0.00E+00  7.58E+05  2.16E+02  6.66E+15  1.85E+08
     426  0.00000000E+00  0.00000000E+00              NaN             NaN             NaN             NaN             NaN             NaN             NaN             NaN   1.00000000E+00      216 |   0.00E+00  0.00E+00  6.14E+05  2.16E+02  8.21E+15  2.28E+08
     427  0.00000000E+00  0.00000000E+00              NaN             NaN             NaN             NaN             NaN             NaN             NaN             NaN   1.00000000E+00      216 |   0.00E+00  0.00E+00  6.59E+05  2.16E+02  7.65E+15  2.13E+08
     428  0.00000000E+00  0.00000000E+00              NaN             NaN             NaN             NaN             NaN             NaN             NaN             NaN   1.00000000E+00      216 |   0.00E+00  0.00E+00  5.68E+05  2.16E+02  8.87E+15  2.46E+08
     429  0.00000000E+00  0.00000000E+00              NaN             NaN             NaN             NaN             NaN             NaN             NaN             NaN   1.00000000E+00      216 |   0.00E+00  0.00E+00  6.51E+05  2.16E+02  7.75E+15  2.15E+08
     430  0.00000000E+00  0.00000000E+00              NaN             NaN             NaN             NaN             NaN             NaN             NaN             NaN   1.00000000E+00      216 |   0.00E+00  0.00E+00  6.02E+05  2.16E+02  8.38E+15  2.33E+08
     431  0.00000000E+00  0.00000000E+00              NaN             NaN             NaN             NaN             NaN             NaN             NaN             NaN   1.00000000E+00      216 |   0.00E+00  0.00E+00  6.29E+05  2.16E+02  8.01E+15  2.23E+08
     432  0.00000000E+00  0.00000000E+00              NaN             NaN             NaN             NaN             NaN             NaN             NaN             NaN   1.00000000E+00      216 |   0.00E+00  0.00E+00  5.68E+05  2.16E+02  8.88E+15  2.47E+08
     433  0.00000000E+00  0.00000000E+00              NaN             NaN             NaN             NaN             NaN             NaN             NaN             NaN   1.00000000E+00      216 |   0.00E+00  0.00E+00  5.87E+05  2.16E+02  8.59E+15  2.39E+08
     434  0.00000000E+00  0.00000000E+00              NaN             NaN             NaN             NaN             NaN             NaN             NaN             NaN   1.00000000E+00      216 |   0.00E+00  0.00E+00  5.74E+05  2.16E+02  8.79E+15  2.44E+08
     435  0.00000000E+00  0.00000000E+00              NaN             NaN             NaN             NaN             NaN             NaN             NaN             NaN   1.00000000E+00      216 |   0.00E+00  0.00E+00  7.89E+05  2.16E+02  6.39E+15  1.78E+08
     436  0.00000000E+00  0.00000000E+00              NaN             NaN             NaN             NaN             NaN             NaN             NaN             NaN   1.00000000E+00      216 |   0.00E+00  0.00E+00  8.09E+05  2.16E+02  6.23E+15  1.73E+08
     437  0.00000000E+00  0.00000000E+00              NaN             NaN             NaN             NaN             NaN             NaN             NaN             NaN   1.00000000E+00      216 |   0.00E+00  0.00E+00  6.98E+05  2.16E+02  7.23E+15  2.01E+08
     438  0.00000000E+00  0.00000000E+00              NaN             NaN             NaN             NaN             NaN             NaN             NaN             NaN   1.00000000E+00      216 |   0.00E+00  0.00E+00  6.08E+05  2.16E+02  8.30E+15  2.30E+08
     439  0.00000000E+00  0.00000000E+00              NaN             NaN             NaN             NaN             NaN             NaN             NaN             NaN   1.00000000E+00      216 |   0.00E+00  0.00E+00  6.63E+05  2.16E+02  7.60E+15  2.11E+08
     440  0.00000000E+00  0.00000000E+00              NaN             NaN             NaN             NaN             NaN             NaN             NaN             NaN   1.00000000E+00      216 |   0.00E+00  0.00E+00  5.89E+05  2.16E+02  8.56E+15  2.38E+08
     441  0.00000000E+00  0.00000000E+00              NaN             NaN             NaN             NaN             NaN             NaN             NaN             NaN   1.00000000E+00      216 |   0.00E+00  0.00E+00  3.41E+05  2.16E+02  1.48E+16  4.10E+08
