it global_time dt rho m1 m2 m3 e b1 b2 b3 c1 n1 | Xload Xmemory 'Cell_Updates /second/core' 'Active_Blocks/Core' 'Wct Per Code Time [s]' 'TimeToFinish [hrs]'
       0  0.00000000E+00  6.63533063E-05   5.88490253E-06  8.75750556E-06  0.00000000E+00  0.00000000E+00  2.35396101E-04 -6.28591156E-20  1.77195110E-03 -5.89304209E-21   1.00000000E+00      216 |   0.00E+00  0.00E+00  0.00E+00  9.00E+00  4.82E+16  3.35E+14
       5  3.30831501E-04  6.58929171E-05   5.87570679E-06  8.64198186E-06  7.03200100E-18 -1.65042715E-14  2.35084904E-04 -1.25718231E-19  1.77208904E-03 -1.08397825E-12   1.00000000E+00      216 |   0.00E+00  0.00E+00  3.18E+05  9.00E+00  2.23E+03  1.55E+01
      10  6.59433729E-04  6.54662237E-05   5.86660370E-06  8.52819508E-06  8.01264579E-18 -3.96344824E-14  2.34777520E-04 -1.57147789E-19  1.77222178E-03 -2.88379849E-12   1.00000000E+00      216 |   0.00E+00  0.00E+00  3.09E+05  9.00E+00  2.31E+03  1.60E+01
      15  9.85949072E-04  6.50589069E-05   5.85757155E-06  8.41699916E-06 -8.15957284E-17 -7.63961043E-14  2.34474451E-04 -3.45725136E-19  1.77234982E-03 -4.64673378E-12   1.00000000E+00      216 |   0.00E+00  0.00E+00  3.24E+05  9.00E+00  2.21E+03  1.54E+01
      20  1.31043829E-03  6.46570739E-05   5.84860905E-06  8.30843570E-06 -2.77782934E-16 -1.40952920E-13  2.34175698E-04 -6.28591156E-20  1.77247316E-03 -5.94537589E-12   1.00000000E+00      216 |   0.00E+00  0.00E+00  3.21E+05  9.00E+00  2.25E+03  1.56E+01
      25  1.63291440E-03  6.42537011E-05   5.83971629E-06  8.20255523E-06 -4.71266043E-16 -2.23131825E-13  2.33881368E-04 -2.51436463E-19  1.77259180E-03 -7.22365294E-12   1.00000000E+00      216 |   0.00E+00  0.00E+00  1.04E+05  9.00E+00  7.00E+03  4.86E+01
      30  1.95338762E-03  6.38562501E-05   5.83089348E-06  8.09940215E-06 -1.25584955E-15 -3.35502641E-13  2.33591538E-04 -2.20006905E-19  1.77270574E-03 -8.45061725E-12   1.00000000E+00      216 |   0.00E+00  0.00E+00  3.25E+05  9.00E+00  2.25E+03  1.56E+01
      35  2.27187998E-03  6.34587462E-05   5.82214050E-06  7.99900978E-06 -1.35973945E-15 -4.54406578E-13  2.33306260E-04 -3.14295578E-20  1.77281502E-03 -9.16478569E-12   1.00000000E+00      216 |   0.00E+00  0.00E+00  3.13E+05  9.00E+00  2.35E+03  1.63E+01
      40  2.58835724E-03  6.30509109E-05   5.81345881E-06  7.90142147E-06 -1.54360289E-15 -6.11223030E-13  2.33025626E-04 -3.14295578E-20  1.77291966E-03 -9.98055783E-12   1.00000000E+00      216 |   0.00E+00  0.00E+00  3.25E+05  9.00E+00  2.28E+03  1.58E+01
      45  2.90279712E-03  6.26443299E-05   5.80484955E-06  7.80666803E-06 -2.59853747E-15 -7.73906382E-13  2.32749708E-04 -9.42886734E-20  1.77301970E-03 -1.06724738E-11   1.00000000E+00      216 |   0.00E+00  0.00E+00  3.25E+05  9.00E+00  2.29E+03  1.59E+01
      50  3.21520371E-03  6.22368245E-05   5.79631317E-06  7.71476398E-06 -4.06498811E-15 -9.30454976E-13  2.32478542E-04 -5.02872925E-19  1.77311521E-03 -1.13200835E-11   1.00000000E+00      216 |   0.00E+00  0.00E+00  3.26E+05  9.00E+00  2.30E+03  1.60E+01
      55  3.52556863E-03  6.18271632E-05   5.78785046E-06  7.62571984E-06 -5.92329006E-15 -1.11946910E-12  2.32212162E-04 -4.71443367E-19  1.77320625E-03 -1.20037976E-11   1.00000000E+00      216 |   0.00E+00  0.00E+00  3.25E+05  9.00E+00  2.32E+03  1.61E+01
      60  3.83389255E-03  6.14226468E-05   5.77946197E-06  7.53953613E-06 -7.81266128E-15 -1.29363973E-12  2.31950580E-04 -3.45725136E-19  1.77329290E-03 -1.22375489E-11   1.00000000E+00      216 |   0.00E+00  0.00E+00  3.26E+05  9.00E+00  2.33E+03  1.62E+01
      65  4.14020653E-03  6.10243876E-05   5.77114744E-06  7.45619848E-06 -1.04625021E-14 -1.48374325E-12  2.31693775E-04 -1.88577347E-19  1.77337525E-03 -1.26858081E-11   1.00000000E+00      216 |   0.00E+00  0.00E+00  3.20E+05  9.00E+00  2.39E+03  1.66E+01
      70  4.44454570E-03  6.06350720E-05   5.76290648E-06  7.37568605E-06 -1.15649661E-14 -1.68675680E-12  2.31441718E-04 -1.88577347E-19  1.77345340E-03 -1.27569049E-11   1.00000000E+00      216 |   0.00E+00  0.00E+00  3.10E+05  9.00E+00  2.48E+03  1.72E+01
      75  4.74695909E-03  6.02559758E-05   5.75473836E-06  7.29796966E-06 -1.52040885E-14 -1.88084710E-12  2.31194360E-04 -4.08584252E-19  1.77352746E-03 -1.33124615E-11   1.00000000E+00      216 |   0.00E+00  0.00E+00  3.24E+05  9.00E+00  2.39E+03  1.66E+01
      80  5.04749504E-03  5.98852010E-05   5.74664235E-06  7.22301644E-06 -1.79713978E-14 -2.07609329E-12  2.30951648E-04  6.28591156E-20  1.77359753E-03 -1.36485155E-11   1.00000000E+00      216 |   0.00E+00  0.00E+00  3.28E+05  9.00E+00  2.38E+03  1.65E+01
      85  5.34618872E-03  5.95208888E-05   5.73861807E-06  7.15079325E-06 -2.29671848E-14 -2.29588608E-12  2.30713537E-04 -5.97161598E-19  1.77366373E-03 -1.39432797E-11   1.00000000E+00      216 |   0.00E+00  0.00E+00  3.27E+05  9.00E+00  2.40E+03  1.66E+01
      90  5.64307925E-03  5.91655835E-05   5.73066503E-06  7.08126264E-06 -2.82857555E-14 -2.47406035E-12  2.30479975E-04 -3.14295578E-20  1.77372617E-03 -1.33850420E-11   1.00000000E+00      216 |   0.00E+00  0.00E+00  3.27E+05  9.00E+00  2.41E+03  1.67E+01
      95  5.93820869E-03  5.88177624E-05   5.72278266E-06  7.01438352E-06 -3.47589362E-14 -2.63762833E-12  2.30250908E-04  6.28591156E-20  1.77378498E-03 -1.36418845E-11   1.00000000E+00      216 |   0.00E+00  0.00E+00  3.28E+05  9.00E+00  2.42E+03  1.68E+01
     100  6.23161341E-03  5.84772265E-05   5.71497051E-06  6.95011357E-06 -4.14254356E-14 -2.80365566E-12  2.30026282E-04  0.00000000E+00  1.77384027E-03 -1.39038036E-11   1.00000000E+00      216 |   0.00E+00  0.00E+00  3.27E+05  9.00E+00  2.44E+03  1.69E+01
     105  6.52333093E-03  5.81445046E-05   5.70722811E-06  6.88840790E-06 -4.60611646E-14 -2.95120489E-12  2.29806056E-04  3.14295578E-20  1.77389217E-03 -1.37147239E-11   1.00000000E+00      216 |   0.00E+00  0.00E+00  3.17E+05  9.00E+00  2.53E+03  1.76E+01
     110  6.81340038E-03  5.78195789E-05   5.69955490E-06  6.82921912E-06 -5.08172713E-14 -3.06704704E-12  2.29590200E-04 -1.25718231E-19  1.77394081E-03 -1.25724315E-11   1.00000000E+00      216 |   0.00E+00  0.00E+00  3.27E+05  9.00E+00  2.47E+03  1.71E+01
     115  7.10186279E-03  5.75034092E-05   5.69195027E-06  6.77249843E-06 -5.66455027E-14 -3.17793572E-12  2.29378596E-04 -6.91450272E-19  1.77398630E-03 -1.25376927E-11   1.00000000E+00      216 |   0.00E+00  0.00E+00  3.28E+05  9.00E+00  2.48E+03  1.72E+01
     120  7.38875841E-03  5.71939384E-05   5.68441362E-06  6.71819645E-06 -6.07771219E-14 -3.28762185E-12  2.29171164E-04 -3.77154694E-19  1.77402875E-03 -1.25997446E-11   1.00000000E+00      216 |   0.00E+00  0.00E+00  3.27E+05  9.00E+00  2.49E+03  1.73E+01
     125  7.67411925E-03  5.68907877E-05   5.67694454E-06  6.66626420E-06 -6.42915436E-14 -3.37997257E-12  2.28967844E-04  1.25718231E-19  1.77406828E-03 -1.26420242E-11   1.00000000E+00      216 |   0.00E+00  0.00E+00  3.28E+05  9.00E+00  2.50E+03  1.74E+01
     130  7.95797693E-03  5.65938821E-05   5.66954259E-06  6.61665145E-06 -6.67331150E-14 -3.46145118E-12  2.28768585E-04 -1.25718231E-19  1.77410502E-03 -1.25251558E-11   1.00000000E+00      216 |   0.00E+00  0.00E+00  3.25E+05  9.00E+00  2.53E+03  1.76E+01
     135  8.24036210E-03  5.63029081E-05   5.66220739E-06  6.56930684E-06 -6.88435484E-14 -3.51412023E-12  2.28573339E-04  3.14295578E-19  1.77413908E-03 -1.14291521E-11   1.00000000E+00      216 |   0.00E+00  0.00E+00  3.27E+05  9.00E+00  2.53E+03  1.76E+01
     140  8.52130366E-03  5.60174946E-05   5.65493855E-06  6.52417808E-06 -6.95645073E-14 -3.54170147E-12  2.28382065E-04 -9.42886734E-20  1.77417059E-03 -1.11247021E-11   1.00000000E+00      216 |   0.00E+00  0.00E+00  3.14E+05  9.00E+00  2.65E+03  1.84E+01
     145  8.80082850E-03  5.57371378E-05   5.64773572E-06  6.48121232E-06 -6.92021020E-14 -3.56692321E-12  2.28194719E-04 -1.57147789E-19  1.77419967E-03 -1.00657381E-11   1.00000000E+00      216 |   0.00E+00  0.00E+00  3.28E+05  9.00E+00  2.55E+03  1.77E+01
     150  9.07896088E-03  5.54613300E-05   5.64059863E-06  6.44035631E-06 -6.82141705E-14 -3.59864615E-12  2.28011255E-04  3.14295578E-19  1.77422643E-03 -8.90364784E-12   1.00000000E+00      216 |   0.00E+00  0.00E+00  3.27E+05  9.00E+00  2.57E+03  1.79E+01
     155  9.35572276E-03  5.51898587E-05   5.63352702E-06  6.40155630E-06 -6.63870051E-14 -3.61171887E-12  2.27831635E-04 -3.14295578E-19  1.77425099E-03 -7.55782218E-12   1.00000000E+00      216 |   0.00E+00  0.00E+00  3.28E+05  9.00E+00  2.58E+03  1.79E+01
     160  9.63113662E-03  5.49229966E-05   5.62652060E-06  6.36475762E-06 -6.50834160E-14 -3.63968693E-12  2.27655821E-04  4.40013809E-19  1.77427347E-03 -7.36800675E-12   1.00000000E+00      216 |   0.00E+00  0.00E+00  3.19E+05  9.00E+00  2.66E+03  1.85E+01
     165  9.90522479E-03  5.46605748E-05   5.61957910E-06  6.32990476E-06 -6.25343955E-14 -3.66655169E-12  2.27483773E-04 -2.51436463E-19  1.77429399E-03 -7.50793637E-12   1.00000000E+00      216 |   0.00E+00  0.00E+00  3.27E+05  9.00E+00  2.61E+03  1.81E+01
     170  1.01635572E-02  5.44161925E-05   5.61306574E-06  6.29864528E-06 -6.00259162E-14 -3.66943265E-12  2.27324294E-04 -4.71443367E-19  1.77431170E-03 -6.60674224E-12   1.00000000E+00      216 |   0.00E+00  0.00E+00  3.27E+05  9.00E+00  2.62E+03  1.82E+01
     175  1.04351279E-02  5.41618265E-05   5.60624970E-06  6.26741907E-06 -6.28956034E-14 -3.68505106E-12  2.27159456E-04  3.14295578E-20  1.77432869E-03 -5.16955713E-12   1.00000000E+00      216 |   0.00E+00  0.00E+00  3.09E+05  9.00E+00  2.79E+03  1.94E+01
     180  1.07054345E-02  5.39113434E-05   5.59949771E-06  6.23797211E-06 -6.73687826E-14 -3.71015001E-12  2.26998254E-04  1.88577347E-19  1.77434403E-03 -4.55946208E-12   1.00000000E+00      216 |   0.00E+00  0.00E+00  3.27E+05  9.00E+00  2.64E+03  1.84E+01
     185  1.09744966E-02  5.36648994E-05   5.59280946E-06  6.21024733E-06 -7.23673602E-14 -3.73116597E-12  2.26840639E-04 -5.34302483E-19  1.77435782E-03 -3.62523098E-12   1.00000000E+00      216 |   0.00E+00  0.00E+00  3.26E+05  9.00E+00  2.67E+03  1.85E+01
     190  1.12423350E-02  5.34225777E-05   5.58618460E-06  6.18418750E-06 -7.61975347E-14 -3.77189866E-12  2.26686560E-04 -3.45725136E-19  1.77437015E-03 -2.13404656E-12   1.00000000E+00      216 |   0.00E+00  0.00E+00  3.25E+05  9.00E+00  2.69E+03  1.86E+01
     195  1.15089686E-02  5.31834244E-05   5.57962280E-06  6.15973562E-06 -7.92865900E-14 -3.81955330E-12  2.26535964E-04 -4.40013809E-19  1.77438112E-03 -6.03037455E-13   1.00000000E+00      216 |   0.00E+00  0.00E+00  3.27E+05  9.00E+00  2.68E+03  1.86E+01
     200  1.17744110E-02  5.29463110E-05   5.57312386E-06  6.13683540E-06 -8.03001276E-14 -3.85610337E-12  2.26388795E-04 -2.20006905E-19  1.77439082E-03  1.07645133E-12   1.00000000E+00      216 |   0.00E+00  0.00E+00  3.27E+05  9.00E+00  2.69E+03  1.87E+01
     205  1.20386721E-02  5.27120437E-05   5.56668761E-06  6.11543107E-06 -8.13881219E-14 -3.88622989E-12  2.26245004E-04 -2.82866020E-19  1.77439932E-03  2.56045401E-12   1.00000000E+00      216 |   0.00E+00  0.00E+00  3.27E+05  9.00E+00  2.71E+03  1.88E+01
     210  1.23017722E-02  5.24830084E-05   5.56031364E-06  6.09546636E-06 -8.36666565E-14 -3.95192150E-12  2.26104528E-04  0.00000000E+00  1.77440673E-03  3.20048015E-12   1.00000000E+00      216 |   0.00E+00  0.00E+00  3.11E+05  9.00E+00  2.86E+03  1.99E+01
     215  1.25637370E-02  5.22587903E-05   5.55400136E-06  6.07688527E-06 -8.44720267E-14 -4.01016187E-12  2.25967304E-04 -1.25718231E-19  1.77441310E-03  4.21643979E-12   1.00000000E+00      216 |   0.00E+00  0.00E+00  3.26E+05  9.00E+00  2.74E+03  1.90E+01
     220  1.28245893E-02  5.20387695E-05   5.54775026E-06  6.05963283E-06 -8.21622902E-14 -4.08638820E-12  2.25833267E-04  6.28591156E-20  1.77441853E-03  5.45922487E-12   1.00000000E+00      216 |   0.00E+00  0.00E+00  3.27E+05  9.00E+00  2.74E+03  1.90E+01
     225  1.30843491E-02  5.18224187E-05   5.54155986E-06  6.04365514E-06 -8.18875999E-14 -4.20266455E-12  2.25702352E-04 -1.88577347E-19  1.77442308E-03  7.10086257E-12   1.00000000E+00      216 |   0.00E+00  0.00E+00  3.28E+05  9.00E+00  2.75E+03  1.91E+01
     230  1.33430341E-02  5.16095429E-05   5.53542973E-06  6.02889929E-06 -8.03498405E-14 -4.32202113E-12  2.25574494E-04 -1.25718231E-19  1.77442683E-03  9.29396633E-12   1.00000000E+00      216 |   0.00E+00  0.00E+00  3.27E+05  9.00E+00  2.77E+03  1.92E+01
     235  1.36006611E-02  5.13998811E-05   5.52935944E-06  6.01531337E-06 -7.79934437E-14 -4.42964111E-12  2.25449631E-04 -6.28591156E-20  1.77442983E-03  1.07003453E-11   1.00000000E+00      216 |   0.00E+00  0.00E+00  3.28E+05  9.00E+00  2.77E+03  1.92E+01
     240  1.38572467E-02  5.11936788E-05   5.52334852E-06  6.00284650E-06 -7.44956907E-14 -4.52775200E-12  2.25327696E-04 -9.42886734E-20  1.77443216E-03  1.26235063E-11   1.00000000E+00      216 |   0.00E+00  0.00E+00  3.26E+05  9.00E+00  2.80E+03  1.94E+01
     245  1.41128081E-02  5.09908363E-05   5.51739652E-06  5.99144876E-06 -7.07592904E-14 -4.59161044E-12  2.25208624E-04 -3.77154694E-19  1.77443388E-03  1.47499544E-11   1.00000000E+00      216 |   0.00E+00  0.00E+00  3.16E+05  9.00E+00  2.90E+03  2.01E+01
     250  1.43673618E-02  5.07912170E-05   5.51150293E-06  5.98107141E-06 -6.53498898E-14 -4.65425604E-12  2.25092350E-04 -2.20006905E-19  1.77443503E-03  1.58565268E-11   1.00000000E+00      216 |   0.00E+00  0.00E+00  3.27E+05  9.00E+00  2.81E+03  1.95E+01
     255  1.46209233E-02  5.05944260E-05   5.50566730E-06  5.97166685E-06 -6.18181878E-14 -4.69146258E-12  2.24978808E-04 -2.51436463E-19  1.77443569E-03  1.71997451E-11   1.00000000E+00      216 |   0.00E+00  0.00E+00  3.28E+05  9.00E+00  2.81E+03  1.95E+01
     260  1.48735064E-02  5.04004213E-05   5.49988917E-06  5.96318869E-06 -5.50789728E-14 -4.70752144E-12  2.24867934E-04 -1.57147789E-19  1.77443589E-03  1.83445117E-11   1.00000000E+00      216 |   0.00E+00  0.00E+00  3.27E+05  9.00E+00  2.83E+03  1.97E+01
     265  1.51251246E-02  5.02092024E-05   5.49416808E-06  5.95559173E-06 -4.95479073E-14 -4.68616011E-12  2.24759664E-04 -4.40013809E-19  1.77443569E-03  2.07075687E-11   1.00000000E+00      216 |   0.00E+00  0.00E+00  3.28E+05  9.00E+00  2.84E+03  1.97E+01
     270  1.53757946E-02  5.00217837E-05   5.48850349E-06  5.94883185E-06 -4.54481787E-14 -4.65789466E-12  2.24653934E-04  1.25718231E-19  1.77443513E-03  2.19147440E-11   1.00000000E+00      216 |   0.00E+00  0.00E+00  3.27E+05  9.00E+00  2.85E+03  1.98E+01
     275  1.56255323E-02  4.98365130E-05   5.48289484E-06  5.94286622E-06 -4.06331618E-14 -4.60382744E-12  2.24550679E-04  1.88577347E-19  1.77443427E-03  2.45767062E-11   1.00000000E+00      216 |   0.00E+00  0.00E+00  3.22E+05  9.00E+00  2.91E+03  2.02E+01
     280  1.58743475E-02  4.96532247E-05   5.47734173E-06  5.93765334E-06 -3.87563433E-14 -4.50738583E-12  2.24449838E-04 -2.20006905E-19  1.77443313E-03  2.63910604E-11   1.00000000E+00      216 |   0.00E+00  0.00E+00  3.16E+05  9.00E+00  2.97E+03  2.06E+01
     285  1.61222500E-02  4.94719012E-05   5.47184371E-06  5.93315294E-06 -3.89424430E-14 -4.38754249E-12  2.24351350E-04 -4.08584252E-19  1.77443177E-03  2.85620059E-11   1.00000000E+00      216 |   0.00E+00  0.00E+00  3.26E+05  9.00E+00  2.89E+03  2.01E+01
     290  1.63692512E-02  4.92932874E-05   5.46640031E-06  5.92932589E-06 -4.20961613E-14 -4.22239217E-12  2.24255158E-04 -2.82866020E-19  1.77443022E-03  3.02879806E-11   1.00000000E+00      216 |   0.00E+00  0.00E+00  3.24E+05  9.00E+00  2.92E+03  2.03E+01
     295  1.66153647E-02  4.91172962E-05   5.46101098E-06  5.92613427E-06 -4.55836542E-14 -4.04843851E-12  2.24161199E-04 -3.14295578E-19  1.77442851E-03  3.28257684E-11   1.00000000E+00      216 |   0.00E+00  0.00E+00  3.25E+05  9.00E+00  2.92E+03  2.03E+01
     300  1.68606033E-02  4.89438280E-05   5.45567519E-06  5.92354143E-06 -4.94023279E-14 -3.88243674E-12  2.24069416E-04  1.25718231E-19  1.77442668E-03  3.48628901E-11   1.00000000E+00      216 |   0.00E+00  0.00E+00  3.27E+05  9.00E+00  2.91E+03  2.02E+01
     305  1.71049790E-02  4.87725148E-05   5.45039241E-06  5.92151194E-06 -5.38752393E-14 -3.73216899E-12  2.23979750E-04 -1.57147789E-19  1.77442475E-03  3.73879074E-11   1.00000000E+00      216 |   0.00E+00  0.00E+00  3.28E+05  9.00E+00  2.92E+03  2.03E+01
     310  1.73485020E-02  4.86031501E-05   5.44516213E-06  5.92001155E-06 -5.70518965E-14 -3.56648161E-12  2.23892148E-04 -3.77154694E-19  1.77442277E-03  3.95550788E-11   1.00000000E+00      216 |   0.00E+00  0.00E+00  3.28E+05  9.00E+00  2.93E+03  2.03E+01
     315  1.75911821E-02  4.84357237E-05   5.43998386E-06  5.91900724E-06 -6.27847075E-14 -3.39606631E-12  2.23806556E-04 -6.28591156E-19  1.77442074E-03  4.18451129E-11   1.00000000E+00      216 |   0.00E+00  0.00E+00  3.08E+05  9.00E+00  3.13E+03  2.17E+01
     320  1.78330291E-02  4.82703468E-05   5.43485710E-06  5.91846709E-06 -6.64423209E-14 -3.23455128E-12  2.23722919E-04 -3.77154694E-19  1.77441871E-03  4.39827740E-11   1.00000000E+00      216 |   0.00E+00  0.00E+00  3.27E+05  9.00E+00  2.96E+03  2.05E+01
     325  1.80740536E-02  4.81071611E-05   5.42978130E-06  5.91836036E-06 -6.91032151E-14 -3.05261615E-12  2.23641187E-04 -1.57147789E-19  1.77441669E-03  4.68869244E-11   1.00000000E+00      216 |   0.00E+00  0.00E+00  3.27E+05  9.00E+00  2.97E+03  2.06E+01
     330  1.83142666E-02  4.79462486E-05   5.42475592E-06  5.91865742E-06 -7.10708627E-14 -2.86084037E-12  2.23561307E-04  3.14295578E-20  1.77441471E-03  5.03490216E-11   1.00000000E+00      216 |   0.00E+00  0.00E+00  3.27E+05  9.00E+00  2.98E+03  2.06E+01
     335  1.85536796E-02  4.77875766E-05   5.41978039E-06  5.91932973E-06 -7.01771812E-14 -2.67684638E-12  2.23483232E-04 -2.82866020E-19  1.77441278E-03  5.28134788E-11   1.00000000E+00      216 |   0.00E+00  0.00E+00  3.25E+05  9.00E+00  3.01E+03  2.09E+01
     340  1.87923037E-02  4.76311226E-05   5.41485415E-06  5.92034986E-06 -7.40277812E-14 -2.51187290E-12  2.23406911E-04 -4.71443367E-19  1.77441093E-03  5.56666642E-11   1.00000000E+00      216 |   0.00E+00  0.00E+00  3.24E+05  9.00E+00  3.03E+03  2.10E+01
     345  1.90301500E-02  4.74768780E-05   5.40997664E-06  5.92169144E-06 -7.39170448E-14 -2.34772696E-12  2.23332298E-04 -2.82866020E-19  1.77440917E-03  5.86113781E-11   1.00000000E+00      216 |   0.00E+00  0.00E+00  3.26E+05  9.00E+00  3.01E+03  2.09E+01
     350  1.92672290E-02  4.73245907E-05   5.40514730E-06  5.92332911E-06 -7.27350697E-14 -2.19214262E-12  2.23259347E-04 -5.02872925E-19  1.77440751E-03  6.24488904E-11   1.00000000E+00      216 |   0.00E+00  0.00E+00  3.13E+05  9.00E+00  3.15E+03  2.18E+01
     355  1.95035504E-02  4.71741944E-05   5.40036558E-06  5.92523855E-06 -7.24895457E-14 -2.06839521E-12  2.23188014E-04  3.14295578E-20  1.77440597E-03  6.55918242E-11   1.00000000E+00      216 |   0.00E+00  0.00E+00  3.27E+05  9.00E+00  3.02E+03  2.10E+01
     360  1.97391236E-02  4.70256767E-05   5.39563094E-06  5.92739637E-06 -7.05045464E-14 -1.95987344E-12  2.23118256E-04 -1.88577347E-19  1.77440456E-03  6.86859695E-11   1.00000000E+00      216 |   0.00E+00  0.00E+00  3.27E+05  9.00E+00  3.03E+03  2.11E+01
     365  1.99739585E-02  2.60414834E-05   5.39094283E-06  5.92978017E-06 -7.14747640E-14 -1.88016308E-12  2.23050031E-04 -3.45725136E-19  1.77440330E-03  7.25732992E-11   1.00000000E+00      216 |   0.00E+00  0.00E+00  3.27E+05  9.00E+00  5.48E+03  3.80E+01
     370  2.01872776E-02  4.67468670E-05   5.38671161E-06  5.93213056E-06 -7.17365396E-14 -1.80844111E-12  2.22989174E-04  2.82866020E-19  1.77440229E-03  7.56960720E-11   1.00000000E+00      216 |   0.00E+00  0.00E+00  1.46E+04  9.00E+00  6.84E+04  4.75E+02
     375  2.04207239E-02  4.66032178E-05   5.38211097E-06  5.93488718E-06 -7.03455225E-14 -1.72964511E-12  2.22923771E-04 -5.02872925E-19  1.77440133E-03  7.90807213E-11   1.00000000E+00      216 |   0.00E+00  0.00E+00  3.22E+05  9.00E+00  3.10E+03  2.15E+01
     380  2.06534557E-02  4.64614231E-05   5.37755532E-06  5.93780966E-06 -6.62683944E-14 -1.65941875E-12  2.22859789E-04  6.28591156E-20  1.77440054E-03  8.31075790E-11   1.00000000E+00      216 |   0.00E+00  0.00E+00  3.27E+05  9.00E+00  3.07E+03  2.13E+01
     385  2.08854820E-02  4.63214216E-05   5.37304412E-06  5.94087913E-06 -6.57389006E-14 -1.58521340E-12  2.22797184E-04 -5.34302483E-19  1.77439992E-03  8.76345749E-11   1.00000000E+00      216 |   0.00E+00  0.00E+00  3.11E+05  9.00E+00  3.24E+03  2.25E+01
     390  2.11168120E-02  4.61832387E-05   5.36857683E-06  5.94407772E-06 -6.50478303E-14 -1.50771313E-12  2.22735910E-04 -5.34302483E-19  1.77439949E-03  9.18394428E-11   1.00000000E+00      216 |   0.00E+00  0.00E+00  3.27E+05  9.00E+00  3.09E+03  2.14E+01
     395  2.13474546E-02  4.60467435E-05   5.36415289E-06  5.94738864E-06 -6.11175415E-14 -1.45651339E-12  2.22675916E-04 -2.82866020E-19  1.77439923E-03  9.59570551E-11   1.00000000E+00      216 |   0.00E+00  0.00E+00  3.28E+05  9.00E+00  3.09E+03  2.15E+01
     400  2.15774179E-02  4.59118628E-05   5.35977177E-06  5.95079612E-06 -6.31100153E-14 -1.43671363E-12  2.22617160E-04 -8.17168503E-19  1.77439916E-03  1.00401513E-10   1.00000000E+00      216 |   0.00E+00  0.00E+00  3.28E+05  9.00E+00  3.10E+03  2.15E+01
     405  2.18067100E-02  4.57785674E-05   5.35543293E-06  5.95428535E-06 -5.93733375E-14 -1.40337043E-12  2.22559592E-04 -2.51436463E-19  1.77439927E-03  1.04131940E-10   1.00000000E+00      216 |   0.00E+00  0.00E+00  3.27E+05  9.00E+00  3.11E+03  2.16E+01
     410  2.20353387E-02  4.56467560E-05   5.35113585E-06  5.95784249E-06 -5.63298177E-14 -1.35901733E-12  2.22503171E-04  1.25718231E-19  1.77439956E-03  1.08086720E-10   1.00000000E+00      216 |   0.00E+00  0.00E+00  3.24E+05  9.00E+00  3.15E+03  2.19E+01
     415  2.22633111E-02  4.55164026E-05   5.34687999E-06  5.96145444E-06 -5.52974703E-14 -1.34834020E-12  2.22447852E-04 -6.91450272E-19  1.77440003E-03  1.12469062E-10   1.00000000E+00      216 |   0.00E+00  0.00E+00  3.27E+05  9.00E+00  3.13E+03  2.17E+01
     420  2.24906347E-02  4.53874024E-05   5.34266484E-06  5.96510859E-06 -5.02398629E-14 -1.34243191E-12  2.22393594E-04 -3.14295578E-20  1.77440068E-03  1.16416343E-10   1.00000000E+00      216 |   0.00E+00  0.00E+00  3.13E+05  9.00E+00  3.29E+03  2.28E+01
     425  2.27173155E-02  4.52596235E-05   5.33848990E-06  5.96879313E-06 -4.94534661E-14 -1.33980750E-12  2.22340356E-04  1.25718231E-19  1.77440150E-03  1.21512972E-10   1.00000000E+00      216 |   0.00E+00  0.00E+00  3.28E+05  9.00E+00  3.15E+03  2.18E+01
     430  2.29433605E-02  4.51333096E-05   5.33435465E-06  5.97249752E-06 -4.30415463E-14 -1.34235853E-12  2.22288091E-04  2.82866020E-19  1.77440250E-03  1.26142803E-10   1.00000000E+00      216 |   0.00E+00  0.00E+00  3.28E+05  9.00E+00  3.15E+03  2.19E+01
     435  2.31687766E-02  4.50084185E-05   5.33025858E-06  5.97621224E-06 -4.12348949E-14 -1.33056588E-12  2.22236753E-04 -7.54309388E-19  1.77440366E-03  1.30588829E-10   1.00000000E+00      216 |   0.00E+00  0.00E+00  3.27E+05  9.00E+00  3.17E+03  2.20E+01
     440  2.33935713E-02  4.48849818E-05   5.32620114E-06  5.97992849E-06 -3.74857487E-14 -1.32104611E-12  2.22186306E-04 -3.14295578E-19  1.77440498E-03  1.35255753E-10   1.00000000E+00      216 |   0.00E+00  0.00E+00  3.27E+05  9.00E+00  3.17E+03  2.20E+01
     445  2.36177518E-02  4.47630892E-05   5.32218183E-06  5.98363834E-06 -3.94215940E-14 -1.33349617E-12  2.22136714E-04 -2.51436463E-19  1.77440646E-03  1.40531850E-10   1.00000000E+00      216 |   0.00E+00  0.00E+00  3.28E+05  9.00E+00  3.18E+03  2.21E+01
     450  2.38413260E-02  4.46427880E-05   5.31820009E-06  5.98733465E-06 -3.73133768E-14 -1.34232118E-12  2.22087946E-04 -6.28591156E-20  1.77440810E-03  1.45697563E-10   1.00000000E+00      216 |   0.00E+00  0.00E+00  3.28E+05  9.00E+00  3.19E+03  2.21E+01
     455  2.40643016E-02  4.45238666E-05   5.31425542E-06  5.99101058E-06 -3.95914232E-14 -1.35923967E-12  2.22039972E-04 -5.34302483E-19  1.77440989E-03  1.50783954E-10   1.00000000E+00      216 |   0.00E+00  0.00E+00  3.15E+05  9.00E+00  3.32E+03  2.31E+01
     460  2.42866846E-02  4.44058774E-05   5.31034730E-06  5.99466013E-06 -4.11640511E-14 -1.34908828E-12  2.21992763E-04 -9.42886734E-20  1.77441183E-03  1.55005138E-10   1.00000000E+00      216 |   0.00E+00  0.00E+00  3.26E+05  9.00E+00  3.22E+03  2.24E+01
     465  2.45084796E-02  4.42888693E-05   5.30647527E-06  5.99827785E-06 -4.01809144E-14 -1.34510262E-12  2.21946289E-04  3.14295578E-20  1.77441392E-03  1.60333124E-10   1.00000000E+00      216 |   0.00E+00  0.00E+00  3.28E+05  9.00E+00  3.22E+03  2.23E+01
     470  2.47296917E-02  4.41729990E-05   5.30263885E-06  6.00185893E-06 -3.81987844E-14 -1.35913275E-12  2.21900526E-04 -3.14295578E-20  1.77441614E-03  1.65714225E-10   1.00000000E+00      216 |   0.00E+00  0.00E+00  3.18E+05  9.00E+00  3.32E+03  2.30E+01
     475  2.49503270E-02  4.40584643E-05   5.29883755E-06  6.00539888E-06 -3.59701259E-14 -1.34770363E-12  2.21855445E-04  6.28591156E-20  1.77441850E-03  1.70731739E-10   1.00000000E+00      216 |   0.00E+00  0.00E+00  3.27E+05  9.00E+00  3.24E+03  2.25E+01
     480  2.51703925E-02  4.39453526E-05   5.29507088E-06  6.00889354E-06 -3.32876066E-14 -1.34065234E-12  2.21811024E-04 -1.88577347E-19  1.77442099E-03  1.75867212E-10   1.00000000E+00      216 |   0.00E+00  0.00E+00  3.28E+05  9.00E+00  3.24E+03  2.25E+01
     485  2.53898958E-02  4.38339391E-05   5.29133832E-06  6.01233937E-06 -3.36197629E-14 -1.32034010E-12  2.21767242E-04 -3.14295578E-19  1.77442361E-03  1.81520413E-10   1.00000000E+00      216 |   0.00E+00  0.00E+00  3.27E+05  9.00E+00  3.26E+03  2.26E+01
     490  2.56088451E-02  4.37240506E-05   5.28763937E-06  6.01573327E-06 -3.03345449E-14 -1.28455664E-12  2.21724077E-04 -3.14295578E-20  1.77442635E-03  1.86311124E-10   1.00000000E+00      216 |   0.00E+00  0.00E+00  3.14E+05  9.00E+00  3.39E+03  2.36E+01
     495  2.58272485E-02  4.36160715E-05   5.28397351E-06  6.01907246E-06 -2.65518950E-14 -1.24931872E-12  2.21681508E-04  0.00000000E+00  1.77442922E-03  1.92004731E-10   1.00000000E+00      216 |   0.00E+00  0.00E+00  3.25E+05  9.00E+00  3.29E+03  2.28E+01
     500  2.60451164E-02  4.35102288E-05   5.28034020E-06  6.02235471E-06 -2.26259612E-14 -1.22321545E-12  2.21639513E-04 -1.88577347E-19  1.77443220E-03  1.96793080E-10   1.00000000E+00      216 |   0.00E+00  0.00E+00  3.25E+05  9.00E+00  3.30E+03  2.29E+01
     505  2.62624589E-02  4.34062196E-05   5.27673892E-06  6.02557798E-06 -2.01315762E-14 -1.18736015E-12  2.21598070E-04 -2.51436463E-19  1.77443530E-03  2.02040895E-10   1.00000000E+00      216 |   0.00E+00  0.00E+00  3.27E+05  9.00E+00  3.28E+03  2.28E+01
     510  2.64792844E-02  4.33038108E-05   5.27316917E-06  6.02874047E-06 -1.68422646E-14 -1.13542319E-12  2.21557159E-04 -9.42886734E-20  1.77443850E-03  2.08248190E-10   1.00000000E+00      216 |   0.00E+00  0.00E+00  3.27E+05  9.00E+00  3.30E+03  2.29E+01
     515  2.66956008E-02  4.32026183E-05   5.26963048E-06  6.03184058E-06 -1.44825675E-14 -1.07227819E-12  2.21516762E-04  0.00000000E+00  1.77444181E-03  2.13206443E-10   1.00000000E+00      216 |   0.00E+00  0.00E+00  3.27E+05  9.00E+00  3.30E+03  2.29E+01
     520  2.69114135E-02  4.31027590E-05   5.26612241E-06  6.03487692E-06 -1.65225120E-14 -1.02399760E-12  2.21476868E-04 -3.14295578E-19  1.77444522E-03  2.19132882E-10   1.00000000E+00      216 |   0.00E+00  0.00E+00  3.27E+05  9.00E+00  3.31E+03  2.30E+01
     525  2.71267304E-02  4.30046853E-05   5.26264449E-06  6.03784847E-06 -1.59486504E-14 -9.45781419E-13  2.21437457E-04 -5.34302483E-19  1.77444873E-03  2.24724262E-10   1.00000000E+00      216 |   0.00E+00  0.00E+00  3.14E+05  9.00E+00  3.45E+03  2.39E+01
     530  2.73415603E-02  4.29082439E-05   5.25919624E-06  6.04075463E-06 -1.72976993E-14 -8.53962422E-13  2.21398514E-04 -1.88577347E-19  1.77445234E-03  2.30007416E-10   1.00000000E+00      216 |   0.00E+00  0.00E+00  3.26E+05  9.00E+00  3.34E+03  2.31E+01
     535  2.75559112E-02  4.28133521E-05   5.25577720E-06  6.04359496E-06 -1.48952425E-14 -7.59758581E-13  2.21360017E-04  2.51436463E-19  1.77445603E-03  2.35337314E-10   1.00000000E+00      216 |   0.00E+00  0.00E+00  3.28E+05  9.00E+00  3.33E+03  2.31E+01
     540  2.77697900E-02  4.27196514E-05   5.25238694E-06  6.04636921E-06 -1.75137218E-14 -6.58905180E-13  2.21321950E-04 -1.25718231E-19  1.77445981E-03  2.40120851E-10   1.00000000E+00      216 |   0.00E+00  0.00E+00  3.27E+05  9.00E+00  3.34E+03  2.32E+01
     545  2.79832032E-02  4.26273600E-05   5.24902503E-06  6.04907736E-06 -1.56248712E-14 -5.68669787E-13  2.21284300E-04 -6.28591156E-20  1.77446367E-03  2.45644253E-10   1.00000000E+00      216 |   0.00E+00  0.00E+00  3.27E+05  9.00E+00  3.35E+03  2.32E+01
     550  2.81961574E-02  4.25363439E-05   5.24569103E-06  6.05171956E-06 -1.36934726E-14 -4.80361723E-13  2.21247058E-04 -9.42886734E-20  1.77446762E-03  2.51529661E-10   1.00000000E+00      216 |   0.00E+00  0.00E+00  3.28E+05  9.00E+00  3.35E+03  2.32E+01
     555  2.84086592E-02  4.24465960E-05   5.24238455E-06  6.05429615E-06 -1.35051573E-14 -3.73201823E-13  2.21210209E-04 -2.82866020E-19  1.77447164E-03  2.57171380E-10   1.00000000E+00      216 |   0.00E+00  0.00E+00  3.27E+05  9.00E+00  3.36E+03  2.33E+01
     560  2.86207146E-02  4.23580374E-05   5.23910518E-06  6.05680746E-06 -1.82855160E-14 -2.64109245E-13  2.21173741E-04 -4.08584252E-19  1.77447574E-03  2.63112739E-10   1.00000000E+00      216 |   0.00E+00  0.00E+00  3.14E+05  9.00E+00  3.51E+03  2.44E+01
     565  2.88323294E-02  4.22705871E-05   5.23585252E-06  6.05925374E-06 -1.38515036E-14 -1.65516994E-13  2.21137641E-04 -4.08584252E-19  1.77447991E-03  2.68342433E-10   1.00000000E+00      216 |   0.00E+00  0.00E+00  3.27E+05  9.00E+00  3.38E+03  2.34E+01
     570  2.90435092E-02  4.21842560E-05   5.23262619E-06  6.06163554E-06 -1.51570257E-14 -6.90399556E-14  2.21101899E-04 -4.71443367E-19  1.77448415E-03  2.74137774E-10   1.00000000E+00      216 |   0.00E+00  0.00E+00  3.28E+05  9.00E+00  3.37E+03  2.34E+01
     575  2.92542596E-02  4.20990125E-05   5.22942581E-06  6.06395360E-06 -2.55334146E-14  3.82978440E-14  2.21066507E-04 -1.57147789E-19  1.77448846E-03  2.79031314E-10   1.00000000E+00      216 |   0.00E+00  0.00E+00  3.27E+05  9.00E+00  3.39E+03  2.35E+01
     580  2.94645860E-02  4.20148778E-05   5.22625101E-06  6.06620882E-06 -2.65541766E-14  1.74798867E-13  2.21031454E-04 -3.14295578E-19  1.77449283E-03  2.85370643E-10   1.00000000E+00      216 |   0.00E+00  0.00E+00  3.26E+05  9.00E+00  3.41E+03  2.36E+01
     585  2.96744938E-02  4.19318383E-05   5.22310143E-06  6.06840198E-06 -2.71692962E-14  3.05578762E-13  2.20996731E-04 -3.77154694E-19  1.77449727E-03  2.90433996E-10   1.00000000E+00      216 |   0.00E+00  0.00E+00  3.24E+05  9.00E+00  3.44E+03  2.38E+01
     590  2.98839886E-02  4.18498524E-05   5.21997669E-06  6.07053391E-06 -2.64095428E-14  4.32111515E-13  2.20962326E-04 -4.71443367E-19  1.77450178E-03  2.95659059E-10   1.00000000E+00      216 |   0.00E+00  0.00E+00  3.27E+05  9.00E+00  3.41E+03  2.37E+01
     595  3.00835935E-02  4.17725567E-05   5.21701665E-06  6.07251299E-06 -2.30927423E-14  5.58378138E-13  2.20929776E-04 -5.97161598E-19  1.77450613E-03  3.00816395E-10   1.00000000E+00      216 |   0.00E+00  0.00E+00  3.15E+05  9.00E+00  3.54E+03  2.46E+01
     600  3.02922960E-02  4.16926372E-05   5.21393947E-06  6.07452857E-06 -2.57835577E-14  6.92519392E-13  2.20895976E-04 -3.77154694E-19  1.77451076E-03  3.05682554E-10   1.00000000E+00      216 |   0.00E+00  0.00E+00  3.24E+05  9.00E+00  3.45E+03  2.39E+01
     605  3.05006009E-02  4.16136960E-05   5.21088611E-06  6.07648626E-06 -2.60602394E-14  8.25804311E-13  2.20862471E-04 -4.71443367E-19  1.77451544E-03  3.10889704E-10   1.00000000E+00      216 |   0.00E+00  0.00E+00  3.27E+05  9.00E+00  3.42E+03  2.38E+01
     610  3.07085131E-02  4.15357671E-05   5.20785624E-06  6.07838709E-06 -2.57980043E-14  9.62960168E-13  2.20829254E-04 -2.82866020E-19  1.77452018E-03  3.16533645E-10   1.00000000E+00      216 |   0.00E+00  0.00E+00  3.28E+05  9.00E+00  3.43E+03  2.38E+01
     615  3.09160377E-02  4.14588145E-05   5.20484953E-06  6.08023225E-06 -2.85692084E-14  1.10262381E-12  2.20796313E-04 -1.25718231E-19  1.77452498E-03  3.22846156E-10   1.00000000E+00      216 |   0.00E+00  0.00E+00  3.27E+05  9.00E+00  3.44E+03  2.39E+01
     620  3.11231794E-02  4.13827893E-05   5.20186565E-06  6.08202309E-06 -3.43355548E-14  1.23690315E-12  2.20763645E-04 -2.82866020E-19  1.77452983E-03  3.27779133E-10   1.00000000E+00      216 |   0.00E+00  0.00E+00  3.25E+05  9.00E+00  3.47E+03  2.41E+01
     625  3.13299427E-02  4.13076721E-05   5.19890429E-06  6.08376095E-06 -3.71749536E-14  1.38329333E-12  2.20731237E-04 -4.71443367E-19  1.77453474E-03  3.32694160E-10   1.00000000E+00      216 |   0.00E+00  0.00E+00  3.28E+05  9.00E+00  3.44E+03  2.39E+01
     630  3.15363321E-02  4.12333706E-05   5.19596515E-06  6.08544703E-06 -4.02535757E-14  1.52177743E-12  2.20699084E-04 -9.42886734E-20  1.77453970E-03  3.38319020E-10   1.00000000E+00      216 |   0.00E+00  0.00E+00  3.16E+05  9.00E+00  3.58E+03  2.48E+01
     635  3.17423518E-02  4.11599372E-05   5.19304792E-06  6.08708242E-06 -4.13157331E-14  1.65093284E-12  2.20667178E-04  2.51436463E-19  1.77454471E-03  3.43212813E-10   1.00000000E+00      216 |   0.00E+00  0.00E+00  3.26E+05  9.00E+00  3.48E+03  2.41E+01
     640  3.19480059E-02  4.10873572E-05   5.19015231E-06  6.08866830E-06 -4.86415304E-14  1.78929085E-12  2.20635514E-04 -3.14295578E-20  1.77454978E-03  3.48226880E-10   1.00000000E+00      216 |   0.00E+00  0.00E+00  3.28E+05  9.00E+00  3.47E+03  2.40E+01
     645  3.21532989E-02  4.10156011E-05   5.18727803E-06  6.09020604E-06 -5.22336840E-14  1.91655691E-12  2.20604085E-04 -2.82866020E-19  1.77455490E-03  3.52421688E-10   1.00000000E+00      216 |   0.00E+00  0.00E+00  3.26E+05  9.00E+00  3.49E+03  2.42E+01
     650  3.23582347E-02  4.09446607E-05   5.18442480E-06  6.09169711E-06 -5.30757899E-14  2.06095677E-12  2.20572885E-04 -3.77154694E-19  1.77456008E-03  3.59017829E-10   1.00000000E+00      216 |   0.00E+00  0.00E+00  3.27E+05  9.00E+00  3.48E+03  2.42E+01
     655  3.25628174E-02  4.08745024E-05   5.18159232E-06  6.09314290E-06 -5.67732623E-14  2.21144445E-12  2.20541909E-04 -9.42886734E-20  1.77456530E-03  3.64635532E-10   1.00000000E+00      216 |   0.00E+00  0.00E+00  3.27E+05  9.00E+00  3.49E+03  2.42E+01
     660  3.27670508E-02  4.08051104E-05   5.17878034E-06  6.09454472E-06 -5.89847058E-14  2.36434072E-12  2.20511151E-04 -1.88577347E-19  1.77457058E-03  3.70483436E-10   1.00000000E+00      216 |   0.00E+00  0.00E+00  3.28E+05  9.00E+00  3.49E+03  2.42E+01
     665  3.29709389E-02  4.07365155E-05   5.17598858E-06  6.09590392E-06 -5.92998765E-14  2.50274537E-12  2.20480610E-04  9.42886734E-20  1.77457592E-03  3.75803650E-10   1.00000000E+00      216 |   0.00E+00  0.00E+00  2.91E+05  9.00E+00  3.94E+03  2.73E+01
     670  3.31744855E-02  4.06687091E-05   5.17321677E-06  6.09722187E-06 -6.01510904E-14  2.66462173E-12  2.20450281E-04  1.57147789E-19  1.77458130E-03  3.80954684E-10   1.00000000E+00      216 |   0.00E+00  0.00E+00  3.26E+05  9.00E+00  3.52E+03  2.44E+01
     675  3.33776947E-02  4.06016778E-05   5.17046466E-06  6.09850000E-06 -6.14613173E-14  2.80493802E-12  2.20420162E-04 -9.42886734E-20  1.77458674E-03  3.85347754E-10   1.00000000E+00      216 |   0.00E+00  0.00E+00  3.27E+05  9.00E+00  3.51E+03  2.44E+01
     680  3.35805702E-02  4.05353922E-05   5.16773198E-06  6.09973969E-06 -6.08911767E-14  2.95064671E-12  2.20390250E-04 -4.40013809E-19  1.77459224E-03  3.89949829E-10   1.00000000E+00      216 |   0.00E+00  0.00E+00  3.27E+05  9.00E+00  3.52E+03  2.44E+01
     685  3.37831159E-02  4.04699044E-05   5.16501848E-06  6.10094228E-06 -5.96840277E-14  3.11864801E-12  2.20360539E-04 -1.25718231E-19  1.77459780E-03  3.94725354E-10   1.00000000E+00      216 |   0.00E+00  0.00E+00  3.27E+05  9.00E+00  3.53E+03  2.45E+01
     690  3.39853356E-02  4.04051510E-05   5.16232392E-06  6.10210903E-06 -6.19999844E-14  3.27407092E-12  2.20331030E-04  1.57147789E-19  1.77460341E-03  3.99834558E-10   1.00000000E+00      216 |   0.00E+00  0.00E+00  3.25E+05  9.00E+00  3.55E+03  2.46E+01
     695  3.41872331E-02  4.03411670E-05   5.15964806E-06  6.10324123E-06 -5.83945906E-14  3.45942285E-12  2.20301718E-04 -2.82866020E-19  1.77460908E-03  4.04562575E-10   1.00000000E+00      216 |   0.00E+00  0.00E+00  3.27E+05  9.00E+00  3.53E+03  2.45E+01
     700  3.43888122E-02  4.02779786E-05   5.15699064E-06  6.10434012E-06 -6.04858226E-14  3.61518044E-12  2.20272601E-04 -8.17168503E-19  1.77461481E-03  4.09883619E-10   1.00000000E+00      216 |   0.00E+00  0.00E+00  3.16E+05  9.00E+00  3.67E+03  2.54E+01
     705  3.45900769E-02  4.02154904E-05   5.15435145E-06  6.10540688E-06 -5.87405033E-14  3.75746896E-12  2.20243676E-04 -4.71443367E-19  1.77462060E-03  4.14872120E-10   1.00000000E+00      216 |   0.00E+00  0.00E+00  3.27E+05  9.00E+00  3.55E+03  2.46E+01
     710  3.47910305E-02  4.01536829E-05   5.15173025E-06  6.10644270E-06 -5.72567777E-14  3.88993711E-12  2.20214940E-04 -2.51436463E-19  1.77462645E-03  4.20191443E-10   1.00000000E+00      216 |   0.00E+00  0.00E+00  3.27E+05  9.00E+00  3.55E+03  2.46E+01
     715  3.49916763E-02  4.00925338E-05   5.14912682E-06  6.10744868E-06 -5.66326302E-14  4.03646648E-12  2.20186394E-04 -1.25718231E-19  1.77463236E-03  4.25153673E-10   1.00000000E+00      216 |   0.00E+00  0.00E+00  3.28E+05  9.00E+00  3.55E+03  2.46E+01
     720  3.51920177E-02  4.00320049E-05   5.14654095E-06  6.10842595E-06 -6.00686784E-14  4.18822120E-12  2.20158031E-04 -9.42886734E-19  1.77463834E-03  4.30554076E-10   1.00000000E+00      216 |   0.00E+00  0.00E+00  3.28E+05  9.00E+00  3.56E+03  2.47E+01
     725  3.53920576E-02  3.99720562E-05   5.14397242E-06  6.10937545E-06 -6.08636510E-14  4.32804638E-12  2.20129852E-04 -3.14295578E-20  1.77464438E-03  4.35981130E-10   1.00000000E+00      216 |   0.00E+00  0.00E+00  3.28E+05  9.00E+00  3.56E+03  2.47E+01
     730  3.55917989E-02  3.99126904E-05   5.14142103E-06  6.11029820E-06 -6.03365910E-14  4.47332870E-12  2.20101853E-04 -3.14295578E-19  1.77465049E-03  4.41175709E-10   1.00000000E+00      216 |   0.00E+00  0.00E+00  3.28E+05  9.00E+00  3.57E+03  2.47E+01
     735  3.57912446E-02  3.98539098E-05   5.13888658E-06  6.11119504E-06 -6.09905990E-14  4.62268296E-12  2.20074032E-04 -5.02872925E-19  1.77465666E-03  4.44741398E-10   1.00000000E+00      216 |   0.00E+00  0.00E+00  3.13E+05  9.00E+00  3.74E+03  2.59E+01
     740  3.59903975E-02  3.97957326E-05   5.13636888E-06  6.11206684E-06 -6.53349570E-14  4.75695696E-12  2.20046388E-04 -2.20006905E-19  1.77466289E-03  4.49672876E-10   1.00000000E+00      216 |   0.00E+00  0.00E+00  3.27E+05  9.00E+00  3.59E+03  2.49E+01
     745  3.61892608E-02  3.97381632E-05   5.13386773E-06  6.11291448E-06 -6.56068261E-14  4.89579860E-12  2.20018917E-04 -7.22879830E-19  1.77466919E-03  4.54032925E-10   1.00000000E+00      216 |   0.00E+00  0.00E+00  3.27E+05  9.00E+00  3.60E+03  2.49E+01
     750  3.63878374E-02  3.96811804E-05   5.13138292E-06  6.11373861E-06 -6.74866810E-14  5.03524634E-12  2.19991617E-04 -4.40013809E-19  1.77467556E-03  4.59060641E-10   1.00000000E+00      216 |   0.00E+00  0.00E+00  3.27E+05  9.00E+00  3.60E+03  2.50E+01
     755  3.65861303E-02  3.96247802E-05   5.12891429E-06  6.11454002E-06 -6.71774644E-14  5.15829989E-12  2.19964487E-04 -3.14295578E-19  1.77468200E-03  4.63785818E-10   1.00000000E+00      216 |   0.00E+00  0.00E+00  3.28E+05  9.00E+00  3.59E+03  2.49E+01
     760  3.67841423E-02  3.95689681E-05   5.12646164E-06  6.11531949E-06 -6.78560342E-14  5.28822834E-12  2.19937523E-04 -9.42886734E-20  1.77468851E-03  4.68237634E-10   1.00000000E+00      216 |   0.00E+00  0.00E+00  3.28E+05  9.00E+00  3.60E+03  2.49E+01
     765  3.69818764E-02  3.95137262E-05   5.12402479E-06  6.11607770E-06 -6.94383624E-14  5.42073459E-12  2.19910723E-04 -5.65732041E-19  1.77469508E-03  4.72863131E-10   1.00000000E+00      216 |   0.00E+00  0.00E+00  3.28E+05  9.00E+00  3.60E+03  2.50E+01
     770  3.71793355E-02  3.94590426E-05   5.12160356E-06  6.11681524E-06 -6.98784857E-14  5.56334205E-12  2.19884082E-04 -3.45725136E-19  1.77470172E-03  4.78044816E-10   1.00000000E+00      216 |   0.00E+00  0.00E+00  3.11E+05  9.00E+00  3.80E+03  2.63E+01
     775  3.73765222E-02  3.94048945E-05   5.11919778E-06  6.11753271E-06 -7.07777521E-14  5.71170177E-12  2.19857599E-04 -1.25718231E-19  1.77470843E-03  4.81809527E-10   1.00000000E+00      216 |   0.00E+00  0.00E+00  3.27E+05  9.00E+00  3.62E+03  2.51E+01
     780  3.75734392E-02  3.93512658E-05   5.11680728E-06  6.11823069E-06 -7.22044983E-14  5.83463327E-12  2.19831272E-04 -4.08584252E-19  1.77471520E-03  4.85477644E-10   1.00000000E+00      216 |   0.00E+00  0.00E+00  3.27E+05  9.00E+00  3.62E+03  2.51E+01
     785  3.77700891E-02  3.92981610E-05   5.11443189E-06  6.11890969E-06 -7.21900600E-14  5.94767344E-12  2.19805097E-04  2.20006905E-19  1.77472205E-03  4.90278214E-10   1.00000000E+00      216 |   0.00E+00  0.00E+00  3.28E+05  9.00E+00  3.62E+03  2.51E+01
     790  3.79664745E-02  3.92455637E-05   5.11207144E-06  6.11957018E-06 -7.00415242E-14  6.05982884E-12  2.19779073E-04 -4.40013809E-19  1.77472896E-03  4.95487551E-10   1.00000000E+00      216 |   0.00E+00  0.00E+00  3.27E+05  9.00E+00  3.63E+03  2.52E+01
     795  3.81625980E-02  3.91934837E-05   5.10972579E-06  6.12021257E-06 -7.17879824E-14  6.14702342E-12  2.19753198E-04 -6.28591156E-19  1.77473595E-03  4.99378549E-10   1.00000000E+00      216 |   0.00E+00  0.00E+00  3.22E+05  9.00E+00  3.70E+03  2.57E+01
     800  3.83584620E-02  3.91418781E-05   5.10739477E-06  6.12083727E-06 -7.17106850E-14  6.24209619E-12  2.19727468E-04 -2.82866020E-19  1.77474300E-03  5.03035395E-10   1.00000000E+00      216 |   0.00E+00  0.00E+00  3.28E+05  9.00E+00  3.64E+03  2.52E+01
     805  3.85540689E-02  3.90907125E-05   5.10507822E-06  6.12144470E-06 -7.39612410E-14  6.34035849E-12  2.19701880E-04 -6.28591156E-20  1.77475012E-03  5.07148737E-10   1.00000000E+00      216 |   0.00E+00  0.00E+00  3.14E+05  9.00E+00  3.80E+03  2.64E+01
     810  3.87494209E-02  3.90400079E-05   5.10277600E-06  6.12203521E-06 -7.34260082E-14  6.46374434E-12  2.19676432E-04 -6.28591156E-20  1.77475731E-03  5.11386191E-10   1.00000000E+00      216 |   0.00E+00  0.00E+00  3.26E+05  9.00E+00  3.66E+03  2.54E+01
     815  3.89445202E-02  3.89897632E-05   5.10048796E-06  6.12260916E-06 -7.60406288E-14  6.58781653E-12  2.19651121E-04  3.14295578E-19  1.77476457E-03  5.15337003E-10   1.00000000E+00      216 |   0.00E+00  0.00E+00  3.28E+05  9.00E+00  3.65E+03  2.53E+01
     820  3.91393693E-02  3.89399842E-05   5.09821395E-06  6.12316690E-06 -7.59263337E-14  6.73279624E-12  2.19625945E-04 -9.42886734E-20  1.77477190E-03  5.19182724E-10   1.00000000E+00      216 |   0.00E+00  0.00E+00  3.28E+05  9.00E+00  3.66E+03  2.54E+01
     825  3.93339704E-02  3.88906516E-05   5.09595384E-06  6.12370875E-06 -7.78026714E-14  6.87631284E-12  2.19600900E-04 -1.88577347E-19  1.77477929E-03  5.23540437E-10   1.00000000E+00      216 |   0.00E+00  0.00E+00  3.27E+05  9.00E+00  3.67E+03  2.55E+01
     830  3.95283256E-02  3.88417196E-05   5.09370747E-06  6.12423499E-06 -7.63614436E-14  7.01575253E-12  2.19575987E-04 -3.45725136E-19  1.77478675E-03  5.27701302E-10   1.00000000E+00      216 |   0.00E+00  0.00E+00  3.27E+05  9.00E+00  3.68E+03  2.55E+01
     835  3.97224371E-02  3.87932374E-05   5.09147471E-06  6.12474585E-06 -7.75143985E-14  7.15822116E-12  2.19551203E-04  1.25718231E-19  1.77479428E-03  5.31330831E-10   1.00000000E+00      216 |   0.00E+00  0.00E+00  3.28E+05  9.00E+00  3.67E+03  2.54E+01
     840  3.99163070E-02  3.87452233E-05   5.08925543E-06  6.12524162E-06 -7.58122215E-14  7.29920437E-12  2.19526543E-04 -1.57147789E-19  1.77480188E-03  5.35539626E-10   1.00000000E+00      216 |   0.00E+00  0.00E+00  3.15E+05  9.00E+00  3.82E+03  2.65E+01
     845  4.00774397E-02  3.87056204E-05   5.08741898E-06  6.12564283E-06 -7.65205810E-14  7.42545981E-12  2.19506118E-04 -9.11457177E-19  1.77480825E-03  5.38763343E-10   1.00000000E+00      216 |   0.00E+00  0.00E+00  1.97E+04  9.00E+00  6.12E+04  4.24E+02
     850  4.02708733E-02  3.86584192E-05   5.08522404E-06  6.12611167E-06 -7.40762347E-14  7.55815316E-12  2.19481681E-04 -4.40013809E-19  1.77481597E-03  5.43644132E-10   1.00000000E+00      216 |   0.00E+00  0.00E+00  3.27E+05  9.00E+00  3.70E+03  2.56E+01
     855  4.04640716E-02  3.86116290E-05   5.08304219E-06  6.12656626E-06 -7.09580929E-14  7.68485152E-12  2.19457363E-04 -5.02872925E-19  1.77482376E-03  5.46730509E-10   1.00000000E+00      216 |   0.00E+00  0.00E+00  3.28E+05  9.00E+00  3.69E+03  2.56E+01
     860  4.06570368E-02  3.85652429E-05   5.08087331E-06  6.12700691E-06 -7.32748078E-14  7.81239624E-12  2.19433162E-04 -6.60020714E-19  1.77483161E-03  5.49572844E-10   1.00000000E+00      216 |   0.00E+00  0.00E+00  3.27E+05  9.00E+00  3.70E+03  2.56E+01
     865  4.08497709E-02  3.85192144E-05   5.07871727E-06  6.12743389E-06 -7.18456210E-14  7.93350207E-12  2.19409074E-04 -3.45725136E-19  1.77483952E-03  5.53127191E-10   1.00000000E+00      216 |   0.00E+00  0.00E+00  3.27E+05  9.00E+00  3.71E+03  2.57E+01
     870  4.10422754E-02  3.84735428E-05   5.07657395E-06  6.12784748E-06 -6.65519906E-14  8.05260640E-12  2.19385100E-04  2.20006905E-19  1.77484750E-03  5.57685949E-10   1.00000000E+00      216 |   0.00E+00  0.00E+00  3.15E+05  9.00E+00  3.85E+03  2.67E+01
     875  4.12345524E-02  3.84282215E-05   5.07444324E-06  6.12824791E-06 -6.09177559E-14  8.20130153E-12  2.19361235E-04 -5.02872925E-19  1.77485554E-03  5.61200645E-10   1.00000000E+00      216 |   0.00E+00  0.00E+00  3.27E+05  9.00E+00  3.72E+03  2.58E+01
     880  4.14266034E-02  3.83832477E-05   5.07232501E-06  6.12863528E-06 -5.54370833E-14  8.34294209E-12  2.19337478E-04 -3.14295578E-19  1.77486365E-03  5.64921264E-10   1.00000000E+00      216 |   0.00E+00  0.00E+00  3.27E+05  9.00E+00  3.72E+03  2.58E+01
     885  4.16184302E-02  3.83386214E-05   5.07021916E-06  6.12900977E-06 -5.00290114E-14  8.49977359E-12  2.19313827E-04 -3.14295578E-20  1.77487181E-03  5.68815592E-10   1.00000000E+00      216 |   0.00E+00  0.00E+00  3.27E+05  9.00E+00  3.72E+03  2.58E+01
     890  4.18100346E-02  3.82943193E-05   5.06812556E-06  6.12937160E-06 -4.49146935E-14  8.64156261E-12  2.19290280E-04 -7.22879830E-19  1.77488004E-03  5.72414466E-10   1.00000000E+00      216 |   0.00E+00  0.00E+00  3.28E+05  9.00E+00  3.72E+03  2.58E+01
     895  4.20014181E-02  3.82503482E-05   5.06604410E-06  6.12972101E-06 -4.02896665E-14  8.79821784E-12  2.19266836E-04 -3.14295578E-19  1.77488833E-03  5.75767639E-10   1.00000000E+00      216 |   0.00E+00  0.00E+00  3.25E+05  9.00E+00  3.75E+03  2.60E+01
     900  4.21925825E-02  3.82067231E-05   5.06397468E-06  6.13005823E-06 -3.62183046E-14  8.97199941E-12  2.19243494E-04  1.88577347E-19  1.77489668E-03  5.79379033E-10   1.00000000E+00      216 |   0.00E+00  0.00E+00  3.27E+05  9.00E+00  3.74E+03  2.59E+01
     905  4.23835294E-02  3.81634292E-05   5.06191718E-06  6.13038356E-06 -3.28130268E-14  9.15030604E-12  2.19220250E-04 -5.34302483E-19  1.77490509E-03  5.83078010E-10   1.00000000E+00      216 |   0.00E+00  0.00E+00  3.14E+05  9.00E+00  3.90E+03  2.70E+01
     910  4.25742605E-02  3.81204605E-05   5.05987150E-06  6.13069728E-06 -3.01014370E-14  9.33168327E-12  2.19197103E-04 -1.57147789E-19  1.77491356E-03  5.85887367E-10   1.00000000E+00      216 |   0.00E+00  0.00E+00  3.27E+05  9.00E+00  3.75E+03  2.60E+01
     915  4.27647774E-02  3.80778255E-05   5.05783753E-06  6.13099965E-06 -2.80424027E-14  9.51449382E-12  2.19174052E-04 -5.02872925E-19  1.77492209E-03  5.90454584E-10   1.00000000E+00      216 |   0.00E+00  0.00E+00  3.27E+05  9.00E+00  3.74E+03  2.59E+01
     920  4.29550818E-02  3.80355179E-05   5.05581516E-06  6.13129092E-06 -2.65934398E-14  9.68430574E-12  2.19151095E-04 -5.34302483E-19  1.77493067E-03  5.94256104E-10   1.00000000E+00      216 |   0.00E+00  0.00E+00  3.27E+05  9.00E+00  3.75E+03  2.60E+01
     925  4.31451752E-02  3.79935340E-05   5.05380429E-06  6.13157132E-06 -2.59143313E-14  9.86001880E-12  2.19128230E-04 -6.28591156E-20  1.77493931E-03  5.97307051E-10   1.00000000E+00      216 |   0.00E+00  0.00E+00  3.23E+05  9.00E+00  3.80E+03  2.64E+01
     930  4.33350594E-02  3.79518622E-05   5.05180482E-06  6.13184105E-06 -2.75835900E-14  1.00273785E-11  2.19105456E-04 -4.71443367E-19  1.77494800E-03  6.01044768E-10   1.00000000E+00      216 |   0.00E+00  0.00E+00  3.28E+05  9.00E+00  3.75E+03  2.60E+01
     935  4.35247359E-02  3.79105026E-05   5.04981664E-06  6.13210037E-06 -2.57631564E-14  1.02014879E-11  2.19082772E-04 -3.14295578E-19  1.77495675E-03  6.05811531E-10   1.00000000E+00      216 |   0.00E+00  0.00E+00  3.27E+05  9.00E+00  3.76E+03  2.61E+01
     940  4.37142062E-02  3.78694595E-05   5.04783967E-06  6.13234952E-06 -2.66786079E-14  1.04050780E-11  2.19060175E-04 -3.14295578E-19  1.77496555E-03  6.09246492E-10   1.00000000E+00      216 |   0.00E+00  0.00E+00  3.09E+05  9.00E+00  3.99E+03  2.77E+01
     945  4.39034719E-02  3.78287395E-05   5.04587380E-06  6.13258878E-06 -2.86937420E-14  1.06314622E-11  2.19037666E-04  0.00000000E+00  1.77497441E-03  6.12801918E-10   1.00000000E+00      216 |   0.00E+00  0.00E+00  3.27E+05  9.00E+00  3.77E+03  2.62E+01
     950  4.40925347E-02  3.77883290E-05   5.04391893E-06  6.13281841E-06 -2.86114274E-14  1.08586315E-11  2.19015241E-04 -6.60020714E-19  1.77498332E-03  6.16849532E-10   1.00000000E+00      216 |   0.00E+00  0.00E+00  3.26E+05  9.00E+00  3.79E+03  2.63E+01
     955  4.42813960E-02  3.77482147E-05   5.04197497E-06  6.13303864E-06 -2.95091333E-14  1.10803803E-11  2.18992901E-04 -2.20006905E-19  1.77499228E-03  6.20170191E-10   1.00000000E+00      216 |   0.00E+00  0.00E+00  3.27E+05  9.00E+00  3.78E+03  2.62E+01
     960  4.44700573E-02  3.77084043E-05   5.04004183E-06  6.13324977E-06 -3.04174346E-14  1.13120804E-11  2.18970644E-04 -2.51436463E-19  1.77500128E-03  6.24049575E-10   1.00000000E+00      216 |   0.00E+00  0.00E+00  3.24E+05  9.00E+00  3.82E+03  2.65E+01
     965  4.46585202E-02  3.76688936E-05   5.03811941E-06  6.13345207E-06 -3.16827576E-14  1.15350400E-11  2.18948470E-04 -3.77154694E-19  1.77501034E-03  6.28169258E-10   1.00000000E+00      216 |   0.00E+00  0.00E+00  3.28E+05  9.00E+00  3.78E+03  2.62E+01
     970  4.48467861E-02  3.76296758E-05   5.03620762E-06  6.13364576E-06 -3.29159683E-14  1.17636065E-11  2.18926376E-04  6.28591156E-20  1.77501945E-03  6.32861538E-10   1.00000000E+00      216 |   0.00E+00  0.00E+00  3.27E+05  9.00E+00  3.80E+03  2.63E+01
     975  4.50348565E-02  3.75907419E-05   5.03430637E-06  6.13383115E-06 -3.44584083E-14  1.20093634E-11  2.18904361E-04 -5.65732041E-19  1.77502861E-03  6.36947865E-10   1.00000000E+00      216 |   0.00E+00  0.00E+00  3.05E+05  9.00E+00  4.07E+03  2.82E+01
     980  4.52227328E-02  3.75520827E-05   5.03241558E-06  6.13400847E-06 -3.75498412E-14  1.22516259E-11  2.18882426E-04 -1.25718231E-19  1.77503781E-03  6.40769201E-10   1.00000000E+00      216 |   0.00E+00  0.00E+00  3.27E+05  9.00E+00  3.79E+03  2.63E+01
     985  4.54104163E-02  3.75136856E-05   5.03053515E-06  6.13417803E-06 -3.91299194E-14  1.24904823E-11  2.18860568E-04 -4.08584252E-19  1.77504705E-03  6.44811991E-10   1.00000000E+00      216 |   0.00E+00  0.00E+00  3.27E+05  9.00E+00  3.80E+03  2.64E+01
     990  4.55979084E-02  3.74755543E-05   5.02866500E-06  6.13434012E-06 -4.35659417E-14  1.27169076E-11  2.18838787E-04 -1.57147789E-19  1.77505634E-03  6.48230306E-10   1.00000000E+00      216 |   0.00E+00  0.00E+00  3.25E+05  9.00E+00  3.83E+03  2.66E+01
     995  4.57852103E-02  3.74376868E-05   5.02680505E-06  6.13449511E-06 -5.02959094E-14  1.29502635E-11  2.18817082E-04 -2.51436463E-19  1.77506568E-03  6.51958426E-10   1.00000000E+00      216 |   0.00E+00  0.00E+00  3.27E+05  9.00E+00  3.81E+03  2.64E+01
    1000  4.59723234E-02  3.74000854E-05   5.02495521E-06  6.13464330E-06 -5.48930398E-14  1.31861404E-11  2.18795452E-04 -5.02872925E-19  1.77507506E-03  6.56614336E-10   1.00000000E+00      216 |   0.00E+00  0.00E+00  3.27E+05  9.00E+00  3.81E+03  2.64E+01
    1005  4.61592491E-02  3.73627403E-05   5.02311539E-06  6.13478498E-06 -6.00535370E-14  1.34316424E-11  2.18773897E-04 -3.77154694E-19  1.77508448E-03  6.60785275E-10   1.00000000E+00      216 |   0.00E+00  0.00E+00  3.26E+05  9.00E+00  3.83E+03  2.66E+01
    1010  4.63459885E-02  3.73256517E-05   5.02128553E-06  6.13492046E-06 -6.63669691E-14  1.36791650E-11  2.18752416E-04 -4.40013809E-19  1.77509394E-03  6.65230545E-10   1.00000000E+00      216 |   0.00E+00  0.00E+00  3.13E+05  9.00E+00  3.99E+03  2.77E+01
    1015  4.65325430E-02  3.72888193E-05   5.01946553E-06  6.13505006E-06 -7.23944786E-14  1.39373729E-11  2.18731008E-04 -5.02872925E-19  1.77510344E-03  6.70054984E-10   1.00000000E+00      216 |   0.00E+00  0.00E+00  3.27E+05  9.00E+00  3.83E+03  2.65E+01
    1020  4.67189138E-02  3.72522416E-05   5.01765532E-06  6.13517403E-06 -7.89645620E-14  1.41733951E-11  2.18709673E-04 -3.14295578E-20  1.77511298E-03  6.74164306E-10   1.00000000E+00      216 |   0.00E+00  0.00E+00  3.01E+05  9.00E+00  4.17E+03  2.89E+01
    1025  4.69051023E-02  3.72159138E-05   5.01585481E-06  6.13529259E-06 -8.50937574E-14  1.44134946E-11  2.18688410E-04 -1.88577347E-19  1.77512256E-03  6.77911625E-10   1.00000000E+00      216 |   0.00E+00  0.00E+00  3.27E+05  9.00E+00  3.84E+03  2.66E+01
    1030  4.70911096E-02  3.71798265E-05   5.01406394E-06  6.13540605E-06 -9.30343650E-14  1.46482496E-11  2.18667219E-04 -2.82866020E-19  1.77513217E-03  6.81274095E-10   1.00000000E+00      216 |   0.00E+00  0.00E+00  3.27E+05  9.00E+00  3.84E+03  2.66E+01
    1035  4.72769369E-02  3.71439958E-05   5.01228263E-06  6.13551471E-06 -9.69314066E-14  1.48775524E-11  2.18646098E-04 -2.51436463E-19  1.77514182E-03  6.85713588E-10   1.00000000E+00      216 |   0.00E+00  0.00E+00  3.23E+05  9.00E+00  3.89E+03  2.70E+01
    1040  4.74625858E-02  3.71084751E-05   5.01051079E-06  6.13561887E-06 -1.02304333E-13  1.50959490E-11  2.18625049E-04 -3.77154694E-19  1.77515151E-03  6.90611099E-10   1.00000000E+00      216 |   0.00E+00  0.00E+00  3.27E+05  9.00E+00  3.85E+03  2.67E+01
    1045  4.76480575E-02  3.70731819E-05   5.00874836E-06  6.13571882E-06 -1.07080628E-13  1.53146331E-11  2.18604069E-04 -3.77154694E-19  1.77516123E-03  6.94467405E-10   1.00000000E+00      216 |   0.00E+00  0.00E+00  3.13E+05  9.00E+00  4.03E+03  2.79E+01
    1050  4.78333532E-02  3.70381282E-05   5.00699525E-06  6.13581487E-06 -1.10821102E-13  1.55268328E-11  2.18583159E-04 -3.77154694E-19  1.77517098E-03  6.98115903E-10   1.00000000E+00      216 |   0.00E+00  0.00E+00  3.22E+05  9.00E+00  3.92E+03  2.71E+01
    1055  4.80184741E-02  3.70033099E-05   5.00525140E-06  6.13590735E-06 -1.12629130E-13  1.57345744E-11  2.18562318E-04 -2.20006905E-19  1.77518077E-03  7.02797280E-10   1.00000000E+00      216 |   0.00E+00  0.00E+00  3.28E+05  9.00E+00  3.85E+03  2.67E+01
    1060  4.82034213E-02  3.69687051E-05   5.00351674E-06  6.13599652E-06 -1.14340440E-13  1.59491330E-11  2.18541545E-04 -1.57147789E-19  1.77519059E-03  7.06181444E-10   1.00000000E+00      216 |   0.00E+00  0.00E+00  3.25E+05  9.00E+00  3.88E+03  2.69E+01
    1065  4.83881960E-02  3.69343215E-05   5.00179119E-06  6.13608265E-06 -1.13192973E-13  1.61603609E-11  2.18520841E-04 -9.42886734E-20  1.77520044E-03  7.10290246E-10   1.00000000E+00      216 |   0.00E+00  0.00E+00  3.27E+05  9.00E+00  3.86E+03  2.68E+01
    1070  4.85727992E-02  3.69001621E-05   5.00007468E-06  6.13616599E-06 -1.11969583E-13  1.63676236E-11  2.18500205E-04 -6.28591156E-20  1.77521032E-03  7.15544178E-10   1.00000000E+00      216 |   0.00E+00  0.00E+00  3.27E+05  9.00E+00  3.86E+03  2.68E+01
    1075  4.87572321E-02  3.68662259E-05   4.99836715E-06  6.13624682E-06 -1.09855873E-13  1.65745357E-11  2.18479635E-04 -1.88577347E-19  1.77522023E-03  7.19591202E-10   1.00000000E+00      216 |   0.00E+00  0.00E+00  3.27E+05  9.00E+00  3.87E+03  2.69E+01
    1080  4.89414959E-02  3.68326993E-05   4.99666852E-06  6.13632541E-06 -1.09458425E-13  1.67686784E-11  2.18459133E-04 -2.20006905E-19  1.77523016E-03  7.23146587E-10   1.00000000E+00      216 |   0.00E+00  0.00E+00  3.11E+05  9.00E+00  4.07E+03  2.82E+01
    1085  4.91255926E-02  3.67992774E-05   4.99497873E-06  6.13640199E-06 -1.06603532E-13  1.69428685E-11  2.18438697E-04 -1.25718231E-19  1.77524012E-03  7.26998229E-10   1.00000000E+00      216 |   0.00E+00  0.00E+00  3.26E+05  9.00E+00  3.89E+03  2.70E+01
    1090  4.93095225E-02  3.67660379E-05   4.99329771E-06  6.13647680E-06 -1.05371508E-13  1.71023146E-11  2.18418327E-04 -9.42886734E-20  1.77525011E-03  7.30930796E-10   1.00000000E+00      216 |   0.00E+00  0.00E+00  3.27E+05  9.00E+00  3.88E+03  2.69E+01
    1095  4.94932865E-02  3.67330011E-05   4.99162539E-06  6.13655001E-06 -1.02519707E-13  1.72588705E-11  2.18398023E-04 -6.60020714E-19  1.77526013E-03  7.35575737E-10   1.00000000E+00      216 |   0.00E+00  0.00E+00  3.27E+05  9.00E+00  3.89E+03  2.70E+01
    1100  4.96768857E-02  3.67001350E-05   4.98996172E-06  6.13662189E-06 -1.00091514E-13  1.74122229E-11  2.18377784E-04 -4.40013809E-19  1.77527017E-03  7.39302328E-10   1.00000000E+00      216 |   0.00E+00  0.00E+00  3.27E+05  9.00E+00  3.89E+03  2.70E+01
    1105  4.98603210E-02  3.66674531E-05   4.98830662E-06  6.13669268E-06 -9.92167762E-14  1.75800588E-11  2.18357609E-04 -5.97161598E-19  1.77528023E-03  7.43412481E-10   1.00000000E+00      216 |   0.00E+00  0.00E+00  3.28E+05  9.00E+00  3.88E+03  2.69E+01
    1110  5.00366427E-02  3.66361915E-05   4.98672237E-06  6.13675993E-06 -9.87061423E-14  1.77339868E-11  2.18338260E-04 -4.40013809E-19  1.77528993E-03  7.47618040E-10   1.00000000E+00      216 |   0.00E+00  0.00E+00  3.27E+05  9.00E+00  3.89E+03  2.70E+01
    1115  5.02197588E-02  3.66038567E-05   4.98508393E-06  6.13682913E-06 -9.68667061E-14  1.78892268E-11  2.18318211E-04 -6.28591156E-20  1.77530003E-03  7.51650306E-10   1.00000000E+00      216 |   0.00E+00  0.00E+00  3.15E+05  9.00E+00  4.05E+03  2.80E+01
    1120  5.04027138E-02  3.65717147E-05   4.98345389E-06  6.13689786E-06 -9.29958700E-14  1.80314527E-11  2.18298226E-04 -3.14295578E-19  1.77531016E-03  7.55405458E-10   1.00000000E+00      216 |   0.00E+00  0.00E+00  3.27E+05  9.00E+00  3.90E+03  2.70E+01
    1125  5.05855082E-02  3.65397238E-05   4.98183218E-06  6.13696636E-06 -9.22946869E-14  1.81722899E-11  2.18278304E-04 -2.51436463E-19  1.77532031E-03  7.59372968E-10   1.00000000E+00      216 |   0.00E+00  0.00E+00  3.27E+05  9.00E+00  3.90E+03  2.70E+01
    1130  5.07681432E-02  3.65079415E-05   4.98021876E-06  6.13703493E-06 -9.09523922E-14  1.83081492E-11  2.18258446E-04 -6.60020714E-19  1.77533047E-03  7.63858363E-10   1.00000000E+00      216 |   0.00E+00  0.00E+00  3.27E+05  9.00E+00  3.91E+03  2.71E+01
    1135  5.09506197E-02  3.64763648E-05   4.97861354E-06  6.13710381E-06 -8.75100337E-14  1.84266944E-11  2.18238650E-04 -3.77154694E-19  1.77534066E-03  7.68222557E-10   1.00000000E+00      216 |   0.00E+00  0.00E+00  3.22E+05  9.00E+00  3.97E+03  2.75E+01
    1140  5.11329385E-02  3.64449100E-05   4.97701649E-06  6.13717324E-06 -8.34397967E-14  1.85496123E-11  2.18218918E-04 -6.91450272E-19  1.77535086E-03  7.72078900E-10   1.00000000E+00      216 |   0.00E+00  0.00E+00  3.28E+05  9.00E+00  3.91E+03  2.71E+01
    1145  5.13151008E-02  3.64138267E-05   4.97542753E-06  6.13724342E-06 -7.94077304E-14  1.86615591E-11  2.18199249E-04 -2.82866020E-19  1.77536108E-03  7.76013635E-10   1.00000000E+00      216 |   0.00E+00  0.00E+00  3.28E+05  9.00E+00  3.91E+03  2.71E+01
    1150  5.14971078E-02  3.63828081E-05   4.97384661E-06  6.13731457E-06 -7.71325767E-14  1.87727797E-11  2.18179643E-04  3.14295578E-20  1.77537132E-03  7.80101895E-10   1.00000000E+00      216 |   0.00E+00  0.00E+00  3.17E+05  9.00E+00  4.05E+03  2.81E+01
    1155  5.16789601E-02  3.63519721E-05   4.97227367E-06  6.13738693E-06 -7.36775958E-14  1.88921078E-11  2.18160100E-04  1.88577347E-19  1.77538157E-03  7.83488838E-10   1.00000000E+00      216 |   0.00E+00  0.00E+00  3.27E+05  9.00E+00  3.93E+03  2.72E+01
    1160  5.18606587E-02  3.63213568E-05   4.97070866E-06  6.13746066E-06 -7.19616008E-14  1.90182470E-11  2.18140621E-04 -2.20006905E-19  1.77539184E-03  7.88035617E-10   1.00000000E+00      216 |   0.00E+00  0.00E+00  3.27E+05  9.00E+00  3.93E+03  2.72E+01
    1165  5.20422045E-02  3.62909053E-05   4.96915151E-06  6.13753599E-06 -7.13993010E-14  1.91332480E-11  2.18121204E-04 -2.20006905E-19  1.77540213E-03  7.91967282E-10   1.00000000E+00      216 |   0.00E+00  0.00E+00  3.27E+05  9.00E+00  3.93E+03  2.72E+01
    1170  5.22235985E-02  3.62606720E-05   4.96760218E-06  6.13761305E-06 -6.67893956E-14  1.92138417E-11  2.18101848E-04 -9.42886734E-20  1.77541243E-03  7.95777573E-10   1.00000000E+00      216 |   0.00E+00  0.00E+00  3.26E+05  9.00E+00  3.95E+03  2.73E+01
    1175  5.24048417E-02  3.62306354E-05   4.96606060E-06  6.13769208E-06 -6.01962947E-14  1.92956986E-11  2.18082556E-04 -3.77154694E-19  1.77542274E-03  7.99811336E-10   1.00000000E+00      216 |   0.00E+00  0.00E+00  3.27E+05  9.00E+00  3.93E+03  2.73E+01
    1180  5.25859351E-02  3.62007920E-05   4.96452672E-06  6.13777330E-06 -5.75768453E-14  1.93799784E-11  2.18063325E-04  4.71443367E-19  1.77543307E-03  8.03559965E-10   1.00000000E+00      216 |   0.00E+00  0.00E+00  3.27E+05  9.00E+00  3.94E+03  2.73E+01
    1185  5.27668797E-02  3.61711433E-05   4.96300048E-06  6.13785692E-06 -5.34934833E-14  1.94594088E-11  2.18044156E-04 -1.25718231E-19  1.77544341E-03  8.07436404E-10   1.00000000E+00      216 |   0.00E+00  0.00E+00  3.15E+05  9.00E+00  4.10E+03  2.84E+01
    1190  5.29476763E-02  3.61416528E-05   4.96148183E-06  6.13794318E-06 -5.30558417E-14  1.95486757E-11  2.18025049E-04 -4.71443367E-19  1.77545376E-03  8.11827772E-10   1.00000000E+00      216 |   0.00E+00  0.00E+00  3.27E+05  9.00E+00  3.95E+03  2.73E+01
    1195  5.31283257E-02  3.61121938E-05   4.95997073E-06  6.13803228E-06 -5.75616436E-14  1.96493678E-11  2.18006004E-04 -9.42886734E-20  1.77546413E-03  8.15644211E-10   1.00000000E+00      216 |   0.00E+00  0.00E+00  3.28E+05  9.00E+00  3.94E+03  2.73E+01
    1200  5.33088280E-02  3.60828808E-05   4.95846711E-06  6.13812441E-06 -5.79026195E-14  1.97258934E-11  2.17987022E-04 -5.97161598E-19  1.77547451E-03  8.19752756E-10   1.00000000E+00      216 |   0.00E+00  0.00E+00  3.27E+05  9.00E+00  3.95E+03  2.74E+01
    1205  5.34891840E-02  3.60537043E-05   4.95697093E-06  6.13821974E-06 -6.17384164E-14  1.97913876E-11  2.17968101E-04 -3.45725136E-19  1.77548491E-03  8.23631824E-10   1.00000000E+00      216 |   0.00E+00  0.00E+00  3.27E+05  9.00E+00  3.96E+03  2.74E+01
    1210  5.36693944E-02  3.60246616E-05   4.95548214E-06  6.13831845E-06 -6.09922960E-14  1.98612259E-11  2.17949243E-04  9.42886734E-20  1.77549532E-03  8.27907237E-10   1.00000000E+00      216 |   0.00E+00  0.00E+00  3.27E+05  9.00E+00  3.97E+03  2.75E+01
    1215  5.38494599E-02  3.59958065E-05   4.95400069E-06  6.13842072E-06 -6.10598780E-14  1.99237070E-11  2.17930447E-04 -5.97161598E-19  1.77550574E-03  8.31674980E-10   1.00000000E+00      216 |   0.00E+00  0.00E+00  3.27E+05  9.00E+00  3.96E+03  2.75E+01
    1220  5.40293815E-02  3.59671263E-05   4.95252653E-06  6.13852667E-06 -6.49494060E-14  1.99701666E-11  2.17911712E-04 -2.51436463E-19  1.77551617E-03  8.35239056E-10   1.00000000E+00      216 |   0.00E+00  0.00E+00  3.12E+05  9.00E+00  4.16E+03  2.88E+01
    1225  5.42091600E-02  3.59385975E-05   4.95105960E-06  6.13863645E-06 -6.62631816E-14  2.00280387E-11  2.17893039E-04 -8.80027619E-19  1.77552661E-03  8.38632659E-10   1.00000000E+00      216 |   0.00E+00  0.00E+00  3.24E+05  9.00E+00  4.00E+03  2.77E+01
    1230  5.43887962E-02  3.59102468E-05   4.94959986E-06  6.13875017E-06 -7.15311500E-14  2.01054545E-11  2.17874427E-04 -4.08584252E-19  1.77553707E-03  8.42903186E-10   1.00000000E+00      216 |   0.00E+00  0.00E+00  3.19E+05  9.00E+00  4.07E+03  2.82E+01
    1235  5.45682910E-02  3.58820592E-05   4.94814726E-06  6.13886793E-06 -7.55351820E-14  2.01921144E-11  2.17855876E-04  6.28591156E-20  1.77554754E-03  8.46741523E-10   1.00000000E+00      216 |   0.00E+00  0.00E+00  3.27E+05  9.00E+00  3.98E+03  2.76E+01
    1240  5.47476453E-02  3.58540914E-05   4.94670175E-06  6.13898981E-06 -7.90063049E-14  2.02668946E-11  2.17837386E-04 -3.14295578E-20  1.77555803E-03  8.50532564E-10   1.00000000E+00      216 |   0.00E+00  0.00E+00  3.27E+05  9.00E+00  3.98E+03  2.76E+01
    1245  5.49268601E-02  3.58262675E-05   4.94526327E-06  6.13911589E-06 -7.95650801E-14  2.03381887E-11  2.17818958E-04 -5.97161598E-19  1.77556852E-03  8.54636236E-10   1.00000000E+00      216 |   0.00E+00  0.00E+00  3.27E+05  9.00E+00  3.98E+03  2.76E+01
    1250  5.51059359E-02  3.57985952E-05   4.94383179E-06  6.13924624E-06 -8.50863135E-14  2.03982463E-11  2.17800590E-04 -3.45725136E-19  1.77557903E-03  8.58553240E-10   1.00000000E+00      216 |   0.00E+00  0.00E+00  3.27E+05  9.00E+00  3.98E+03  2.76E+01
    1255  5.52848740E-02  3.57711403E-05   4.94240725E-06  6.13938097E-06 -8.65171485E-14  2.04409619E-11  2.17782284E-04 -2.20006905E-19  1.77558955E-03  8.62954016E-10   1.00000000E+00      216 |   0.00E+00  0.00E+00  3.07E+05  9.00E+00  4.25E+03  2.94E+01
    1260  5.54636750E-02  3.57438128E-05   4.94098961E-06  6.13952012E-06 -8.92593239E-14  2.05128567E-11  2.17764038E-04  3.14295578E-20  1.77560008E-03  8.67236660E-10   1.00000000E+00      216 |   0.00E+00  0.00E+00  3.27E+05  9.00E+00  3.99E+03  2.76E+01
    1265  5.56423396E-02  3.57166429E-05   4.93957882E-06  6.13966372E-06 -9.30964000E-14  2.05854844E-11  2.17745853E-04 -3.14295578E-20  1.77561063E-03  8.71052159E-10   1.00000000E+00      216 |   0.00E+00  0.00E+00  3.25E+05  9.00E+00  4.02E+03  2.78E+01
    1270  5.58208688E-02  3.56896481E-05   4.93817483E-06  6.13981182E-06 -9.79990211E-14  2.06468527E-11  2.17727728E-04 -2.20006905E-19  1.77562119E-03  8.74687183E-10   1.00000000E+00      216 |   0.00E+00  0.00E+00  3.27E+05  9.00E+00  3.99E+03  2.77E+01
    1275  5.59992632E-02  3.56627527E-05   4.93677759E-06  6.13996446E-06 -1.00655334E-13  2.07078350E-11  2.17709665E-04 -1.25718231E-19  1.77563176E-03  8.78639851E-10   1.00000000E+00      216 |   0.00E+00  0.00E+00  3.27E+05  9.00E+00  4.00E+03  2.77E+01
    1280  5.61775233E-02  3.56359875E-05   4.93538708E-06  6.14012167E-06 -1.09423881E-13  2.07739550E-11  2.17691662E-04 -2.51436463E-19  1.77564235E-03  8.81345819E-10   1.00000000E+00      216 |   0.00E+00  0.00E+00  3.27E+05  9.00E+00  4.00E+03  2.77E+01
    1285  5.63556500E-02  3.56093616E-05   4.93400323E-06  6.14028345E-06 -1.19438652E-13  2.08479847E-11  2.17673719E-04 -2.51436463E-19  1.77565295E-03  8.84857325E-10   1.00000000E+00      216 |   0.00E+00  0.00E+00  3.25E+05  9.00E+00  4.03E+03  2.79E+01
    1290  5.65336438E-02  3.55828739E-05   4.93262601E-06  6.14044978E-06 -1.29425098E-13  2.09168338E-11  2.17655837E-04 -4.40013809E-19  1.77566357E-03  8.88979299E-10   1.00000000E+00      216 |   0.00E+00  0.00E+00  3.12E+05  9.00E+00  4.21E+03  2.91E+01
    1295  5.67115053E-02  3.55565273E-05   4.93125538E-06  6.14062066E-06 -1.37771628E-13  2.09870339E-11  2.17638015E-04 -3.45725136E-19  1.77567420E-03  8.93180703E-10   1.00000000E+00      216 |   0.00E+00  0.00E+00  3.27E+05  9.00E+00  4.01E+03  2.78E+01
    1300  5.68892356E-02  3.55303647E-05   4.92989128E-06  6.14079604E-06 -1.46432968E-13  2.10571413E-11  2.17620252E-04 -1.57147789E-19  1.77568484E-03  8.97351949E-10   1.00000000E+00      216 |   0.00E+00  0.00E+00  3.26E+05  9.00E+00  4.02E+03  2.79E+01
    1305  5.70668353E-02  3.55043138E-05   4.92853368E-06  6.14097590E-06 -1.55908382E-13  2.11265109E-11  2.17602550E-04 -4.08584252E-19  1.77569550E-03  9.01083679E-10   1.00000000E+00      216 |   0.00E+00  0.00E+00  3.27E+05  9.00E+00  4.02E+03  2.78E+01
    1310  5.72443050E-02  3.54784335E-05   4.92718253E-06  6.14116021E-06 -1.68185429E-13  2.12193137E-11  2.17584907E-04 -9.42886734E-20  1.77570617E-03  9.05286907E-10   1.00000000E+00      216 |   0.00E+00  0.00E+00  3.27E+05  9.00E+00  4.02E+03  2.78E+01
    1315  5.74216456E-02  3.54526955E-05   4.92583779E-06  6.14134888E-06 -1.77217152E-13  2.13133125E-11  2.17567323E-04 -6.28591156E-20  1.77571686E-03  9.08979159E-10   1.00000000E+00      216 |   0.00E+00  0.00E+00  3.27E+05  9.00E+00  4.03E+03  2.79E+01
    1320  5.75988578E-02  3.54270923E-05   4.92449942E-06  6.14154185E-06 -1.81452655E-13  2.14009524E-11  2.17549800E-04 -3.14295578E-20  1.77572756E-03  9.12419343E-10   1.00000000E+00      216 |   0.00E+00  0.00E+00  3.27E+05  9.00E+00  4.02E+03  2.79E+01
    1325  5.77759423E-02  3.54016315E-05   4.92316738E-06  6.14173902E-06 -1.89397710E-13  2.14868094E-11  2.17532335E-04 -1.88577347E-19  1.77573828E-03  9.15963841E-10   1.00000000E+00      216 |   0.00E+00  0.00E+00  3.16E+05  9.00E+00  4.17E+03  2.89E+01
    1330  5.79528998E-02  3.53763080E-05   4.92184163E-06  6.14194029E-06 -1.93597239E-13  2.15749832E-11  2.17514929E-04 -3.14295578E-20  1.77574902E-03  9.19483661E-10   1.00000000E+00      216 |   0.00E+00  0.00E+00  3.27E+05  9.00E+00  4.03E+03  2.79E+01
    1335  5.81297309E-02  3.53511100E-05   4.92052211E-06  6.14214560E-06 -1.96655108E-13  2.16773761E-11  2.17497582E-04 -1.57147789E-19  1.77575977E-03  9.22969257E-10   1.00000000E+00      216 |   0.00E+00  0.00E+00  3.27E+05  9.00E+00  4.04E+03  2.80E+01
    1340  5.83064363E-02  3.53260734E-05   4.91920881E-06  6.14235486E-06 -1.96539562E-13  2.17839980E-11  2.17480293E-04 -3.14295578E-20  1.77577054E-03  9.25830791E-10   1.00000000E+00      216 |   0.00E+00  0.00E+00  3.23E+05  9.00E+00  4.08E+03  2.83E+01
    1345  5.84830167E-02  3.53011467E-05   4.91790166E-06  6.14256798E-06 -1.98539115E-13  2.19043766E-11  2.17463061E-04 -3.14295578E-19  1.77578133E-03  9.29438969E-10   1.00000000E+00      216 |   0.00E+00  0.00E+00  3.27E+05  9.00E+00  4.04E+03  2.80E+01
    1350  5.86594729E-02  3.52763659E-05   4.91660064E-06  6.14278483E-06 -1.94746369E-13  2.20163264E-11  2.17445887E-04 -3.14295578E-19  1.77579213E-03  9.33904614E-10   1.00000000E+00      216 |   0.00E+00  0.00E+00  3.27E+05  9.00E+00  4.05E+03  2.81E+01
    1355  5.88358054E-02  3.52517246E-05   4.91530571E-06  6.14300529E-06 -1.96832681E-13  2.21279795E-11  2.17428770E-04 -6.28591156E-20  1.77580296E-03  9.38321877E-10   1.00000000E+00      216 |   0.00E+00  0.00E+00  3.27E+05  9.00E+00  4.04E+03  2.80E+01
    1360  5.90120149E-02  3.52271962E-05   4.91401682E-06  6.14322925E-06 -1.90971645E-13  2.22431153E-11  2.17411709E-04 -1.25718231E-19  1.77581380E-03  9.41294933E-10   1.00000000E+00      216 |   0.00E+00  0.00E+00  3.11E+05  9.00E+00  4.26E+03  2.95E+01
    1365  5.91881021E-02  3.52028341E-05   4.91273393E-06  6.14345656E-06 -1.85902866E-13  2.23663470E-11  2.17394706E-04 -2.82866020E-19  1.77582466E-03  9.44466065E-10   1.00000000E+00      216 |   0.00E+00  0.00E+00  3.26E+05  9.00E+00  4.06E+03  2.81E+01
    1370  5.93640677E-02  3.51785777E-05   4.91145701E-06  6.14368709E-06 -1.83226016E-13  2.24688420E-11  2.17377758E-04  6.28591156E-20  1.77583553E-03  9.47956973E-10   1.00000000E+00      216 |   0.00E+00  0.00E+00  3.27E+05  9.00E+00  4.06E+03  2.81E+01
    1375  5.95399123E-02  3.51544533E-05   4.91018602E-06  6.14392070E-06 -1.77702022E-13  2.25855910E-11  2.17360866E-04  9.42886734E-20  1.77584643E-03  9.51288732E-10   1.00000000E+00      216 |   0.00E+00  0.00E+00  3.23E+05  9.00E+00  4.11E+03  2.85E+01
    1380  5.97156365E-02  3.51304742E-05   4.90892092E-06  6.14415721E-06 -1.70480468E-13  2.27197565E-11  2.17344029E-04  3.14295578E-20  1.77585735E-03  9.54636450E-10   1.00000000E+00      216 |   0.00E+00  0.00E+00  3.27E+05  9.00E+00  4.07E+03  2.82E+01
    1385  5.98912411E-02  3.51066029E-05   4.90766168E-06  6.14439650E-06 -1.66643108E-13  2.28366208E-11  2.17327247E-04  1.57147789E-19  1.77586828E-03  9.57770284E-10   1.00000000E+00      216 |   0.00E+00  0.00E+00  3.27E+05  9.00E+00  4.07E+03  2.82E+01
    1390  6.00350919E-02  3.50871434E-05   4.90663384E-06  6.14459460E-06 -1.67517940E-13  2.29346031E-11  2.17313531E-04 -1.57147789E-19  1.77587726E-03  9.60601699E-10   1.00000000E+00      216 |   0.00E+00  0.00E+00  2.09E+04  9.00E+00  6.36E+04  4.41E+02
    1395  6.02104803E-02  3.50634913E-05   4.90538514E-06  6.14483857E-06 -1.62623317E-13  2.30416263E-11  2.17296847E-04 -1.57147789E-19  1.77588823E-03  9.63694020E-10   1.00000000E+00      216 |   0.00E+00  0.00E+00  3.10E+05  9.00E+00  4.29E+03  2.97E+01
    1400  6.03857506E-02  3.50399482E-05   4.90414220E-06  6.14508489E-06 -1.58555984E-13  2.31655797E-11  2.17280216E-04 -5.34302483E-19  1.77589922E-03  9.67829647E-10   1.00000000E+00      216 |   0.00E+00  0.00E+00  3.28E+05  9.00E+00  4.06E+03  2.82E+01
    1405  6.05609034E-02  3.50165159E-05   4.90290496E-06  6.14533340E-06 -1.54859571E-13  2.32879495E-11  2.17263638E-04 -1.57147789E-19  1.77591024E-03  9.71488111E-10   1.00000000E+00      216 |   0.00E+00  0.00E+00  3.27E+05  9.00E+00  4.07E+03  2.82E+01
    1410  6.07359393E-02  3.49931910E-05   4.90167341E-06  6.14558386E-06 -1.56578240E-13  2.34216187E-11  2.17247112E-04  3.14295578E-20  1.77592127E-03  9.75328448E-10   1.00000000E+00      216 |   0.00E+00  0.00E+00  3.27E+05  9.00E+00  4.07E+03  2.82E+01
    1415  6.09108588E-02  3.49699610E-05   4.90044749E-06  6.14583608E-06 -1.57792265E-13  2.35426715E-11  2.17230638E-04 -2.51436463E-19  1.77593232E-03  9.78144246E-10   1.00000000E+00      216 |   0.00E+00  0.00E+00  3.27E+05  9.00E+00  4.08E+03  2.82E+01
    1420  6.10856623E-02  3.49468621E-05   4.89922718E-06  6.14608993E-06 -1.61549701E-13  2.36556174E-11  2.17214215E-04 -3.77154694E-19  1.77594339E-03  9.80966456E-10   1.00000000E+00      216 |   0.00E+00  0.00E+00  3.27E+05  9.00E+00  4.08E+03  2.83E+01
    1425  6.12603506E-02  3.49238500E-05   4.89801244E-06  6.14634525E-06 -1.64082782E-13  2.37689168E-11  2.17197842E-04 -2.82866020E-19  1.77595449E-03  9.83514573E-10   1.00000000E+00      216 |   0.00E+00  0.00E+00  3.27E+05  9.00E+00  4.09E+03  2.83E+01
    1430  6.14349240E-02  3.49009581E-05   4.89680324E-06  6.14660188E-06 -1.69216950E-13  2.38980327E-11  2.17181519E-04 -1.88577347E-19  1.77596561E-03  9.86727189E-10   1.00000000E+00      216 |   0.00E+00  0.00E+00  3.16E+05  9.00E+00  4.23E+03  2.93E+01
    1435  6.16093832E-02  3.48781691E-05   4.89559953E-06  6.14685969E-06 -1.72781557E-13  2.40301556E-11  2.17165246E-04 -1.25718231E-19  1.77597674E-03  9.90895059E-10   1.00000000E+00      216 |   0.00E+00  0.00E+00  3.25E+05  9.00E+00  4.11E+03  2.85E+01
    1440  6.17837286E-02  3.48554917E-05   4.89440129E-06  6.14711853E-06 -1.78760478E-13  2.41352480E-11  2.17149021E-04 -5.02872925E-19  1.77598790E-03  9.93477329E-10   1.00000000E+00      216 |   0.00E+00  0.00E+00  3.27E+05  9.00E+00  4.09E+03  2.83E+01
    1445  6.19579609E-02  3.48329230E-05   4.89320848E-06  6.14737826E-06 -1.82253382E-13  2.42591822E-11  2.17132846E-04 -4.71443367E-19  1.77599908E-03  9.97439628E-10   1.00000000E+00      216 |   0.00E+00  0.00E+00  3.28E+05  9.00E+00  4.09E+03  2.83E+01
    1450  6.21320805E-02  3.48104476E-05   4.89202106E-06  6.14763873E-06 -1.92771932E-13  2.43937399E-11  2.17116717E-04 -3.77154694E-19  1.77601029E-03  1.00114649E-09   1.00000000E+00      216 |   0.00E+00  0.00E+00  3.28E+05  9.00E+00  4.09E+03  2.83E+01
    1455  6.23060880E-02  3.47880950E-05   4.89083901E-06  6.14789979E-06 -1.91767923E-13  2.45144556E-11  2.17100636E-04 -2.82866020E-19  1.77602151E-03  1.00442934E-09   1.00000000E+00      216 |   0.00E+00  0.00E+00  3.27E+05  9.00E+00  4.10E+03  2.84E+01
    1460  6.24799839E-02  3.47658175E-05   4.88966229E-06  6.14816129E-06 -2.00877683E-13  2.46314681E-11  2.17084602E-04 -3.14295578E-20  1.77603276E-03  1.00780443E-09   1.00000000E+00      216 |   0.00E+00  0.00E+00  3.27E+05  9.00E+00  4.10E+03  2.84E+01
    1465  6.26537686E-02  3.47436544E-05   4.88849086E-06  6.14842308E-06 -2.01027629E-13  2.47484922E-11  2.17068613E-04  6.28591156E-20  1.77604403E-03  1.01135833E-09   1.00000000E+00      216 |   0.00E+00  0.00E+00  3.13E+05  9.00E+00  4.30E+03  2.98E+01
    1470  6.28274427E-02  3.47215903E-05   4.88732469E-06  6.14868500E-06 -2.08099943E-13  2.48678893E-11  2.17052670E-04 -2.82866020E-19  1.77605532E-03  1.01440346E-09   1.00000000E+00      216 |   0.00E+00  0.00E+00  3.27E+05  9.00E+00  4.10E+03  2.84E+01
    1475  6.30010067E-02  3.46996363E-05   4.88616375E-06  6.14894686E-06 -2.10261326E-13  2.49734871E-11  2.17036771E-04 -2.82866020E-19  1.77606663E-03  1.01674802E-09   1.00000000E+00      216 |   0.00E+00  0.00E+00  3.27E+05  9.00E+00  4.12E+03  2.85E+01
    1480  6.31744612E-02  3.46777914E-05   4.88500801E-06  6.14920846E-06 -2.06809720E-13  2.50956373E-11  2.17020916E-04 -4.40013809E-19  1.77607797E-03  1.01954935E-09   1.00000000E+00      216 |   0.00E+00  0.00E+00  3.22E+05  9.00E+00  4.18E+03  2.90E+01
    1485  6.33478066E-02  3.46560356E-05   4.88385743E-06  6.14946966E-06 -2.15593283E-13  2.52039473E-11  2.17005104E-04 -4.40013809E-19  1.77608932E-03  1.02278986E-09   1.00000000E+00      216 |   0.00E+00  0.00E+00  3.27E+05  9.00E+00  4.12E+03  2.85E+01
    1490  6.35210434E-02  3.46343931E-05   4.88271198E-06  6.14973028E-06 -2.10523640E-13  2.53338711E-11  2.16989334E-04 -3.14295578E-19  1.77610070E-03  1.02667267E-09   1.00000000E+00      216 |   0.00E+00  0.00E+00  3.26E+05  9.00E+00  4.14E+03  2.86E+01
    1495  6.36941722E-02  3.46128461E-05   4.88157164E-06  6.14999016E-06 -2.13826592E-13  2.54551597E-11  2.16973607E-04 -3.14295578E-19  1.77611211E-03  1.03150894E-09   1.00000000E+00      216 |   0.00E+00  0.00E+00  3.27E+05  9.00E+00  4.12E+03  2.85E+01
    1500  6.38671936E-02  3.45913994E-05   4.88043636E-06  6.15024913E-06 -2.11824224E-13  2.55676815E-11  2.16957921E-04  9.42886734E-20  1.77612353E-03  1.03445685E-09   1.00000000E+00      216 |   0.00E+00  0.00E+00  3.14E+05  9.00E+00  4.30E+03  2.98E+01
    1505  6.40401078E-02  3.45700578E-05   4.87930611E-06  6.15050707E-06 -2.12635472E-13  2.56801634E-11  2.16942275E-04 -2.51436463E-19  1.77613498E-03  1.03722718E-09   1.00000000E+00      216 |   0.00E+00  0.00E+00  3.27E+05  9.00E+00  4.13E+03  2.86E+01
    1510  6.42129155E-02  3.45487786E-05   4.87818088E-06  6.15076385E-06 -2.08170661E-13  2.57870920E-11  2.16926670E-04 -3.14295578E-20  1.77614644E-03  1.04017530E-09   1.00000000E+00      216 |   0.00E+00  0.00E+00  3.27E+05  9.00E+00  4.14E+03  2.86E+01
    1515  6.43856171E-02  3.45276446E-05   4.87706061E-06  6.15101937E-06 -2.10936005E-13  2.59047734E-11  2.16911103E-04 -4.40013809E-19  1.77615793E-03  1.04325112E-09   1.00000000E+00      216 |   0.00E+00  0.00E+00  3.26E+05  9.00E+00  4.14E+03  2.87E+01
    1520  6.45582131E-02  3.45065675E-05   4.87594529E-06  6.15127352E-06 -2.03892711E-13  2.60224465E-11  2.16895576E-04 -9.42886734E-20  1.77616945E-03  1.04667682E-09   1.00000000E+00      216 |   0.00E+00  0.00E+00  3.26E+05  9.00E+00  4.14E+03  2.87E+01
    1525  6.47307040E-02  3.44856203E-05   4.87483488E-06  6.15152613E-06 -2.06457175E-13  2.61307004E-11  2.16880086E-04 -6.28591156E-19  1.77618098E-03  1.04946104E-09   1.00000000E+00      216 |   0.00E+00  0.00E+00  3.27E+05  9.00E+00  4.13E+03  2.86E+01
    1530  6.49030903E-02  3.44647354E-05   4.87372935E-06  6.15177704E-06 -2.00415798E-13  2.62401911E-11  2.16864634E-04 -3.45725136E-19  1.77619254E-03  1.05411056E-09   1.00000000E+00      216 |   0.00E+00  0.00E+00  3.26E+05  9.00E+00  4.15E+03  2.87E+01
    1535  6.50753724E-02  3.44439678E-05   4.87262867E-06  6.15202614E-06 -2.02674416E-13  2.63535807E-11  2.16849219E-04 -3.45725136E-19  1.77620411E-03  1.05662663E-09   1.00000000E+00      216 |   0.00E+00  0.00E+00  3.13E+05  9.00E+00  4.33E+03  3.00E+01
    1540  6.52475509E-02  3.44232947E-05   4.87153281E-06  6.15227335E-06 -1.99561062E-13  2.64423715E-11  2.16833840E-04 -1.25718231E-19  1.77621571E-03  1.05887916E-09   1.00000000E+00      216 |   0.00E+00  0.00E+00  3.28E+05  9.00E+00  4.14E+03  2.87E+01
    1545  6.54196261E-02  3.44026878E-05   4.87044174E-06  6.15251860E-06 -1.98976969E-13  2.65435546E-11  2.16818496E-04  9.42886734E-20  1.77622733E-03  1.06231428E-09   1.00000000E+00      216 |   0.00E+00  0.00E+00  3.26E+05  9.00E+00  4.16E+03  2.88E+01
    1550  6.55915986E-02  3.43822217E-05   4.86935543E-06  6.15276180E-06 -2.00339860E-13  2.66361665E-11  2.16803187E-04 -4.08584252E-19  1.77623897E-03  1.06587825E-09   1.00000000E+00      216 |   0.00E+00  0.00E+00  3.27E+05  9.00E+00  4.15E+03  2.88E+01
    1555  6.57634688E-02  3.43618040E-05   4.86827386E-06  6.15300289E-06 -1.97193806E-13  2.67260597E-11  2.16787913E-04 -9.42886734E-20  1.77625063E-03  1.06938860E-09   1.00000000E+00      216 |   0.00E+00  0.00E+00  3.27E+05  9.00E+00  4.15E+03  2.87E+01
    1560  6.59352372E-02  3.43415072E-05   4.86719698E-06  6.15324179E-06 -1.97101092E-13  2.68094925E-11  2.16772673E-04 -1.25718231E-19  1.77626232E-03  1.07252450E-09   1.00000000E+00      216 |   0.00E+00  0.00E+00  3.27E+05  9.00E+00  4.15E+03  2.87E+01
    1565  6.61069043E-02  3.43213136E-05   4.86612477E-06  6.15347845E-06 -1.93674990E-13  2.68980716E-11  2.16757466E-04 -6.28591156E-20  1.77627402E-03  1.07610782E-09   1.00000000E+00      216 |   0.00E+00  0.00E+00  3.27E+05  9.00E+00  4.15E+03  2.88E+01
    1570  6.62784706E-02  3.43011946E-05   4.86505721E-06  6.15371279E-06 -1.92549345E-13  2.69841682E-11  2.16742291E-04 -4.08584252E-19  1.77628574E-03  1.07942287E-09   1.00000000E+00      216 |   0.00E+00  0.00E+00  3.11E+05  9.00E+00  4.37E+03  3.02E+01
    1575  6.64499366E-02  3.42812137E-05   4.86399426E-06  6.15394476E-06 -1.92382819E-13  2.70818190E-11  2.16727149E-04 -1.25718231E-19  1.77629749E-03  1.08210772E-09   1.00000000E+00      216 |   0.00E+00  0.00E+00  3.21E+05  9.00E+00  4.24E+03  2.94E+01
    1580  6.66213027E-02  3.42612792E-05   4.86293590E-06  6.15417429E-06 -1.89952509E-13  2.71842617E-11  2.16712039E-04 -4.71443367E-19  1.77630925E-03  1.08457974E-09   1.00000000E+00      216 |   0.00E+00  0.00E+00  3.28E+05  9.00E+00  4.16E+03  2.88E+01
    1585  6.67925695E-02  3.42414705E-05   4.86188209E-06  6.15440126E-06 -1.89326771E-13  2.72892110E-11  2.16696959E-04 -2.51436463E-19  1.77632104E-03  1.08758126E-09   1.00000000E+00      216 |   0.00E+00  0.00E+00  3.27E+05  9.00E+00  4.16E+03  2.88E+01
    1590  6.69637374E-02  3.42217670E-05   4.86083281E-06  6.15462563E-06 -1.95565142E-13  2.73817885E-11  2.16681910E-04 -3.14295578E-20  1.77633284E-03  1.09022783E-09   1.00000000E+00      216 |   0.00E+00  0.00E+00  3.27E+05  9.00E+00  4.17E+03  2.89E+01
    1595  6.71348070E-02  3.42021559E-05   4.85978803E-06  6.15484739E-06 -1.87494835E-13  2.74754941E-11  2.16666890E-04  3.14295578E-20  1.77634466E-03  1.09358099E-09   1.00000000E+00      216 |   0.00E+00  0.00E+00  3.27E+05  9.00E+00  4.17E+03  2.89E+01
    1600  6.73057786E-02  3.41826344E-05   4.85874772E-06  6.15506648E-06 -1.91158426E-13  2.75700201E-11  2.16651901E-04 -2.51436463E-19  1.77635651E-03  1.09676692E-09   1.00000000E+00      216 |   0.00E+00  0.00E+00  3.21E+05  9.00E+00  4.25E+03  2.94E+01
    1605  6.74766529E-02  3.41632037E-05   4.85771186E-06  6.15528290E-06 -1.89489558E-13  2.76777177E-11  2.16636940E-04 -5.02872925E-19  1.77636837E-03  1.09902889E-09   1.00000000E+00      216 |   0.00E+00  0.00E+00  3.11E+05  9.00E+00  4.39E+03  3.04E+01
    1610  6.76474302E-02  3.41438546E-05   4.85668041E-06  6.15549660E-06 -1.86808975E-13  2.77555035E-11  2.16622007E-04 -3.14295578E-19  1.77638025E-03  1.10315923E-09   1.00000000E+00      216 |   0.00E+00  0.00E+00  3.27E+05  9.00E+00  4.18E+03  2.89E+01
    1615  6.78181110E-02  3.41246111E-05   4.85565335E-06  6.15570759E-06 -1.87098441E-13  2.78369641E-11  2.16607103E-04  6.28591156E-20  1.77639215E-03  1.10628296E-09   1.00000000E+00      216 |   0.00E+00  0.00E+00  3.26E+05  9.00E+00  4.19E+03  2.90E+01
    1620  6.79886957E-02  3.41054748E-05   4.85463066E-06  6.15591584E-06 -1.83388670E-13  2.79325875E-11  2.16592225E-04  2.20006905E-19  1.77640406E-03  1.10949734E-09   1.00000000E+00      216 |   0.00E+00  0.00E+00  3.27E+05  9.00E+00  4.19E+03  2.90E+01
    1625  6.81591849E-02  3.40863966E-05   4.85361230E-06  6.15612135E-06 -1.90121332E-13  2.80320446E-11  2.16577375E-04 -9.42886734E-20  1.77641600E-03  1.11235512E-09   1.00000000E+00      216 |   0.00E+00  0.00E+00  3.26E+05  9.00E+00  4.19E+03  2.90E+01
    1630  6.83295788E-02  3.40673863E-05   4.85259824E-06  6.15632410E-06 -1.87369889E-13  2.81311867E-11  2.16562551E-04 -9.42886734E-20  1.77642795E-03  1.11502784E-09   1.00000000E+00      216 |   0.00E+00  0.00E+00  3.27E+05  9.00E+00  4.19E+03  2.90E+01
    1635  6.84998780E-02  3.40485134E-05   4.85158848E-06  6.15652406E-06 -1.81945598E-13  2.82263198E-11  2.16547752E-04 -3.14295578E-19  1.77643992E-03  1.11762516E-09   1.00000000E+00      216 |   0.00E+00  0.00E+00  3.27E+05  9.00E+00  4.20E+03  2.91E+01
    1640  6.86700829E-02  3.40296854E-05   4.85058296E-06  6.15672124E-06 -1.82360648E-13  2.83220282E-11  2.16532980E-04 -1.57147789E-19  1.77645190E-03  1.12029733E-09   1.00000000E+00      216 |   0.00E+00  0.00E+00  3.13E+05  9.00E+00  4.38E+03  3.04E+01
    1645  6.88401938E-02  3.40109660E-05   4.84958168E-06  6.15691564E-06 -1.78893695E-13  2.84249756E-11  2.16518233E-04  4.40013809E-19  1.77646391E-03  1.12340075E-09   1.00000000E+00      216 |   0.00E+00  0.00E+00  3.26E+05  9.00E+00  4.21E+03  2.91E+01
    1650  6.90102114E-02  3.39923476E-05   4.84858461E-06  6.15710725E-06 -1.79869645E-13  2.85261251E-11  2.16503510E-04 -5.34302483E-19  1.77647592E-03  1.12608877E-09   1.00000000E+00      216 |   0.00E+00  0.00E+00  3.27E+05  9.00E+00  4.20E+03  2.91E+01
    1655  6.91801359E-02  3.39737662E-05   4.84759171E-06  6.15729609E-06 -1.74472374E-13  2.86052678E-11  2.16488811E-04  9.42886734E-20  1.77648796E-03  1.12937489E-09   1.00000000E+00      216 |   0.00E+00  0.00E+00  3.24E+05  9.00E+00  4.23E+03  2.93E+01
    1660  6.93499678E-02  3.39553234E-05   4.84660297E-06  6.15748217E-06 -1.67966595E-13  2.86861102E-11  2.16474136E-04 -1.88577347E-19  1.77650001E-03  1.13205361E-09   1.00000000E+00      216 |   0.00E+00  0.00E+00  3.26E+05  9.00E+00  4.21E+03  2.92E+01
    1665  6.95197076E-02  3.39369057E-05   4.84561835E-06  6.15766551E-06 -1.66897785E-13  2.87838221E-11  2.16459483E-04 -9.42886734E-20  1.77651207E-03  1.13503207E-09   1.00000000E+00      216 |   0.00E+00  0.00E+00  3.27E+05  9.00E+00  4.20E+03  2.91E+01
    1670  6.96893554E-02  3.39185782E-05   4.84463784E-06  6.15784611E-06 -1.62470539E-13  2.88858441E-11  2.16444854E-04 -3.45725136E-19  1.77652415E-03  1.13778860E-09   1.00000000E+00      216 |   0.00E+00  0.00E+00  3.26E+05  9.00E+00  4.22E+03  2.92E+01
    1675  6.98589119E-02  3.39003979E-05   4.84366141E-06  6.15802401E-06 -1.56731907E-13  2.89898215E-11  2.16430247E-04 -4.08584252E-19  1.77653625E-03  1.14126569E-09   1.00000000E+00      216 |   0.00E+00  0.00E+00  3.14E+05  9.00E+00  4.38E+03  3.03E+01
    1680  7.00000000E-02  3.38852512E-05   4.84285162E-06  6.15817009E-06 -1.60888002E-13  2.90847855E-11  2.16418103E-04 -2.51436463E-19  1.77654633E-03  1.14466794E-09   1.00000000E+00      216 |   0.00E+00  0.00E+00  3.27E+05  9.00E+00  4.21E+03  2.92E+01
    1685  7.01693900E-02  3.38671639E-05   4.84188260E-06  6.15834319E-06 -1.51973433E-13  2.91860088E-11  2.16403536E-04 -2.51436463E-19  1.77655845E-03  1.14693818E-09   1.00000000E+00      216 |   0.00E+00  0.00E+00  3.22E+05  9.00E+00  4.28E+03  2.96E+01
    1690  7.03386898E-02  3.38491927E-05   4.84091759E-06  6.15851377E-06 -1.54914152E-13  2.92814629E-11  2.16388990E-04 -5.02872925E-19  1.77657058E-03  1.14937025E-09   1.00000000E+00      216 |   0.00E+00  0.00E+00  3.26E+05  9.00E+00  4.22E+03  2.92E+01
    1695  7.05079000E-02  3.38312757E-05   4.83995657E-06  6.15868190E-06 -1.50036304E-13  2.93674504E-11  2.16374465E-04 -6.28591156E-20  1.77658273E-03  1.15203441E-09   1.00000000E+00      216 |   0.00E+00  0.00E+00  3.26E+05  9.00E+00  4.23E+03  2.93E+01
    1700  7.06770206E-02  3.38134034E-05   4.83899951E-06  6.15884766E-06 -1.50225649E-13  2.94523826E-11  2.16359962E-04  1.57147789E-19  1.77659489E-03  1.15472308E-09   1.00000000E+00      216 |   0.00E+00  0.00E+00  3.27E+05  9.00E+00  4.22E+03  2.92E+01
    1705  7.08460521E-02  3.37956960E-05   4.83804638E-06  6.15901112E-06 -1.42304638E-13  2.95546266E-11  2.16345478E-04 -4.40013809E-19  1.77660706E-03  1.15749542E-09   1.00000000E+00      216 |   0.00E+00  0.00E+00  3.23E+05  9.00E+00  4.28E+03  2.96E+01
    1710  7.10149953E-02  3.37780397E-05   4.83709717E-06  6.15917235E-06 -1.39543689E-13  2.96674345E-11  2.16331015E-04 -2.20006905E-19  1.77661925E-03  1.16083214E-09   1.00000000E+00      216 |   0.00E+00  0.00E+00  3.13E+05  9.00E+00  4.41E+03  3.06E+01
    1715  7.11838503E-02  3.37604616E-05   4.83615185E-06  6.15933144E-06 -1.38085943E-13  2.97600239E-11  2.16316572E-04 -1.88577347E-19  1.77663145E-03  1.16353516E-09   1.00000000E+00      216 |   0.00E+00  0.00E+00  3.27E+05  9.00E+00  4.23E+03  2.93E+01
    1720  7.13526175E-02  3.37429112E-05   4.83521040E-06  6.15948846E-06 -1.39316680E-13  2.98591411E-11  2.16302149E-04 -3.45725136E-19  1.77664366E-03  1.16695124E-09   1.00000000E+00      216 |   0.00E+00  0.00E+00  3.22E+05  9.00E+00  4.29E+03  2.97E+01
    1725  7.15212970E-02  3.37254281E-05   4.83427279E-06  6.15964349E-06 -1.42884117E-13  2.99603648E-11  2.16287746E-04 -3.14295578E-20  1.77665588E-03  1.17066854E-09   1.00000000E+00      216 |   0.00E+00  0.00E+00  3.26E+05  9.00E+00  4.24E+03  2.94E+01
    1730  7.16898894E-02  3.37080480E-05   4.83333900E-06  6.15979662E-06 -1.40297802E-13  3.00366493E-11  2.16273361E-04 -1.25718231E-19  1.77666812E-03  1.17435897E-09   1.00000000E+00      216 |   0.00E+00  0.00E+00  3.27E+05  9.00E+00  4.23E+03  2.93E+01
    1735  7.18583950E-02  3.36907622E-05   4.83240902E-06  6.15994793E-06 -1.44075916E-13  3.01241927E-11  2.16258996E-04 -2.51436463E-19  1.77668036E-03  1.17653071E-09   1.00000000E+00      216 |   0.00E+00  0.00E+00  3.27E+05  9.00E+00  4.23E+03  2.93E+01
    1740  7.20268144E-02  3.36735488E-05   4.83148280E-06  6.16009751E-06 -1.40045170E-13  3.02077470E-11  2.16244650E-04 -4.08584252E-19  1.77669262E-03  1.17990585E-09   1.00000000E+00      216 |   0.00E+00  0.00E+00  3.27E+05  9.00E+00  4.24E+03  2.93E+01
    1745  7.21951478E-02  3.36564091E-05   4.83056035E-06  6.16024542E-06 -1.41301148E-13  3.02969759E-11  2.16230322E-04 -6.28591156E-20  1.77670488E-03  1.18254366E-09   1.00000000E+00      216 |   0.00E+00  0.00E+00  3.10E+05  9.00E+00  4.48E+03  3.10E+01
    1750  7.23633957E-02  3.36393462E-05   4.82964162E-06  6.16039177E-06 -1.42906294E-13  3.03762132E-11  2.16216013E-04 -3.14295578E-20  1.77671716E-03  1.18565916E-09   1.00000000E+00      216 |   0.00E+00  0.00E+00  3.24E+05  9.00E+00  4.28E+03  2.97E+01
    1755  7.25315584E-02  3.36223448E-05   4.82872660E-06  6.16053662E-06 -1.39080618E-13  3.04370469E-11  2.16201722E-04 -4.71443367E-19  1.77672945E-03  1.18795087E-09   1.00000000E+00      216 |   0.00E+00  0.00E+00  3.27E+05  9.00E+00  4.25E+03  2.94E+01
    1760  7.26996363E-02  3.36054403E-05   4.82781528E-06  6.16068004E-06 -1.36690675E-13  3.05154990E-11  2.16187450E-04  9.42886734E-20  1.77674174E-03  1.19125551E-09   1.00000000E+00      216 |   0.00E+00  0.00E+00  3.26E+05  9.00E+00  4.25E+03  2.95E+01
    1765  7.28676297E-02  3.35885734E-05   4.82690761E-06  6.16082211E-06 -1.39624825E-13  3.06099477E-11  2.16173196E-04 -1.25718231E-19  1.77675405E-03  1.19450755E-09   1.00000000E+00      216 |   0.00E+00  0.00E+00  3.05E+05  9.00E+00  4.56E+03  3.16E+01
    1770  7.30355390E-02  3.35718000E-05   4.82600360E-06  6.16096290E-06 -1.38469765E-13  3.06868099E-11  2.16158959E-04 -2.20006905E-19  1.77676637E-03  1.19729972E-09   1.00000000E+00      216 |   0.00E+00  0.00E+00  3.27E+05  9.00E+00  4.26E+03  2.95E+01
    1775  7.32033645E-02  3.35550781E-05   4.82510321E-06  6.16110247E-06 -1.33366592E-13  3.07557793E-11  2.16144741E-04 -1.88577347E-19  1.77677869E-03  1.20059856E-09   1.00000000E+00      216 |   0.00E+00  0.00E+00  3.27E+05  9.00E+00  4.25E+03  2.94E+01
    1780  7.33711066E-02  3.35384286E-05   4.82420642E-06  6.16124091E-06 -1.31203326E-13  3.08023808E-11  2.16130539E-04 -1.25718231E-19  1.77679103E-03  1.20443095E-09   1.00000000E+00      216 |   0.00E+00  0.00E+00  3.12E+05  9.00E+00  4.46E+03  3.09E+01
    1785  7.35387655E-02  3.35218538E-05   4.82331322E-06  6.16137830E-06 -1.32011652E-13  3.08513048E-11  2.16116356E-04 -3.77154694E-19  1.77680337E-03  1.20634978E-09   1.00000000E+00      216 |   0.00E+00  0.00E+00  3.26E+05  9.00E+00  4.26E+03  2.95E+01
    1790  7.37063418E-02  3.35053398E-05   4.82242358E-06  6.16151471E-06 -1.30262671E-13  3.09112971E-11  2.16102189E-04 -5.02872925E-19  1.77681572E-03  1.20976049E-09   1.00000000E+00      216 |   0.00E+00  0.00E+00  3.27E+05  9.00E+00  4.26E+03  2.95E+01
    1795  7.38738356E-02  3.34889014E-05   4.82153747E-06  6.16165020E-06 -1.26024613E-13  3.09763034E-11  2.16088039E-04 -1.57147789E-19  1.77682808E-03  1.21311306E-09   1.00000000E+00      216 |   0.00E+00  0.00E+00  3.27E+05  9.00E+00  4.26E+03  2.95E+01
    1800  7.40412473E-02  3.34725265E-05   4.82065490E-06  6.16178482E-06 -1.26023260E-13  3.10333009E-11  2.16073906E-04  0.00000000E+00  1.77684045E-03  1.21637312E-09   1.00000000E+00      216 |   0.00E+00  0.00E+00  3.27E+05  9.00E+00  4.26E+03  2.95E+01
    1805  7.42085773E-02  3.34562342E-05   4.81977582E-06  6.16191865E-06 -1.26331751E-13  3.10890764E-11  2.16059791E-04  6.28591156E-20  1.77685283E-03  1.21861397E-09   1.00000000E+00      216 |   0.00E+00  0.00E+00  3.27E+05  9.00E+00  4.27E+03  2.95E+01
    1810  7.43758260E-02  3.34400041E-05   4.81890022E-06  6.16205175E-06 -1.23372393E-13  3.11530679E-11  2.16045692E-04  6.28591156E-20  1.77686521E-03  1.22155875E-09   1.00000000E+00      216 |   0.00E+00  0.00E+00  3.27E+05  9.00E+00  4.27E+03  2.95E+01
    1815  7.45429937E-02  3.34238518E-05   4.81802808E-06  6.16218415E-06 -1.20540887E-13  3.12008821E-11  2.16031609E-04  2.51436463E-19  1.77687761E-03  1.22421659E-09   1.00000000E+00      216 |   0.00E+00  0.00E+00  3.16E+05  9.00E+00  4.41E+03  3.06E+01
    1820  7.47100807E-02  3.34077307E-05   4.81715938E-06  6.16231592E-06 -1.18356043E-13  3.12493625E-11  2.16017543E-04 -4.40013809E-19  1.77689001E-03  1.22677170E-09   1.00000000E+00      216 |   0.00E+00  0.00E+00  3.27E+05  9.00E+00  4.27E+03  2.96E+01
    1825  7.48770873E-02  3.33917190E-05   4.81629410E-06  6.16244710E-06 -1.20921499E-13  3.13136348E-11  2.16003493E-04 -6.28591156E-19  1.77690241E-03  1.22982762E-09   1.00000000E+00      216 |   0.00E+00  0.00E+00  3.26E+05  9.00E+00  4.29E+03  2.97E+01
    1830  7.50440139E-02  3.33757506E-05   4.81543223E-06  6.16257776E-06 -1.19278414E-13  3.13737771E-11  2.15989459E-04 -4.71443367E-19  1.77691483E-03  1.23268379E-09   1.00000000E+00      216 |   0.00E+00  0.00E+00  3.27E+05  9.00E+00  4.27E+03  2.96E+01
    1835  7.52108609E-02  3.33598686E-05   4.81457373E-06  6.16270797E-06 -1.15986034E-13  3.14089386E-11  2.15975441E-04 -4.40013809E-19  1.77692725E-03  1.23650012E-09   1.00000000E+00      216 |   0.00E+00  0.00E+00  3.27E+05  9.00E+00  4.28E+03  2.96E+01
    1840  7.53776285E-02  3.33440380E-05   4.81371860E-06  6.16283779E-06 -1.20153677E-13  3.14429703E-11  2.15961440E-04 -4.40013809E-19  1.77693968E-03  1.24065949E-09   1.00000000E+00      216 |   0.00E+00  0.00E+00  3.27E+05  9.00E+00  4.28E+03  2.96E+01
    1845  7.55443172E-02  3.33282882E-05   4.81286681E-06  6.16296727E-06 -1.24869062E-13  3.15018444E-11  2.15947454E-04 -3.45725136E-19  1.77695212E-03  1.24257513E-09   1.00000000E+00      216 |   0.00E+00  0.00E+00  3.27E+05  9.00E+00  4.28E+03  2.96E+01
    1850  7.57109272E-02  3.33125972E-05   4.81201834E-06  6.16309643E-06 -1.21061043E-13  3.15652993E-11  2.15933484E-04  2.82866020E-19  1.77696456E-03  1.24551907E-09   1.00000000E+00      216 |   0.00E+00  0.00E+00  3.15E+05  9.00E+00  4.45E+03  3.08E+01
    1855  7.58774589E-02  3.32969914E-05   4.81117317E-06  6.16322534E-06 -1.18874893E-13  3.16386892E-11  2.15919530E-04 -2.82866020E-19  1.77697701E-03  1.24859089E-09   1.00000000E+00      216 |   0.00E+00  0.00E+00  3.25E+05  9.00E+00  4.31E+03  2.98E+01
    1860  7.60439128E-02  3.32814352E-05   4.81033129E-06  6.16335402E-06 -1.15327013E-13  3.17080179E-11  2.15905591E-04 -5.97161598E-19  1.77698947E-03  1.25095718E-09   1.00000000E+00      216 |   0.00E+00  0.00E+00  3.26E+05  9.00E+00  4.29E+03  2.97E+01
    1865  7.62102889E-02  3.32659364E-05   4.80949267E-06  6.16348253E-06 -1.21111004E-13  3.17720435E-11  2.15891668E-04  1.57147789E-19  1.77700193E-03  1.25468974E-09   1.00000000E+00      216 |   0.00E+00  0.00E+00  3.27E+05  9.00E+00  4.29E+03  2.97E+01
    1870  7.63765877E-02  3.32504930E-05   4.80865730E-06  6.16361089E-06 -1.26284929E-13  3.18408568E-11  2.15877761E-04 -2.82866020E-19  1.77701440E-03  1.25797889E-09   1.00000000E+00      216 |   0.00E+00  0.00E+00  3.26E+05  9.00E+00  4.30E+03  2.98E+01
    1875  7.65428094E-02  3.32351122E-05   4.80782516E-06  6.16373912E-06 -1.25938627E-13  3.19090796E-11  2.15863869E-04 -9.42886734E-20  1.77702688E-03  1.26133808E-09   1.00000000E+00      216 |   0.00E+00  0.00E+00  3.26E+05  9.00E+00  4.30E+03  2.98E+01
    1880  7.67089543E-02  3.32198149E-05   4.80699623E-06  6.16386727E-06 -1.26964031E-13  3.19773662E-11  2.15849992E-04 -1.25718231E-19  1.77703937E-03  1.26376424E-09   1.00000000E+00      216 |   0.00E+00  0.00E+00  3.26E+05  9.00E+00  4.31E+03  2.99E+01
    1885  7.68750229E-02  3.32045791E-05   4.80617049E-06  6.16399534E-06 -1.22837995E-13  3.20396682E-11  2.15836130E-04 -6.28591156E-20  1.77705186E-03  1.26646099E-09   1.00000000E+00      216 |   0.00E+00  0.00E+00  3.13E+05  9.00E+00  4.49E+03  3.11E+01
    1890  7.70410154E-02  3.31894235E-05   4.80534792E-06  6.16412337E-06 -1.26156547E-13  3.20966043E-11  2.15822284E-04 -4.71443367E-19  1.77706436E-03  1.26958129E-09   1.00000000E+00      216 |   0.00E+00  0.00E+00  3.26E+05  9.00E+00  4.31E+03  2.98E+01
    1895  7.72069323E-02  3.31743140E-05   4.80452851E-06  6.16425137E-06 -1.26451573E-13  3.21488834E-11  2.15808452E-04 -2.82866020E-19  1.77707686E-03  1.27274311E-09   1.00000000E+00      216 |   0.00E+00  0.00E+00  3.22E+05  9.00E+00  4.36E+03  3.02E+01
    1900  7.73727738E-02  3.31592876E-05   4.80371223E-06  6.16437935E-06 -1.26899144E-13  3.22206344E-11  2.15794636E-04 -2.20006905E-19  1.77708938E-03  1.27589247E-09   1.00000000E+00      216 |   0.00E+00  0.00E+00  3.27E+05  9.00E+00  4.31E+03  2.98E+01
    1905  7.75385403E-02  3.31443122E-05   4.80289907E-06  6.16450730E-06 -1.21893038E-13  3.23332570E-11  2.15780834E-04 -4.08584252E-19  1.77710190E-03  1.27856906E-09   1.00000000E+00      216 |   0.00E+00  0.00E+00  3.26E+05  9.00E+00  4.32E+03  2.99E+01
    1910  7.77042320E-02  3.31294048E-05   4.80208902E-06  6.16463525E-06 -1.25919439E-13  3.24318636E-11  2.15767048E-04 -3.14295578E-19  1.77711442E-03  1.28120014E-09   1.00000000E+00      216 |   0.00E+00  0.00E+00  3.26E+05  9.00E+00  4.32E+03  2.99E+01
    1915  7.78698493E-02  3.31145420E-05   4.80128204E-06  6.16476319E-06 -1.23593750E-13  3.25154333E-11  2.15753276E-04 -1.88577347E-19  1.77712696E-03  1.28411899E-09   1.00000000E+00      216 |   0.00E+00  0.00E+00  3.27E+05  9.00E+00  4.31E+03  2.98E+01
    1920  7.80353924E-02  3.30997493E-05   4.80047813E-06  6.16489113E-06 -1.28618618E-13  3.25902401E-11  2.15739520E-04 -2.20006905E-19  1.77713950E-03  1.28729358E-09   1.00000000E+00      216 |   0.00E+00  0.00E+00  3.12E+05  9.00E+00  4.52E+03  3.13E+01
    1925  7.82008616E-02  3.30850041E-05   4.79967726E-06  6.16501906E-06 -1.25460752E-13  3.26627684E-11  2.15725779E-04 -9.42886734E-20  1.77715205E-03  1.28956859E-09   1.00000000E+00      216 |   0.00E+00  0.00E+00  3.22E+05  9.00E+00  4.38E+03  3.03E+01
    1930  7.83662573E-02  3.30703349E-05   4.79887943E-06  6.16514699E-06 -1.31052826E-13  3.27503153E-11  2.15712052E-04 -5.34302483E-19  1.77716461E-03  1.29278285E-09   1.00000000E+00      216 |   0.00E+00  0.00E+00  3.27E+05  9.00E+00  4.32E+03  2.99E+01
    1935  7.85315796E-02  3.30557010E-05   4.79808460E-06  6.16527488E-06 -1.30303142E-13  3.28141381E-11  2.15698341E-04 -3.77154694E-19  1.77717718E-03  1.29610163E-09   1.00000000E+00      216 |   0.00E+00  0.00E+00  3.25E+05  9.00E+00  4.34E+03  3.00E+01
    1940  7.86968290E-02  3.30411212E-05   4.79729278E-06  6.16540270E-06 -1.32472838E-13  3.28965569E-11  2.15684644E-04 -3.77154694E-19  1.77718975E-03  1.29889069E-09   1.00000000E+00      216 |   0.00E+00  0.00E+00  3.27E+05  9.00E+00  4.32E+03  2.99E+01
    1945  7.88620055E-02  3.30265979E-05   4.79650393E-06  6.16553043E-06 -1.33949903E-13  3.29893356E-11  2.15670962E-04 -9.42886734E-20  1.77720233E-03  1.30129645E-09   1.00000000E+00      216 |   0.00E+00  0.00E+00  3.26E+05  9.00E+00  4.34E+03  3.00E+01
    1950  7.90271095E-02  3.30121282E-05   4.79571804E-06  6.16565804E-06 -1.38529902E-13  3.30812218E-11  2.15657295E-04 -3.77154694E-19  1.77721493E-03  1.30419491E-09   1.00000000E+00      216 |   0.00E+00  0.00E+00  3.26E+05  9.00E+00  4.34E+03  3.00E+01
    1955  7.91921413E-02  3.29977089E-05   4.79493510E-06  6.16578552E-06 -1.42331746E-13  3.31829235E-11  2.15643642E-04  0.00000000E+00  1.77722753E-03  1.30707988E-09   1.00000000E+00      216 |   0.00E+00  0.00E+00  3.09E+05  9.00E+00  4.58E+03  3.17E+01
    1960  7.93571011E-02  3.29833406E-05   4.79415508E-06  6.16591283E-06 -1.39454152E-13  3.32774847E-11  2.15630004E-04 -3.77154694E-19  1.77724014E-03  1.31059888E-09   1.00000000E+00      216 |   0.00E+00  0.00E+00  3.27E+05  9.00E+00  4.33E+03  3.00E+01
    1965  7.95219892E-02  3.29690394E-05   4.79337798E-06  6.16603996E-06 -1.49439201E-13  3.33716594E-11  2.15616380E-04 -4.40013809E-19  1.77725275E-03  1.31296759E-09   1.00000000E+00      216 |   0.00E+00  0.00E+00  3.26E+05  9.00E+00  4.34E+03  3.00E+01
    1970  7.96868059E-02  3.29547934E-05   4.79260377E-06  6.16616686E-06 -1.47681191E-13  3.34553711E-11  2.15602771E-04 -1.25718231E-19  1.77726538E-03  1.31556172E-09   1.00000000E+00      216 |   0.00E+00  0.00E+00  3.27E+05  9.00E+00  4.33E+03  3.00E+01
    1975  7.98515514E-02  3.29406077E-05   4.79183243E-06  6.16629349E-06 -1.45232997E-13  3.35400545E-11  2.15589176E-04 -5.65732041E-19  1.77727802E-03  1.31790928E-09   1.00000000E+00      216 |   0.00E+00  0.00E+00  3.26E+05  9.00E+00  4.34E+03  3.01E+01
    1980  8.00000000E-02  3.29278647E-05   4.79113957E-06  6.16640738E-06 -1.56908177E-13  3.36089352E-11  2.15576933E-04  1.57147789E-19  1.77728942E-03  1.31998684E-09   1.00000000E+00      216 |   0.00E+00  0.00E+00  2.09E+04  9.00E+00  6.76E+04  4.68E+02
    1985  8.01646111E-02  3.29137907E-05   4.79037366E-06  6.16653340E-06 -1.43611530E-13  3.36934615E-11  2.15563364E-04 -9.42886734E-20  1.77730207E-03  1.32322045E-09   1.00000000E+00      216 |   0.00E+00  0.00E+00  3.25E+05  9.00E+00  4.36E+03  3.02E+01
    1990  8.03291520E-02  3.28997657E-05   4.78961058E-06  6.16665901E-06 -1.54070990E-13  3.37852622E-11  2.15549809E-04  3.14295578E-20  1.77731473E-03  1.32651249E-09   1.00000000E+00      216 |   0.00E+00  0.00E+00  3.13E+05  9.00E+00  4.53E+03  3.13E+01
    1995  8.04936229E-02  3.28858130E-05   4.78885031E-06  6.16678415E-06 -1.50432663E-13  3.38643571E-11  2.15536268E-04 -5.97161598E-19  1.77732741E-03  1.32938225E-09   1.00000000E+00      216 |   0.00E+00  0.00E+00  3.27E+05  9.00E+00  4.33E+03  3.00E+01
    2000  8.06580242E-02  3.28719104E-05   4.78809284E-06  6.16690878E-06 -1.52222221E-13  3.39330890E-11  2.15522740E-04 -3.14295578E-20  1.77734009E-03  1.33261336E-09   1.00000000E+00      216 |   0.00E+00  0.00E+00  3.27E+05  9.00E+00  4.34E+03  3.01E+01
    2005  8.08223560E-02  3.28580582E-05   4.78733815E-06  6.16703286E-06 -1.55612711E-13  3.40051891E-11  2.15509225E-04 -2.20006905E-19  1.77735279E-03  1.33518500E-09   1.00000000E+00      216 |   0.00E+00  0.00E+00  3.27E+05  9.00E+00  4.34E+03  3.01E+01
    2010  8.09866187E-02  3.28442779E-05   4.78658622E-06  6.16715632E-06 -1.58447764E-13  3.40725378E-11  2.15495724E-04 -6.28591156E-20  1.77736549E-03  1.33715691E-09   1.00000000E+00      216 |   0.00E+00  0.00E+00  3.27E+05  9.00E+00  4.35E+03  3.01E+01
    2015  8.11508126E-02  3.28305449E-05   4.78583704E-06  6.16727911E-06 -1.64053388E-13  3.41471893E-11  2.15482236E-04 -3.14295578E-20  1.77737821E-03  1.33909187E-09   1.00000000E+00      216 |   0.00E+00  0.00E+00  3.28E+05  9.00E+00  4.34E+03  3.00E+01
    2020  8.13149380E-02  3.28168704E-05   4.78509058E-06  6.16740116E-06 -1.64177455E-13  3.42336647E-11  2.15468761E-04  0.00000000E+00  1.77739093E-03  1.34183158E-09   1.00000000E+00      216 |   0.00E+00  0.00E+00  3.27E+05  9.00E+00  4.35E+03  3.01E+01
    2025  8.14789951E-02  3.28032577E-05   4.78434685E-06  6.16752241E-06 -1.78763990E-13  3.43329339E-11  2.15455298E-04  0.00000000E+00  1.77740367E-03  1.34445393E-09   1.00000000E+00      216 |   0.00E+00  0.00E+00  3.11E+05  9.00E+00  4.57E+03  3.16E+01
    2030  8.16429842E-02  3.27896718E-05   4.78360581E-06  6.16764282E-06 -1.74788476E-13  3.44144425E-11  2.15441847E-04 -1.25718231E-19  1.77741642E-03  1.34679332E-09   1.00000000E+00      216 |   0.00E+00  0.00E+00  3.21E+05  9.00E+00  4.44E+03  3.07E+01
    2035  8.18069055E-02  3.27761676E-05   4.78286746E-06  6.16776231E-06 -1.86960722E-13  3.44881527E-11  2.15428409E-04  2.51436463E-19  1.77742918E-03  1.34918513E-09   1.00000000E+00      216 |   0.00E+00  0.00E+00  3.27E+05  9.00E+00  4.36E+03  3.01E+01
    2040  8.19707593E-02  3.27626940E-05   4.78213177E-06  6.16788084E-06 -1.94508802E-13  3.45614375E-11  2.15414982E-04 -2.51436463E-19  1.77744195E-03  1.35078129E-09   1.00000000E+00      216 |   0.00E+00  0.00E+00  3.27E+05  9.00E+00  4.36E+03  3.02E+01
    2045  8.21345460E-02  3.27492799E-05   4.78139873E-06  6.16799833E-06 -1.94073042E-13  3.46158810E-11  2.15401568E-04 -4.71443367E-19  1.77745473E-03  1.35400990E-09   1.00000000E+00      216 |   0.00E+00  0.00E+00  3.24E+05  9.00E+00  4.40E+03  3.04E+01
    2050  8.22982657E-02  3.27359360E-05   4.78066833E-06  6.16811475E-06 -2.01785380E-13  3.46625832E-11  2.15388165E-04 -3.45725136E-19  1.77746752E-03  1.35670314E-09   1.00000000E+00      216 |   0.00E+00  0.00E+00  3.28E+05  9.00E+00  4.35E+03  3.01E+01
    2055  8.24619187E-02  3.27226208E-05   4.77994055E-06  6.16823002E-06 -2.00725585E-13  3.47296530E-11  2.15374773E-04  3.14295578E-20  1.77748033E-03  1.35973008E-09   1.00000000E+00      216 |   0.00E+00  0.00E+00  3.27E+05  9.00E+00  4.37E+03  3.02E+01
    2060  8.26255053E-02  3.27093633E-05   4.77921537E-06  6.16834410E-06 -2.04333688E-13  3.48154362E-11  2.15361393E-04 -6.28591156E-20  1.77749315E-03  1.36139686E-09   1.00000000E+00      216 |   0.00E+00  0.00E+00  3.11E+05  9.00E+00  4.59E+03  3.18E+01
    2065  8.27890257E-02  3.26961768E-05   4.77849278E-06  6.16845691E-06 -2.02517250E-13  3.48974771E-11  2.15348024E-04 -6.28591156E-20  1.77750598E-03  1.36391761E-09   1.00000000E+00      216 |   0.00E+00  0.00E+00  3.22E+05  9.00E+00  4.43E+03  3.07E+01
    2070  8.29524802E-02  3.26830212E-05   4.77777277E-06  6.16856841E-06 -2.00233000E-13  3.49693371E-11  2.15334665E-04 -7.54309388E-19  1.77751882E-03  1.36567863E-09   1.00000000E+00      216 |   0.00E+00  0.00E+00  3.27E+05  9.00E+00  4.37E+03  3.02E+01
    2075  8.31158691E-02  3.26699327E-05   4.77705531E-06  6.16867854E-06 -1.97330453E-13  3.50621989E-11  2.15321318E-04 -1.25718231E-19  1.77753167E-03  1.36733521E-09   1.00000000E+00      216 |   0.00E+00  0.00E+00  3.27E+05  9.00E+00  4.36E+03  3.02E+01
    2080  8.32791927E-02  3.26568899E-05   4.77634040E-06  6.16878722E-06 -1.91994504E-13  3.51375723E-11  2.15307981E-04 -9.42886734E-20  1.77754454E-03  1.36978743E-09   1.00000000E+00      216 |   0.00E+00  0.00E+00  3.28E+05  9.00E+00  4.36E+03  3.02E+01
    2085  8.34424511E-02  3.26438824E-05   4.77562801E-06  6.16889442E-06 -1.91094009E-13  3.52056153E-11  2.15294654E-04 -3.14295578E-20  1.77755742E-03  1.37101423E-09   1.00000000E+00      216 |   0.00E+00  0.00E+00  3.27E+05  9.00E+00  4.38E+03  3.03E+01
    2090  8.36056446E-02  3.26309388E-05   4.77491813E-06  6.16900006E-06 -1.83734973E-13  3.52757241E-11  2.15281337E-04  1.25718231E-19  1.77757032E-03  1.37401309E-09   1.00000000E+00      216 |   0.00E+00  0.00E+00  3.26E+05  9.00E+00  4.39E+03  3.04E+01
    2095  8.37687735E-02  3.26180398E-05   4.77421076E-06  6.16910408E-06 -1.78033815E-13  3.53462815E-11  2.15268030E-04  9.42886734E-20  1.77758322E-03  1.37658991E-09   1.00000000E+00      216 |   0.00E+00  0.00E+00  2.88E+05  9.00E+00  4.96E+03  3.43E+01
    2100  8.39318380E-02  3.26051954E-05   4.77350586E-06  6.16920643E-06 -1.70762560E-13  3.54318483E-11  2.15254732E-04  3.14295578E-20  1.77759614E-03  1.37872428E-09   1.00000000E+00      216 |   0.00E+00  0.00E+00  3.27E+05  9.00E+00  4.38E+03  3.03E+01
    2105  8.40948383E-02  3.25923733E-05   4.77280343E-06  6.16930704E-06 -1.65686877E-13  3.55241731E-11  2.15241443E-04 -2.51436463E-19  1.77760908E-03  1.38055038E-09   1.00000000E+00      216 |   0.00E+00  0.00E+00  3.27E+05  9.00E+00  4.37E+03  3.03E+01
    2110  8.42577746E-02  3.25796231E-05   4.77210345E-06  6.16940586E-06 -1.53400377E-13  3.56272923E-11  2.15228164E-04 -1.57147789E-19  1.77762202E-03  1.38223710E-09   1.00000000E+00      216 |   0.00E+00  0.00E+00  3.26E+05  9.00E+00  4.39E+03  3.04E+01
    2115  8.44206473E-02  3.25669138E-05   4.77140592E-06  6.16950284E-06 -1.40776004E-13  3.57133096E-11  2.15214893E-04 -4.08584252E-19  1.77763498E-03  1.38496757E-09   1.00000000E+00      216 |   0.00E+00  0.00E+00  3.27E+05  9.00E+00  4.38E+03  3.03E+01
    2120  8.45834565E-02  3.25542407E-05   4.77071080E-06  6.16959792E-06 -1.38632037E-13  3.58074390E-11  2.15201630E-04 -5.97161598E-19  1.77764796E-03  1.38714960E-09   1.00000000E+00      216 |   0.00E+00  0.00E+00  3.27E+05  9.00E+00  4.38E+03  3.03E+01
    2125  8.47462025E-02  3.25416197E-05   4.77001809E-06  6.16969105E-06 -1.27878213E-13  3.59120462E-11  2.15188376E-04 -2.82866020E-19  1.77766095E-03  1.38941274E-09   1.00000000E+00      216 |   0.00E+00  0.00E+00  3.27E+05  9.00E+00  4.39E+03  3.04E+01
    2130  8.49088854E-02  3.25290368E-05   4.76932778E-06  6.16978217E-06 -1.18400306E-13  3.60264435E-11  2.15175129E-04 -5.02872925E-19  1.77767395E-03  1.39090814E-09   1.00000000E+00      216 |   0.00E+00  0.00E+00  3.13E+05  9.00E+00  4.58E+03  3.17E+01
    2135  8.50715055E-02  3.25165118E-05   4.76863984E-06  6.16987121E-06 -1.14048736E-13  3.61483221E-11  2.15161890E-04  3.14295578E-20  1.77768696E-03  1.39307885E-09   1.00000000E+00      216 |   0.00E+00  0.00E+00  3.27E+05  9.00E+00  4.39E+03  3.04E+01
    2140  8.52340631E-02  3.25040264E-05   4.76795427E-06  6.16995813E-06 -1.07521736E-13  3.62604505E-11  2.15148659E-04 -4.08584252E-19  1.77769999E-03  1.39510367E-09   1.00000000E+00      216 |   0.00E+00  0.00E+00  3.26E+05  9.00E+00  4.41E+03  3.05E+01
    2145  8.53965583E-02  3.24915920E-05   4.76727105E-06  6.17004286E-06 -9.73057392E-14  3.63697652E-11  2.15135434E-04 -2.82866020E-19  1.77771304E-03  1.39825683E-09   1.00000000E+00      216 |   0.00E+00  0.00E+00  3.27E+05  9.00E+00  4.39E+03  3.03E+01
    2150  8.55589915E-02  3.24792004E-05   4.76659017E-06  6.17012532E-06 -9.64391952E-14  3.64811632E-11  2.15122216E-04 -3.45725136E-19  1.77772609E-03  1.40097935E-09   1.00000000E+00      216 |   0.00E+00  0.00E+00  3.28E+05  9.00E+00  4.39E+03  3.04E+01
    2155  8.57213627E-02  3.24668395E-05   4.76591161E-06  6.17020548E-06 -9.07722608E-14  3.66052607E-11  2.15109005E-04 -2.82866020E-19  1.77773916E-03  1.40314587E-09   1.00000000E+00      216 |   0.00E+00  0.00E+00  3.27E+05  9.00E+00  4.39E+03  3.04E+01
    2160  8.58836723E-02  3.24545455E-05   4.76523535E-06  6.17028329E-06 -8.51892812E-14  3.67318730E-11  2.15095800E-04 -2.20006905E-19  1.77775225E-03  1.40488370E-09   1.00000000E+00      216 |   0.00E+00  0.00E+00  3.27E+05  9.00E+00  4.39E+03  3.04E+01
    2165  8.60459205E-02  3.24422747E-05   4.76456139E-06  6.17035872E-06 -8.09903225E-14  3.68505200E-11  2.15082601E-04 -3.14295578E-19  1.77776535E-03  1.40716113E-09   1.00000000E+00      216 |   0.00E+00  0.00E+00  3.11E+05  9.00E+00  4.63E+03  3.20E+01
    2170  8.62081074E-02  3.24300755E-05   4.76388971E-06  6.17043171E-06 -7.45187057E-14  3.69601619E-11  2.15069407E-04  1.57147789E-19  1.77777846E-03  1.40932614E-09   1.00000000E+00      216 |   0.00E+00  0.00E+00  3.27E+05  9.00E+00  4.40E+03  3.04E+01
    2175  8.63702335E-02  3.24179235E-05   4.76322030E-06  6.17050221E-06 -7.26224983E-14  3.70613127E-11  2.15056219E-04 -6.28591156E-20  1.77779159E-03  1.41103911E-09   1.00000000E+00      216 |   0.00E+00  0.00E+00  3.27E+05  9.00E+00  4.40E+03  3.05E+01
    2180  8.65322989E-02  3.24058046E-05   4.76255314E-06  6.17057020E-06 -6.33794293E-14  3.71636158E-11  2.15043036E-04  3.14295578E-20  1.77780473E-03  1.41384808E-09   1.00000000E+00      216 |   0.00E+00  0.00E+00  3.27E+05  9.00E+00  4.41E+03  3.05E+01
    2185  8.66943037E-02  3.23937191E-05   4.76188821E-06  6.17063567E-06 -6.54213298E-14  3.72870093E-11  2.15029858E-04 -1.57147789E-19  1.77781789E-03  1.41588706E-09   1.00000000E+00      216 |   0.00E+00  0.00E+00  3.26E+05  9.00E+00  4.41E+03  3.05E+01
    2190  8.68562482E-02  3.23816722E-05   4.76122551E-06  6.17069859E-06 -5.39680839E-14  3.74136588E-11  2.15016685E-04 -6.28591156E-20  1.77783106E-03  1.41936824E-09   1.00000000E+00      216 |   0.00E+00  0.00E+00  3.27E+05  9.00E+00  4.41E+03  3.05E+01
    2195  8.70181325E-02  3.23696644E-05   4.76056502E-06  6.17075895E-06 -5.72591958E-14  3.75410720E-11  2.15003516E-04 -1.88577347E-19  1.77784424E-03  1.42191385E-09   1.00000000E+00      216 |   0.00E+00  0.00E+00  3.25E+05  9.00E+00  4.43E+03  3.07E+01
    2200  8.71799569E-02  3.23577000E-05   4.75990673E-06  6.17081674E-06 -4.56793890E-14  3.76656425E-11  2.14990351E-04 -3.77154694E-19  1.77785744E-03  1.42448544E-09   1.00000000E+00      216 |   0.00E+00  0.00E+00  3.16E+05  9.00E+00  4.57E+03  3.16E+01
    2205  8.73417215E-02  3.23457790E-05   4.75925062E-06  6.17087193E-06 -4.52069270E-14  3.77770957E-11  2.14977190E-04  3.14295578E-20  1.77787065E-03  1.42722159E-09   1.00000000E+00      216 |   0.00E+00  0.00E+00  3.26E+05  9.00E+00  4.43E+03  3.06E+01
    2210  8.75034267E-02  3.23338970E-05   4.75859669E-06  6.17092451E-06 -3.85608416E-14  3.78838443E-11  2.14964034E-04 -1.57147789E-19  1.77788388E-03  1.42893708E-09   1.00000000E+00      216 |   0.00E+00  0.00E+00  3.27E+05  9.00E+00  4.41E+03  3.05E+01
    2215  8.76650724E-02  3.23220528E-05   4.75794491E-06  6.17097446E-06 -3.50775734E-14  3.79929354E-11  2.14950880E-04 -1.25718231E-19  1.77789712E-03  1.43027151E-09   1.00000000E+00      216 |   0.00E+00  0.00E+00  3.27E+05  9.00E+00  4.42E+03  3.06E+01
    2220  8.78266591E-02  3.23102595E-05   4.75729527E-06  6.17102176E-06 -3.38613431E-14  3.81127739E-11  2.14937730E-04 -5.02872925E-19  1.77791037E-03  1.43248147E-09   1.00000000E+00      216 |   0.00E+00  0.00E+00  3.26E+05  9.00E+00  4.43E+03  3.06E+01
    2225  8.79881869E-02  3.22985094E-05   4.75664776E-06  6.17106639E-06 -2.39930516E-14  3.82015194E-11  2.14924583E-04 -1.25718231E-19  1.77792364E-03  1.43458530E-09   1.00000000E+00      216 |   0.00E+00  0.00E+00  3.27E+05  9.00E+00  4.42E+03  3.06E+01
    2230  8.81496560E-02  3.22867981E-05   4.75600238E-06  6.17110833E-06 -1.97420800E-14  3.83024525E-11  2.14911439E-04 -2.51436463E-19  1.77793692E-03  1.43746732E-09   1.00000000E+00      216 |   0.00E+00  0.00E+00  3.27E+05  9.00E+00  4.42E+03  3.06E+01
    2235  8.83110666E-02  3.22751428E-05   4.75535909E-06  6.17114758E-06 -2.16605452E-14  3.84004481E-11  2.14898298E-04 -1.25718231E-19  1.77795022E-03  1.44014409E-09   1.00000000E+00      216 |   0.00E+00  0.00E+00  3.16E+05  9.00E+00  4.57E+03  3.16E+01
    2240  8.84724191E-02  3.22635093E-05   4.75471790E-06  6.17118414E-06 -1.62171856E-14  3.85035488E-11  2.14885159E-04 -2.82866020E-19  1.77796353E-03  1.44275095E-09   1.00000000E+00      216 |   0.00E+00  0.00E+00  3.22E+05  9.00E+00  4.50E+03  3.11E+01
    2245  8.86337134E-02  3.22519418E-05   4.75407879E-06  6.17121801E-06 -1.80567915E-14  3.86023860E-11  2.14872023E-04 -3.45725136E-19  1.77797685E-03  1.44548189E-09   1.00000000E+00      216 |   0.00E+00  0.00E+00  3.27E+05  9.00E+00  4.42E+03  3.06E+01
    2250  8.87949501E-02  3.22404033E-05   4.75344174E-06  6.17124919E-06 -1.34842333E-14  3.86906831E-11  2.14858889E-04 -9.42886734E-20  1.77799019E-03  1.44752408E-09   1.00000000E+00      216 |   0.00E+00  0.00E+00  3.26E+05  9.00E+00  4.44E+03  3.07E+01
    2255  8.89561291E-02  3.22289056E-05   4.75280675E-06  6.17127767E-06 -1.27602758E-14  3.87688403E-11  2.14845757E-04 -1.57147789E-19  1.77800354E-03  1.44982493E-09   1.00000000E+00      216 |   0.00E+00  0.00E+00  3.27E+05  9.00E+00  4.43E+03  3.06E+01
    2260  8.91172507E-02  3.22174681E-05   4.75217379E-06  6.17130347E-06 -6.24908870E-15  3.88729390E-11  2.14832627E-04 -1.25718231E-19  1.77801691E-03  1.45103787E-09   1.00000000E+00      216 |   0.00E+00  0.00E+00  3.27E+05  9.00E+00  4.43E+03  3.07E+01
    2265  8.92783152E-02  3.22060616E-05   4.75154287E-06  6.17132661E-06 -8.78045268E-15  3.89763810E-11  2.14819498E-04 -3.14295578E-19  1.77803028E-03  1.45372535E-09   1.00000000E+00      216 |   0.00E+00  0.00E+00  3.27E+05  9.00E+00  4.43E+03  3.07E+01
    2270  8.94393227E-02  3.21946704E-05   4.75091396E-06  6.17134709E-06 -6.64663796E-15  3.90666137E-11  2.14806371E-04 -1.25718231E-19  1.77804368E-03  1.45600660E-09   1.00000000E+00      216 |   0.00E+00  0.00E+00  3.15E+05  9.00E+00  4.61E+03  3.19E+01
    2275  8.96002734E-02  3.21833378E-05   4.75028705E-06  6.17136493E-06 -5.53018432E-15  3.91415025E-11  2.14793245E-04 -2.51436463E-19  1.77805708E-03  1.45781088E-09   1.00000000E+00      216 |   0.00E+00  0.00E+00  3.26E+05  9.00E+00  4.45E+03  3.08E+01
    2280  8.97611675E-02  3.21720536E-05   4.74966214E-06  6.17138014E-06 -2.74216226E-15  3.92102395E-11  2.14780120E-04 -2.51436463E-19  1.77807050E-03  1.46033181E-09   1.00000000E+00      216 |   0.00E+00  0.00E+00  3.27E+05  9.00E+00  4.44E+03  3.07E+01
    2285  8.99220053E-02  3.21607971E-05   4.74903921E-06  6.17139275E-06  3.40690936E-15  3.92728599E-11  2.14766996E-04 -2.82866020E-19  1.77808393E-03  1.46230983E-09   1.00000000E+00      216 |   0.00E+00  0.00E+00  3.26E+05  9.00E+00  4.45E+03  3.08E+01
    2290  9.00643085E-02  3.21508835E-05   4.74848952E-06  6.17140176E-06  7.17779974E-15  3.93437816E-11  2.14755381E-04 -1.88577347E-19  1.77809583E-03  1.46468082E-09   1.00000000E+00      216 |   0.00E+00  0.00E+00  3.27E+05  9.00E+00  4.44E+03  3.07E+01
    2295  9.02250405E-02  3.21397093E-05   4.74787028E-06  6.17140952E-06  1.33889338E-14  3.94134350E-11  2.14742259E-04 -4.71443367E-19  1.77810928E-03  1.46674068E-09   1.00000000E+00      216 |   0.00E+00  0.00E+00  3.26E+05  9.00E+00  4.45E+03  3.08E+01
    2300  9.03857168E-02  3.21286034E-05   4.74725299E-06  6.17141473E-06  1.54446990E-14  3.94960836E-11  2.14729137E-04 -4.40013809E-19  1.77812275E-03  1.46789957E-09   1.00000000E+00      216 |   0.00E+00  0.00E+00  3.27E+05  9.00E+00  4.44E+03  3.07E+01
    2305  9.05463377E-02  3.21175098E-05   4.74663763E-06  6.17141744E-06  2.33931818E-14  3.95833522E-11  2.14716015E-04 -1.88577347E-19  1.77813623E-03  1.47026654E-09   1.00000000E+00      216 |   0.00E+00  0.00E+00  3.11E+05  9.00E+00  4.66E+03  3.23E+01
    2310  9.07069031E-02  3.21064585E-05   4.74602419E-06  6.17141765E-06  2.73524648E-14  3.96565127E-11  2.14702893E-04 -3.77154694E-19  1.77814972E-03  1.47177617E-09   1.00000000E+00      216 |   0.00E+00  0.00E+00  3.26E+05  9.00E+00  4.45E+03  3.08E+01
    2315  9.08674133E-02  3.20954488E-05   4.74541266E-06  6.17141539E-06  3.78386207E-14  3.97225592E-11  2.14689771E-04 -4.71443367E-19  1.77816322E-03  1.47474300E-09   1.00000000E+00      216 |   0.00E+00  0.00E+00  3.27E+05  9.00E+00  4.45E+03  3.08E+01
    2320  9.10278686E-02  3.20844709E-05   4.74480303E-06  6.17141071E-06  4.13569986E-14  3.97934798E-11  2.14676650E-04  0.00000000E+00  1.77817674E-03  1.47742287E-09   1.00000000E+00      216 |   0.00E+00  0.00E+00  3.26E+05  9.00E+00  4.46E+03  3.09E+01
    2325  9.11882691E-02  3.20735208E-05   4.74419529E-06  6.17140364E-06  5.28522659E-14  3.98563545E-11  2.14663528E-04 -4.40013809E-19  1.77819027E-03  1.47904141E-09   1.00000000E+00      216 |   0.00E+00  0.00E+00  3.27E+05  9.00E+00  4.45E+03  3.08E+01
    2330  9.13486148E-02  3.20625943E-05   4.74358942E-06  6.17139419E-06  5.79308541E-14  3.99322887E-11  2.14650407E-04 -2.51436463E-19  1.77820381E-03  1.48040829E-09   1.00000000E+00      216 |   0.00E+00  0.00E+00  3.27E+05  9.00E+00  4.45E+03  3.08E+01
    2335  9.15089060E-02  3.20516976E-05   4.74298542E-06  6.17138243E-06  6.49189447E-14  3.99926440E-11  2.14637285E-04 -5.97161598E-19  1.77821736E-03  1.48249682E-09   1.00000000E+00      216 |   0.00E+00  0.00E+00  3.21E+05  9.00E+00  4.54E+03  3.14E+01
    2340  9.16691427E-02  3.20408416E-05   4.74238327E-06  6.17136837E-06  7.15837319E-14  4.00478683E-11  2.14624162E-04 -4.71443367E-19  1.77823092E-03  1.48461004E-09   1.00000000E+00      216 |   0.00E+00  0.00E+00  3.13E+05  9.00E+00  4.65E+03  3.22E+01
    2345  9.18293253E-02  3.20300212E-05   4.74178297E-06  6.17135208E-06  7.90838991E-14  4.01024857E-11  2.14611040E-04 -3.77154694E-19  1.77824450E-03  1.48660210E-09   1.00000000E+00      216 |   0.00E+00  0.00E+00  3.26E+05  9.00E+00  4.47E+03  3.09E+01
    2350  9.19894538E-02  3.20192407E-05   4.74118449E-06  6.17133358E-06  8.36294880E-14  4.01567656E-11  2.14597917E-04 -2.20006905E-19  1.77825808E-03  1.48840325E-09   1.00000000E+00      216 |   0.00E+00  0.00E+00  3.26E+05  9.00E+00  4.47E+03  3.09E+01
    2355  9.21495285E-02  3.20085040E-05   4.74058784E-06  6.17131293E-06  8.66437763E-14  4.02311323E-11  2.14584793E-04 -3.45725136E-19  1.77827168E-03  1.49076177E-09   1.00000000E+00      216 |   0.00E+00  0.00E+00  3.27E+05  9.00E+00  4.46E+03  3.08E+01
    2360  9.23095496E-02  3.19977957E-05   4.73999299E-06  6.17129017E-06  8.91276299E-14  4.03056057E-11  2.14571669E-04 -1.88577347E-19  1.77828529E-03  1.49388146E-09   1.00000000E+00      216 |   0.00E+00  0.00E+00  3.23E+05  9.00E+00  4.52E+03  3.12E+01
    2365  9.24695173E-02  3.19871456E-05   4.73939995E-06  6.17126535E-06  9.68205043E-14  4.03738790E-11  2.14558544E-04 -4.08584252E-19  1.77829891E-03  1.49566239E-09   1.00000000E+00      216 |   0.00E+00  0.00E+00  3.22E+05  9.00E+00  4.53E+03  3.13E+01
    2370  9.26294317E-02  3.19765252E-05   4.73880869E-06  6.17123850E-06  9.24208112E-14  4.04387289E-11  2.14545418E-04 -1.88577347E-19  1.77831253E-03  1.49748778E-09   1.00000000E+00      216 |   0.00E+00  0.00E+00  3.27E+05  9.00E+00  4.46E+03  3.09E+01
    2375  9.27892932E-02  3.19659550E-05   4.73821921E-06  6.17120969E-06  9.76620145E-14  4.05111353E-11  2.14532292E-04 -6.28591156E-20  1.77832617E-03  1.49870197E-09   1.00000000E+00      216 |   0.00E+00  0.00E+00  3.12E+05  9.00E+00  4.68E+03  3.23E+01
    2380  9.29491019E-02  3.19554238E-05   4.73763149E-06  6.17117896E-06  9.68121726E-14  4.05572929E-11  2.14519164E-04 -3.14295578E-19  1.77833982E-03  1.50042348E-09   1.00000000E+00      216 |   0.00E+00  0.00E+00  3.26E+05  9.00E+00  4.48E+03  3.10E+01
    2385  9.31088580E-02  3.19449360E-05   4.73704553E-06  6.17114637E-06  1.01929256E-13  4.06286219E-11  2.14506037E-04 -3.77154694E-19  1.77835348E-03  1.50288558E-09   1.00000000E+00      216 |   0.00E+00  0.00E+00  3.25E+05  9.00E+00  4.49E+03  3.11E+01
    2390  9.32685619E-02  3.19345094E-05   4.73646132E-06  6.17111197E-06  9.84461424E-14  4.06855171E-11  2.14492908E-04 -3.14295578E-20  1.77836715E-03  1.50476685E-09   1.00000000E+00      216 |   0.00E+00  0.00E+00  3.27E+05  9.00E+00  4.47E+03  3.09E+01
    2395  9.34282135E-02  3.19240801E-05   4.73587884E-06  6.17107582E-06  1.00335714E-13  4.07436847E-11  2.14479779E-04 -2.51436463E-19  1.77838083E-03  1.50657141E-09   1.00000000E+00      216 |   0.00E+00  0.00E+00  3.26E+05  9.00E+00  4.48E+03  3.10E+01
    2400  9.35878132E-02  3.19137078E-05   4.73529809E-06  6.17103796E-06  9.60073268E-14  4.07951383E-11  2.14466650E-04  9.42886734E-20  1.77839452E-03  1.50835334E-09   1.00000000E+00      216 |   0.00E+00  0.00E+00  3.26E+05  9.00E+00  4.48E+03  3.10E+01
    2405  9.37473611E-02  3.19034053E-05   4.73471905E-06  6.17099845E-06  1.00151650E-13  4.08425882E-11  2.14453519E-04 -1.88577347E-19  1.77840822E-03  1.51020651E-09   1.00000000E+00      216 |   0.00E+00  0.00E+00  3.27E+05  9.00E+00  4.47E+03  3.10E+01
    2410  9.39068575E-02  3.18930868E-05   4.73414172E-06  6.17095735E-06  9.25246203E-14  4.09129292E-11  2.14440388E-04 -3.14295578E-19  1.77842193E-03  1.51246404E-09   1.00000000E+00      216 |   0.00E+00  0.00E+00  3.10E+05  9.00E+00  4.71E+03  3.26E+01
    2415  9.40663024E-02  3.18828246E-05   4.73356608E-06  6.17091471E-06  8.99809124E-14  4.09747049E-11  2.14427257E-04 -3.45725136E-19  1.77843565E-03  1.51385053E-09   1.00000000E+00      216 |   0.00E+00  0.00E+00  3.26E+05  9.00E+00  4.48E+03  3.10E+01
    2420  9.42256961E-02  3.18726132E-05   4.73299213E-06  6.17087058E-06  8.60041804E-14  4.10569850E-11  2.14414125E-04 -4.71443367E-19  1.77844937E-03  1.51521998E-09   1.00000000E+00      216 |   0.00E+00  0.00E+00  3.26E+05  9.00E+00  4.50E+03  3.11E+01
    2425  9.43850387E-02  3.18624225E-05   4.73241985E-06  6.17082501E-06  8.09897694E-14  4.11224551E-11  2.14400992E-04 -1.88577347E-19  1.77846311E-03  1.51651422E-09   1.00000000E+00      216 |   0.00E+00  0.00E+00  3.27E+05  9.00E+00  4.48E+03  3.10E+01
    2430  9.45443305E-02  3.18522668E-05   4.73184924E-06  6.17077806E-06  8.14123735E-14  4.11669343E-11  2.14387859E-04 -4.08584252E-19  1.77847685E-03  1.51785913E-09   1.00000000E+00      216 |   0.00E+00  0.00E+00  3.27E+05  9.00E+00  4.48E+03  3.10E+01
    2435  9.47035716E-02  3.18421518E-05   4.73128028E-06  6.17072978E-06  7.22470945E-14  4.12082017E-11  2.14374725E-04  0.00000000E+00  1.77849061E-03  1.52048333E-09   1.00000000E+00      216 |   0.00E+00  0.00E+00  3.27E+05  9.00E+00  4.48E+03  3.10E+01
    2440  9.48627622E-02  3.18320780E-05   4.73071297E-06  6.17068023E-06  7.32588512E-14  4.12535937E-11  2.14361592E-04  0.00000000E+00  1.77850437E-03  1.52183771E-09   1.00000000E+00      216 |   0.00E+00  0.00E+00  3.27E+05  9.00E+00  4.48E+03  3.10E+01
    2445  9.50219025E-02  3.18220413E-05   4.73014730E-06  6.17062944E-06  6.73185913E-14  4.12847689E-11  2.14348457E-04  3.14295578E-20  1.77851814E-03  1.52378661E-09   1.00000000E+00      216 |   0.00E+00  0.00E+00  3.16E+05  9.00E+00  4.64E+03  3.21E+01
    2450  9.51809927E-02  3.18120431E-05   4.72958325E-06  6.17057747E-06  6.43770428E-14  4.13133282E-11  2.14335323E-04  1.88577347E-19  1.77853192E-03  1.52581566E-09   1.00000000E+00      216 |   0.00E+00  0.00E+00  3.23E+05  9.00E+00  4.55E+03  3.14E+01
    2455  9.53400330E-02  3.18020799E-05   4.72902083E-06  6.17052435E-06  5.63254983E-14  4.13583942E-11  2.14322188E-04 -3.45725136E-19  1.77854571E-03  1.52694276E-09   1.00000000E+00      216 |   0.00E+00  0.00E+00  3.26E+05  9.00E+00  4.50E+03  3.11E+01
    2460  9.54990235E-02  3.17921473E-05   4.72846001E-06  6.17047014E-06  5.73915578E-14  4.14199394E-11  2.14309053E-04 -2.51436463E-19  1.77855950E-03  1.52808728E-09   1.00000000E+00      216 |   0.00E+00  0.00E+00  3.27E+05  9.00E+00  4.49E+03  3.11E+01
    2465  9.56579644E-02  3.17822441E-05   4.72790079E-06  6.17041489E-06  4.96442633E-14  4.14769795E-11  2.14295918E-04 -1.88577347E-19  1.77857331E-03  1.52953244E-09   1.00000000E+00      216 |   0.00E+00  0.00E+00  3.24E+05  9.00E+00  4.53E+03  3.13E+01
    2470  9.58168559E-02  3.17723775E-05   4.72734316E-06  6.17035865E-06  4.53875505E-14  4.15125220E-11  2.14282782E-04  1.25718231E-19  1.77858712E-03  1.53156709E-09   1.00000000E+00      216 |   0.00E+00  0.00E+00  3.26E+05  9.00E+00  4.50E+03  3.11E+01
    2475  9.59756981E-02  3.17625483E-05   4.72678711E-06  6.17030147E-06  4.03352057E-14  4.15420486E-11  2.14269647E-04 -1.57147789E-19  1.77860094E-03  1.53344025E-09   1.00000000E+00      216 |   0.00E+00  0.00E+00  3.25E+05  9.00E+00  4.52E+03  3.13E+01
    2480  9.61344912E-02  3.17527470E-05   4.72623264E-06  6.17024341E-06  3.83752153E-14  4.15795634E-11  2.14256511E-04 -4.71443367E-19  1.77861477E-03  1.53549648E-09   1.00000000E+00      216 |   0.00E+00  0.00E+00  3.10E+05  9.00E+00  4.74E+03  3.28E+01
    2485  9.62932354E-02  3.17429804E-05   4.72567973E-06  6.17018448E-06  4.07580116E-14  4.16105102E-11  2.14243376E-04 -7.22879830E-19  1.77862860E-03  1.53744991E-09   1.00000000E+00      216 |   0.00E+00  0.00E+00  3.25E+05  9.00E+00  4.53E+03  3.13E+01
    2490  9.64519308E-02  3.17332419E-05   4.72512838E-06  6.17012474E-06  4.30443202E-14  4.16395829E-11  2.14230241E-04 -1.88577347E-19  1.77864245E-03  1.53915794E-09   1.00000000E+00      216 |   0.00E+00  0.00E+00  3.26E+05  9.00E+00  4.51E+03  3.12E+01
    2495  9.66105777E-02  3.17235500E-05   4.72457858E-06  6.17006423E-06  4.84934869E-14  4.16399410E-11  2.14217106E-04 -9.42886734E-20  1.77865630E-03  1.54052501E-09   1.00000000E+00      216 |   0.00E+00  0.00E+00  3.27E+05  9.00E+00  4.50E+03  3.11E+01
    2500  9.67691760E-02  3.17138916E-05   4.72403031E-06  6.17000299E-06  6.01361889E-14  4.16465004E-11  2.14203972E-04 -5.02872925E-19  1.77867016E-03  1.54243691E-09   1.00000000E+00      216 |   0.00E+00  0.00E+00  3.25E+05  9.00E+00  4.52E+03  3.13E+01
    2505  9.69277262E-02  3.17042605E-05   4.72348357E-06  6.16994108E-06  7.47561935E-14  4.16743191E-11  2.14190838E-04 -5.34302483E-19  1.77868402E-03  1.54485522E-09   1.00000000E+00      216 |   0.00E+00  0.00E+00  3.22E+05  9.00E+00  4.57E+03  3.16E+01
    2510  9.70862283E-02  3.16946304E-05   4.72293835E-06  6.16987853E-06  9.12881669E-14  4.17064349E-11  2.14177704E-04 -3.14295578E-19  1.77869789E-03  1.54652880E-09   1.00000000E+00      216 |   0.00E+00  0.00E+00  3.26E+05  9.00E+00  4.52E+03  3.12E+01
    2515  9.72446823E-02  3.16850389E-05   4.72239465E-06  6.16981541E-06  1.13606294E-13  4.17459323E-11  2.14164571E-04 -5.97161598E-19  1.77871177E-03  1.54923742E-09   1.00000000E+00      216 |   0.00E+00  0.00E+00  3.08E+05  9.00E+00  4.78E+03  3.31E+01
    2520  9.74030883E-02  3.16754840E-05   4.72185245E-06  6.16975175E-06  1.32252405E-13  4.17920633E-11  2.14151439E-04 -1.25718231E-19  1.77872566E-03  1.55092348E-09   1.00000000E+00      216 |   0.00E+00  0.00E+00  3.27E+05  9.00E+00  4.50E+03  3.12E+01
    2525  9.75614467E-02  3.16659625E-05   4.72131175E-06  6.16968759E-06  1.56411412E-13  4.18239338E-11  2.14138307E-04 -2.51436463E-19  1.77873955E-03  1.55323519E-09   1.00000000E+00      216 |   0.00E+00  0.00E+00  3.27E+05  9.00E+00  4.51E+03  3.12E+01
    2530  9.77197575E-02  3.16564719E-05   4.72077253E-06  6.16962298E-06  1.81883405E-13  4.18359365E-11  2.14125176E-04 -4.71443367E-19  1.77875346E-03  1.55545030E-09   1.00000000E+00      216 |   0.00E+00  0.00E+00  3.25E+05  9.00E+00  4.53E+03  3.14E+01
    2535  9.78780210E-02  3.16470454E-05   4.72023480E-06  6.16955793E-06  2.08069797E-13  4.18605815E-11  2.14112046E-04  9.42886734E-20  1.77876736E-03  1.55785387E-09   1.00000000E+00      216 |   0.00E+00  0.00E+00  3.27E+05  9.00E+00  4.51E+03  3.12E+01
    2540  9.80362374E-02  3.16376255E-05   4.71969854E-06  6.16949250E-06  2.30614417E-13  4.18802341E-11  2.14098916E-04 -3.14295578E-19  1.77878128E-03  1.55979185E-09   1.00000000E+00      216 |   0.00E+00  0.00E+00  2.99E+05  9.00E+00  4.94E+03  3.42E+01
    2545  9.81944067E-02  3.16282262E-05   4.71916374E-06  6.16942673E-06  2.55738999E-13  4.19137061E-11  2.14085789E-04 -5.97161598E-19  1.77879520E-03  1.56204436E-09   1.00000000E+00      216 |   0.00E+00  0.00E+00  3.27E+05  9.00E+00  4.52E+03  3.12E+01
    2550  9.83525291E-02  3.16188793E-05   4.71863039E-06  6.16936064E-06  2.69744149E-13  4.19598305E-11  2.14072662E-04 -2.51436463E-19  1.77880913E-03  1.56423031E-09   1.00000000E+00      216 |   0.00E+00  0.00E+00  3.12E+05  9.00E+00  4.73E+03  3.27E+01
    2555  9.85106049E-02  3.16095701E-05   4.71809850E-06  6.16929428E-06  2.95772064E-13  4.20000966E-11  2.14059537E-04 -3.14295578E-20  1.77882306E-03  1.56671263E-09   1.00000000E+00      216 |   0.00E+00  0.00E+00  3.26E+05  9.00E+00  4.53E+03  3.13E+01
    2560  9.86686341E-02  3.16002751E-05   4.71756804E-06  6.16922767E-06  3.12320394E-13  4.20393569E-11  2.14046413E-04 -1.25718231E-19  1.77883701E-03  1.56920189E-09   1.00000000E+00      216 |   0.00E+00  0.00E+00  3.26E+05  9.00E+00  4.53E+03  3.13E+01
    2565  9.88266170E-02  3.15910153E-05   4.71703902E-06  6.16916085E-06  3.26821832E-13  4.20924775E-11  2.14033291E-04  0.00000000E+00  1.77885095E-03  1.57140258E-09   1.00000000E+00      216 |   0.00E+00  0.00E+00  3.26E+05  9.00E+00  4.53E+03  3.13E+01
    2570  9.89845536E-02  3.15817892E-05   4.71651142E-06  6.16909385E-06  3.35674074E-13  4.21476376E-11  2.14020170E-04 -3.45725136E-19  1.77886491E-03  1.57407852E-09   1.00000000E+00      216 |   0.00E+00  0.00E+00  3.27E+05  9.00E+00  4.52E+03  3.13E+01
    2575  9.91424441E-02  3.15725944E-05   4.71598524E-06  6.16902670E-06  3.39032588E-13  4.21928752E-11  2.14007051E-04 -3.14295578E-19  1.77887887E-03  1.57579700E-09   1.00000000E+00      216 |   0.00E+00  0.00E+00  3.26E+05  9.00E+00  4.53E+03  3.13E+01
    2580  9.93002888E-02  3.15634355E-05   4.71546046E-06  6.16895944E-06  3.46723792E-13  4.22387710E-11  2.13993934E-04 -3.45725136E-19  1.77889284E-03  1.57899147E-09   1.00000000E+00      216 |   0.00E+00  0.00E+00  3.26E+05  9.00E+00  4.53E+03  3.14E+01
    2585  9.94580877E-02  3.15543219E-05   4.71493709E-06  6.16889209E-06  3.46356554E-13  4.22930749E-11  2.13980818E-04  9.42886734E-20  1.77890681E-03  1.58097428E-09   1.00000000E+00      216 |   0.00E+00  0.00E+00  3.09E+05  9.00E+00  4.78E+03  3.31E+01
    2590  9.96158411E-02  3.15452284E-05   4.71441511E-06  6.16882468E-06  3.40328105E-13  4.23602165E-11  2.13967704E-04 -4.08584252E-19  1.77892079E-03  1.58294130E-09   1.00000000E+00      216 |   0.00E+00  0.00E+00  3.27E+05  9.00E+00  4.52E+03  3.13E+01
    2595  9.97735491E-02  3.15361525E-05   4.71389452E-06  6.16875721E-06  3.31168336E-13  4.24307382E-11  2.13954593E-04 -3.45725136E-19  1.77893478E-03  1.58506117E-09   1.00000000E+00      216 |   0.00E+00  0.00E+00  3.25E+05  9.00E+00  4.55E+03  3.15E+01
    2600  9.99312118E-02  3.15271173E-05   4.71337531E-06  6.16868973E-06  3.23613370E-13  4.24952743E-11  2.13941484E-04  1.25718231E-19  1.77894878E-03  1.58650080E-09   1.00000000E+00      216 |   0.00E+00  0.00E+00  3.27E+05  9.00E+00  4.53E+03  3.13E+01
    2605  1.00063045E-01  3.15195801E-05   4.71294210E-06  6.16863329E-06  3.10419078E-13  4.25461520E-11  2.13930521E-04 -9.42886734E-20  1.77896048E-03  1.58876203E-09   1.00000000E+00      216 |   0.00E+00  0.00E+00  2.09E+04  9.00E+00  7.08E+04  4.90E+02
    2610  1.00220624E-01  3.15105931E-05   4.71242540E-06  6.16856582E-06  2.87339694E-13  4.26096562E-11  2.13917416E-04 -3.77154694E-19  1.77897449E-03  1.59132688E-09   1.00000000E+00      216 |   0.00E+00  0.00E+00  3.27E+05  9.00E+00  4.53E+03  3.14E+01
    2615  1.00378160E-01  3.15016519E-05   4.71191006E-06  6.16849840E-06  2.71376008E-13  4.26641283E-11  2.13904313E-04 -3.45725136E-19  1.77898850E-03  1.59426362E-09   1.00000000E+00      216 |   0.00E+00  0.00E+00  3.14E+05  9.00E+00  4.72E+03  3.27E+01
    2620  1.00535650E-01  3.14927131E-05   4.71139607E-06  6.16843103E-06  2.43436767E-13  4.27282387E-11  2.13891212E-04 -3.14295578E-19  1.77900252E-03  1.59690037E-09   1.00000000E+00      216 |   0.00E+00  0.00E+00  3.27E+05  9.00E+00  4.53E+03  3.13E+01
    2625  1.00693096E-01  3.14838129E-05   4.71088343E-06  6.16836374E-06  2.25634367E-13  4.28003798E-11  2.13878114E-04  6.28591156E-20  1.77901654E-03  1.59844499E-09   1.00000000E+00      216 |   0.00E+00  0.00E+00  3.25E+05  9.00E+00  4.56E+03  3.16E+01
    2630  1.00850497E-01  3.14749427E-05   4.71037212E-06  6.16829655E-06  1.99446135E-13  4.28755097E-11  2.13865018E-04 -1.57147789E-19  1.77903057E-03  1.60070809E-09   1.00000000E+00      216 |   0.00E+00  0.00E+00  3.27E+05  9.00E+00  4.53E+03  3.13E+01
    2635  1.01007854E-01  3.14661115E-05   4.70986215E-06  6.16822946E-06  1.82003583E-13  4.29343575E-11  2.13851926E-04  1.57147789E-19  1.77904461E-03  1.60318401E-09   1.00000000E+00      216 |   0.00E+00  0.00E+00  3.26E+05  9.00E+00  4.55E+03  3.15E+01
    2640  1.01165167E-01  3.14572870E-05   4.70935349E-06  6.16816249E-06  1.56925017E-13  4.30007846E-11  2.13838836E-04 -6.28591156E-20  1.77905865E-03  1.60522617E-09   1.00000000E+00      216 |   0.00E+00  0.00E+00  3.27E+05  9.00E+00  4.54E+03  3.14E+01
    2645  1.01322436E-01  3.14485221E-05   4.70884615E-06  6.16809565E-06  1.33942661E-13  4.30669995E-11  2.13825748E-04  0.00000000E+00  1.77907270E-03  1.60769241E-09   1.00000000E+00      216 |   0.00E+00  0.00E+00  3.27E+05  9.00E+00  4.54E+03  3.14E+01
    2650  1.01479661E-01  3.14397953E-05   4.70834012E-06  6.16802895E-06  1.15882858E-13  4.31292107E-11  2.13812664E-04 -3.14295578E-19  1.77908676E-03  1.61014417E-09   1.00000000E+00      216 |   0.00E+00  0.00E+00  3.12E+05  9.00E+00  4.75E+03  3.29E+01
    2655  1.01636843E-01  3.14310909E-05   4.70783540E-06  6.16796238E-06  9.78335684E-14  4.31845914E-11  2.13799582E-04  1.25718231E-19  1.77910082E-03  1.61169062E-09   1.00000000E+00      216 |   0.00E+00  0.00E+00  3.27E+05  9.00E+00  4.53E+03  3.14E+01
    2660  1.01793981E-01  3.14224164E-05   4.70733197E-06  6.16789596E-06  7.88201752E-14  4.32605675E-11  2.13786504E-04 -1.25718231E-19  1.77911488E-03  1.61449302E-09   1.00000000E+00      216 |   0.00E+00  0.00E+00  3.27E+05  9.00E+00  4.54E+03  3.14E+01
    2665  1.01951075E-01  3.14137868E-05   4.70682982E-06  6.16782969E-06  5.85132833E-14  4.33485272E-11  2.13773429E-04 -2.20006905E-19  1.77912896E-03  1.61732237E-09   1.00000000E+00      216 |   0.00E+00  0.00E+00  3.28E+05  9.00E+00  4.53E+03  3.14E+01
    2670  1.02108127E-01  3.14051815E-05   4.70632896E-06  6.16776358E-06  3.92027103E-14  4.34391383E-11  2.13760357E-04 -1.57147789E-19  1.77914304E-03  1.62010055E-09   1.00000000E+00      216 |   0.00E+00  0.00E+00  3.27E+05  9.00E+00  4.55E+03  3.15E+01
    2675  1.02265136E-01  3.13966103E-05   4.70582938E-06  6.16769762E-06  2.49087295E-14  4.35099232E-11  2.13747288E-04 -6.28591156E-20  1.77915712E-03  1.62298420E-09   1.00000000E+00      216 |   0.00E+00  0.00E+00  3.27E+05  9.00E+00  4.55E+03  3.15E+01
    2680  1.02422102E-01  3.13880454E-05   4.70533106E-06  6.16763183E-06  6.01709940E-15  4.35735126E-11  2.13734222E-04  4.71443367E-19  1.77917122E-03  1.62497056E-09   1.00000000E+00      216 |   0.00E+00  0.00E+00  3.18E+05  9.00E+00  4.68E+03  3.23E+01
    2685  1.02579025E-01  3.13794923E-05   4.70483400E-06  6.16756620E-06 -7.43607413E-15  4.36531067E-11  2.13721160E-04  3.14295578E-20  1.77918532E-03  1.62752494E-09   1.00000000E+00      216 |   0.00E+00  0.00E+00  3.12E+05  9.00E+00  4.77E+03  3.30E+01
    2690  1.02735905E-01  3.13709709E-05   4.70433820E-06  6.16750073E-06 -1.90685285E-14  4.37291004E-11  2.13708101E-04  9.42886734E-20  1.77919942E-03  1.62971585E-09   1.00000000E+00      216 |   0.00E+00  0.00E+00  3.27E+05  9.00E+00  4.55E+03  3.14E+01
    2695  1.02892743E-01  3.13624651E-05   4.70384365E-06  6.16743543E-06 -2.77509826E-14  4.38139747E-11  2.13695045E-04 -4.71443367E-19  1.77921353E-03  1.63090263E-09   1.00000000E+00      216 |   0.00E+00  0.00E+00  3.27E+05  9.00E+00  4.55E+03  3.15E+01
    2700  1.03049539E-01  3.13539918E-05   4.70335035E-06  6.16737028E-06 -3.67927560E-14  4.39003275E-11  2.13681993E-04 -2.20006905E-19  1.77922765E-03  1.63333227E-09   1.00000000E+00      216 |   0.00E+00  0.00E+00  3.26E+05  9.00E+00  4.57E+03  3.16E+01
    2705  1.03206292E-01  3.13455359E-05   4.70285828E-06  6.16730526E-06 -4.60578903E-14  4.39760112E-11  2.13668945E-04 -3.45725136E-19  1.77924178E-03  1.63563464E-09   1.00000000E+00      216 |   0.00E+00  0.00E+00  3.25E+05  9.00E+00  4.58E+03  3.17E+01
    2710  1.03363002E-01  3.13371066E-05   4.70236743E-06  6.16724038E-06 -5.21963080E-14  4.40607581E-11  2.13655900E-04 -7.85738945E-19  1.77925591E-03  1.63915171E-09   1.00000000E+00      216 |   0.00E+00  0.00E+00  3.24E+05  9.00E+00  4.60E+03  3.18E+01
    2715  1.03519671E-01  3.13287127E-05   4.70187782E-06  6.16717561E-06 -6.65472663E-14  4.41383114E-11  2.13642859E-04 -2.82866020E-19  1.77927005E-03  1.64134597E-09   1.00000000E+00      216 |   0.00E+00  0.00E+00  3.27E+05  9.00E+00  4.56E+03  3.15E+01
    2720  1.03676298E-01  3.13203417E-05   4.70138942E-06  6.16711097E-06 -6.75703883E-14  4.42284059E-11  2.13629821E-04 -3.14295578E-20  1.77928419E-03  1.64381725E-09   1.00000000E+00      216 |   0.00E+00  0.00E+00  3.09E+05  9.00E+00  4.82E+03  3.33E+01
    2725  1.03832883E-01  3.13119948E-05   4.70090223E-06  6.16704641E-06 -7.70675312E-14  4.43200175E-11  2.13616787E-04 -9.42886734E-20  1.77929834E-03  1.64680644E-09   1.00000000E+00      216 |   0.00E+00  0.00E+00  3.27E+05  9.00E+00  4.56E+03  3.15E+01
    2730  1.03989426E-01  3.13036660E-05   4.70041625E-06  6.16698194E-06 -8.24731146E-14  4.44226305E-11  2.13603756E-04 -9.42886734E-20  1.77931250E-03  1.64985967E-09   1.00000000E+00      216 |   0.00E+00  0.00E+00  3.25E+05  9.00E+00  4.58E+03  3.17E+01
    2735  1.04145928E-01  3.12953573E-05   4.69993147E-06  6.16691755E-06 -9.09091623E-14  4.45213564E-11  2.13590730E-04 -3.45725136E-19  1.77932666E-03  1.65252647E-09   1.00000000E+00      216 |   0.00E+00  0.00E+00  3.25E+05  9.00E+00  4.58E+03  3.17E+01
    2740  1.04302388E-01  3.12870765E-05   4.69944788E-06  6.16685322E-06 -9.76710894E-14  4.45997772E-11  2.13577707E-04  1.25718231E-19  1.77934083E-03  1.65436631E-09   1.00000000E+00      216 |   0.00E+00  0.00E+00  3.27E+05  9.00E+00  4.56E+03  3.15E+01
    2745  1.04458807E-01  3.12788300E-05   4.69896548E-06  6.16678894E-06 -1.04383851E-13  4.46974958E-11  2.13564688E-04 -2.82866020E-19  1.77935501E-03  1.65666003E-09   1.00000000E+00      216 |   0.00E+00  0.00E+00  3.27E+05  9.00E+00  4.57E+03  3.16E+01
    2750  1.04615185E-01  3.12706088E-05   4.69848425E-06  6.16672470E-06 -1.08166347E-13  4.47938616E-11  2.13551672E-04  6.28591156E-20  1.77936919E-03  1.65862351E-09   1.00000000E+00      216 |   0.00E+00  0.00E+00  3.27E+05  9.00E+00  4.56E+03  3.16E+01
    2755  1.04771521E-01  3.12624159E-05   4.69800421E-06  6.16666050E-06 -1.12924735E-13  4.49070954E-11  2.13538660E-04 -6.28591156E-20  1.77938338E-03  1.66153129E-09   1.00000000E+00      216 |   0.00E+00  0.00E+00  3.27E+05  9.00E+00  4.56E+03  3.15E+01
    2760  1.04927817E-01  3.12542167E-05   4.69752533E-06  6.16659631E-06 -1.19673103E-13  4.50168760E-11  2.13525653E-04 -1.57147789E-19  1.77939758E-03  1.66344686E-09   1.00000000E+00      216 |   0.00E+00  0.00E+00  3.15E+05  9.00E+00  4.74E+03  3.28E+01
    2765  1.05084072E-01  3.12460618E-05   4.69704761E-06  6.16653213E-06 -1.22089942E-13  4.51307754E-11  2.13512649E-04 -1.25718231E-19  1.77941178E-03  1.66569170E-09   1.00000000E+00      216 |   0.00E+00  0.00E+00  3.26E+05  9.00E+00  4.57E+03  3.16E+01
    2770  1.05240286E-01  3.12379297E-05   4.69657105E-06  6.16646794E-06 -1.24834075E-13  4.52499253E-11  2.13499649E-04 -5.34302483E-19  1.77942599E-03  1.66784798E-09   1.00000000E+00      216 |   0.00E+00  0.00E+00  3.26E+05  9.00E+00  4.58E+03  3.16E+01
    2775  1.05396459E-01  3.12298072E-05   4.69609564E-06  6.16640372E-06 -1.26544658E-13  4.53610317E-11  2.13486653E-04 -3.77154694E-19  1.77944021E-03  1.66982747E-09   1.00000000E+00      216 |   0.00E+00  0.00E+00  3.26E+05  9.00E+00  4.58E+03  3.17E+01
    2780  1.05552592E-01  3.12217152E-05   4.69562138E-06  6.16633945E-06 -1.24052114E-13  4.54845724E-11  2.13473661E-04 -3.14295578E-19  1.77945444E-03  1.67321181E-09   1.00000000E+00      216 |   0.00E+00  0.00E+00  3.26E+05  9.00E+00  4.58E+03  3.17E+01
    2785  1.05708685E-01  3.12136541E-05   4.69514825E-06  6.16627511E-06 -1.21613585E-13  4.56101109E-11  2.13460673E-04 -2.82866020E-19  1.77946867E-03  1.67601357E-09   1.00000000E+00      216 |   0.00E+00  0.00E+00  3.26E+05  9.00E+00  4.58E+03  3.17E+01
    2790  1.05864737E-01  3.12056102E-05   4.69467626E-06  6.16621068E-06 -1.16463038E-13  4.57075886E-11  2.13447689E-04  9.42886734E-20  1.77948290E-03  1.67855918E-09   1.00000000E+00      216 |   0.00E+00  0.00E+00  3.20E+05  9.00E+00  4.67E+03  3.23E+01
    2795  1.06020749E-01  3.11975965E-05   4.69420540E-06  6.16614616E-06 -1.08876586E-13  4.58040074E-11  2.13434709E-04 -1.25718231E-19  1.77949715E-03  1.68023252E-09   1.00000000E+00      216 |   0.00E+00  0.00E+00  3.15E+05  9.00E+00  4.75E+03  3.29E+01
    2800  1.06176721E-01  3.11895991E-05   4.69373566E-06  6.16608152E-06 -1.08655523E-13  4.58995307E-11  2.13421733E-04 -5.65732041E-19  1.77951140E-03  1.68237869E-09   1.00000000E+00      216 |   0.00E+00  0.00E+00  3.26E+05  9.00E+00  4.59E+03  3.17E+01
    2805  1.06332653E-01  3.11816365E-05   4.69326703E-06  6.16601675E-06 -9.81706984E-14  4.59990368E-11  2.13408760E-04 -2.20006905E-19  1.77952566E-03  1.68435497E-09   1.00000000E+00      216 |   0.00E+00  0.00E+00  3.24E+05  9.00E+00  4.62E+03  3.19E+01
    2810  1.06488545E-01  3.11736972E-05   4.69279951E-06  6.16595181E-06 -9.20175486E-14  4.61130399E-11  2.13395793E-04 -6.28591156E-19  1.77953992E-03  1.68689009E-09   1.00000000E+00      216 |   0.00E+00  0.00E+00  3.27E+05  9.00E+00  4.58E+03  3.17E+01
    2815  1.06644398E-01  3.11657808E-05   4.69233310E-06  6.16588670E-06 -8.30738255E-14  4.62262799E-11  2.13382828E-04 -6.28591156E-20  1.77955419E-03  1.68937155E-09   1.00000000E+00      216 |   0.00E+00  0.00E+00  3.26E+05  9.00E+00  4.59E+03  3.18E+01
    2820  1.06800211E-01  3.11578925E-05   4.69186779E-06  6.16582137E-06 -7.87208103E-14  4.63527165E-11  2.13369869E-04 -3.14295578E-19  1.77956847E-03  1.69203500E-09   1.00000000E+00      216 |   0.00E+00  0.00E+00  3.26E+05  9.00E+00  4.59E+03  3.18E+01
    2825  1.06955985E-01  3.11500165E-05   4.69140357E-06  6.16575583E-06 -6.90651057E-14  4.64746381E-11  2.13356912E-04  1.88577347E-19  1.77958275E-03  1.69391010E-09   1.00000000E+00      216 |   0.00E+00  0.00E+00  3.22E+05  9.00E+00  4.65E+03  3.22E+01
    2830  1.07111719E-01  3.11421860E-05   4.69094043E-06  6.16569005E-06 -6.96758173E-14  4.65778017E-11  2.13343961E-04 -5.97161598E-19  1.77959704E-03  1.69542462E-09   1.00000000E+00      216 |   0.00E+00  0.00E+00  3.15E+05  9.00E+00  4.76E+03  3.29E+01
    2835  1.07267414E-01  3.11343596E-05   4.69047838E-06  6.16562400E-06 -5.66702986E-14  4.66732531E-11  2.13331013E-04 -6.60020714E-19  1.77961134E-03  1.69720439E-09   1.00000000E+00      216 |   0.00E+00  0.00E+00  3.27E+05  9.00E+00  4.59E+03  3.17E+01
    2840  1.07423070E-01  3.11265501E-05   4.69001741E-06  6.16555768E-06 -5.53248563E-14  4.67796116E-11  2.13318069E-04  3.14295578E-20  1.77962565E-03  1.69936150E-09   1.00000000E+00      216 |   0.00E+00  0.00E+00  3.25E+05  9.00E+00  4.61E+03  3.19E+01
    2845  1.07578688E-01  3.11187774E-05   4.68955750E-06  6.16549105E-06 -4.81795607E-14  4.68790848E-11  2.13305129E-04 -9.42886734E-20  1.77963996E-03  1.70084654E-09   1.00000000E+00      216 |   0.00E+00  0.00E+00  3.26E+05  9.00E+00  4.60E+03  3.18E+01
    2850  1.07734266E-01  3.11110203E-05   4.68909867E-06  6.16542411E-06 -4.46934384E-14  4.69778387E-11  2.13292193E-04 -3.77154694E-19  1.77965428E-03  1.70293615E-09   1.00000000E+00      216 |   0.00E+00  0.00E+00  3.27E+05  9.00E+00  4.59E+03  3.17E+01
    2855  1.07889806E-01  3.11032804E-05              NaN             NaN             NaN             NaN             NaN             NaN             NaN             NaN   1.00000000E+00      216 |   0.00E+00  0.00E+00  3.24E+05  9.00E+00  4.63E+03  3.20E+01
    2860  1.08045307E-01  3.10955711E-05              NaN             NaN             NaN             NaN             NaN             NaN             NaN             NaN   1.00000000E+00      216 |   0.00E+00  0.00E+00  3.21E+05  9.00E+00  4.67E+03  3.23E+01
    2865  1.08200769E-01  3.10878872E-05              NaN             NaN             NaN             NaN             NaN             NaN             NaN             NaN   1.00000000E+00      216 |   0.00E+00  0.00E+00  3.15E+05  9.00E+00  4.77E+03  3.30E+01
    2870  1.08356194E-01  1.64380635E-03              NaN             NaN             NaN             NaN             NaN             NaN             NaN             NaN   1.00000000E+00      216 |   0.00E+00  0.00E+00  3.34E+05  9.00E+00  8.51E+01  5.88E-01
    2875  1.50000000E-01  1.00000000E-02              NaN             NaN             NaN             NaN             NaN             NaN             NaN             NaN   1.00000000E+00      216 |   0.00E+00  0.00E+00  1.03E+04  9.00E+00  4.53E+02  3.13E+00
    2880  2.00000000E-01  1.00000000E-02              NaN             NaN             NaN             NaN             NaN             NaN             NaN             NaN   1.00000000E+00      216 |   0.00E+00  0.00E+00  6.92E+03  9.00E+00  6.75E+02  4.65E+00
    2885  2.50000000E-01  1.00000000E-02              NaN             NaN             NaN             NaN             NaN             NaN             NaN             NaN   1.00000000E+00      216 |   0.00E+00  0.00E+00  9.85E+03  9.00E+00  4.74E+02  3.26E+00
    2890  3.00000000E-01  1.00000000E-02              NaN             NaN             NaN             NaN             NaN             NaN             NaN             NaN   1.00000000E+00      216 |   0.00E+00  0.00E+00  7.06E+03  9.00E+00  6.61E+02  4.54E+00
    2895  3.50000000E-01  1.00000000E-02              NaN             NaN             NaN             NaN             NaN             NaN             NaN             NaN   1.00000000E+00      216 |   0.00E+00  0.00E+00  1.08E+04  9.00E+00  4.32E+02  2.96E+00
    2900  4.00000000E-01  1.00000000E-02              NaN             NaN             NaN             NaN             NaN             NaN             NaN             NaN   1.00000000E+00      216 |   0.00E+00  0.00E+00  6.47E+03  9.00E+00  7.21E+02  4.93E+00
    2905  4.50000000E-01  1.00000000E-02              NaN             NaN             NaN             NaN             NaN             NaN             NaN             NaN   1.00000000E+00      216 |   0.00E+00  0.00E+00  1.06E+04  9.00E+00  4.41E+02  3.01E+00
    2910  5.00000000E-01  1.00000000E-02              NaN             NaN             NaN             NaN             NaN             NaN             NaN             NaN   1.00000000E+00      216 |   0.00E+00  0.00E+00  7.22E+03  9.00E+00  6.47E+02  4.40E+00
    2915  5.50000000E-01  1.00000000E-02              NaN             NaN             NaN             NaN             NaN             NaN             NaN             NaN   1.00000000E+00      216 |   0.00E+00  0.00E+00  1.09E+04  9.00E+00  4.29E+02  2.91E+00
    2920  6.00000000E-01  1.00000000E-02              NaN             NaN             NaN             NaN             NaN             NaN             NaN             NaN   1.00000000E+00      216 |   0.00E+00  0.00E+00  6.71E+03  9.00E+00  6.95E+02  4.71E+00
    2925  6.50000000E-01  1.00000000E-02              NaN             NaN             NaN             NaN             NaN             NaN             NaN             NaN   1.00000000E+00      216 |   0.00E+00  0.00E+00  9.40E+03  9.00E+00  4.96E+02  3.36E+00
    2930  7.00000000E-01  1.00000000E-02              NaN             NaN             NaN             NaN             NaN             NaN             NaN             NaN   1.00000000E+00      216 |   0.00E+00  0.00E+00  7.04E+03  9.00E+00  6.63E+02  4.47E+00
    2935  7.50000000E-01  1.00000000E-02              NaN             NaN             NaN             NaN             NaN             NaN             NaN             NaN   1.00000000E+00      216 |   0.00E+00  0.00E+00  9.17E+03  9.00E+00  5.09E+02  3.43E+00
    2940  8.00000000E-01  1.00000000E-02              NaN             NaN             NaN             NaN             NaN             NaN             NaN             NaN   1.00000000E+00      216 |   0.00E+00  0.00E+00  7.25E+03  9.00E+00  6.44E+02  4.33E+00
    2945  8.50000000E-01  1.00000000E-02              NaN             NaN             NaN             NaN             NaN             NaN             NaN             NaN   1.00000000E+00      216 |   0.00E+00  0.00E+00  1.01E+04  9.00E+00  4.64E+02  3.11E+00
    2950  9.00000000E-01  1.00000000E-02              NaN             NaN             NaN             NaN             NaN             NaN             NaN             NaN   1.00000000E+00      216 |   0.00E+00  0.00E+00  6.96E+03  9.00E+00  6.70E+02  4.49E+00
    2955  9.50000000E-01  1.00000000E-02              NaN             NaN             NaN             NaN             NaN             NaN             NaN             NaN   1.00000000E+00      216 |   0.00E+00  0.00E+00  9.45E+03  9.00E+00  4.94E+02  3.30E+00
    2960  1.00000000E+00  1.00000000E-02              NaN             NaN             NaN             NaN             NaN             NaN             NaN             NaN   1.00000000E+00      216 |   0.00E+00  0.00E+00  7.33E+03  9.00E+00  6.36E+02  4.24E+00
    2965  1.05000000E+00  1.00000000E-02              NaN             NaN             NaN             NaN             NaN             NaN             NaN             NaN   1.00000000E+00      216 |   0.00E+00  0.00E+00  1.03E+04  9.00E+00  4.54E+02  3.02E+00
    2970  1.10000000E+00  1.00000000E-02              NaN             NaN             NaN             NaN             NaN             NaN             NaN             NaN   1.00000000E+00      216 |   0.00E+00  0.00E+00  7.18E+03  9.00E+00  6.49E+02  4.31E+00
    2975  1.15000000E+00  1.00000000E-02              NaN             NaN             NaN             NaN             NaN             NaN             NaN             NaN   1.00000000E+00      216 |   0.00E+00  0.00E+00  1.08E+04  9.00E+00  4.31E+02  2.85E+00
    2980  1.20000000E+00  1.00000000E-02              NaN             NaN             NaN             NaN             NaN             NaN             NaN             NaN   1.00000000E+00      216 |   0.00E+00  0.00E+00  6.43E+03  9.00E+00  7.26E+02  4.80E+00
    2985  1.25000000E+00  1.00000000E-02              NaN             NaN             NaN             NaN             NaN             NaN             NaN             NaN   1.00000000E+00      216 |   0.00E+00  0.00E+00  1.01E+04  9.00E+00  4.61E+02  3.04E+00
    2990  1.30000000E+00  1.00000000E-02              NaN             NaN             NaN             NaN             NaN             NaN             NaN             NaN   1.00000000E+00      216 |   0.00E+00  0.00E+00  5.64E+03  9.00E+00  8.28E+02  5.45E+00
    2995  1.35000000E+00  1.00000000E-02              NaN             NaN             NaN             NaN             NaN             NaN             NaN             NaN   1.00000000E+00      216 |   0.00E+00  0.00E+00  1.08E+04  9.00E+00  4.32E+02  2.84E+00
    3000  1.40000000E+00  1.00000000E-02              NaN             NaN             NaN             NaN             NaN             NaN             NaN             NaN   1.00000000E+00      216 |   0.00E+00  0.00E+00  6.96E+03  9.00E+00  6.70E+02  4.39E+00
    3005  1.45000000E+00  1.00000000E-02              NaN             NaN             NaN             NaN             NaN             NaN             NaN             NaN   1.00000000E+00      216 |   0.00E+00  0.00E+00  1.02E+04  9.00E+00  4.57E+02  2.99E+00
    3010  1.50000000E+00  1.00000000E-02              NaN             NaN             NaN             NaN             NaN             NaN             NaN             NaN   1.00000000E+00      216 |   0.00E+00  0.00E+00  6.82E+03  9.00E+00  6.85E+02  4.47E+00
    3015  1.55000000E+00  1.00000000E-02              NaN             NaN             NaN             NaN             NaN             NaN             NaN             NaN   1.00000000E+00      216 |   0.00E+00  0.00E+00  1.09E+04  9.00E+00  4.27E+02  2.78E+00
    3020  1.60000000E+00  1.00000000E-02              NaN             NaN             NaN             NaN             NaN             NaN             NaN             NaN   1.00000000E+00      216 |   0.00E+00  0.00E+00  6.98E+03  9.00E+00  6.68E+02  4.34E+00
    3025  1.65000000E+00  1.00000000E-02              NaN             NaN             NaN             NaN             NaN             NaN             NaN             NaN   1.00000000E+00      216 |   0.00E+00  0.00E+00  1.07E+04  9.00E+00  4.38E+02  2.84E+00
    3030  1.70000000E+00  1.00000000E-02              NaN             NaN             NaN             NaN             NaN             NaN             NaN             NaN   1.00000000E+00      216 |   0.00E+00  0.00E+00  7.29E+03  9.00E+00  6.40E+02  4.14E+00
    3035  1.75000000E+00  1.00000000E-02              NaN             NaN             NaN             NaN             NaN             NaN             NaN             NaN   1.00000000E+00      216 |   0.00E+00  0.00E+00  1.09E+04  9.00E+00  4.26E+02  2.75E+00
    3040  1.80000000E+00  1.00000000E-02              NaN             NaN             NaN             NaN             NaN             NaN             NaN             NaN   1.00000000E+00      216 |   0.00E+00  0.00E+00  6.65E+03  9.00E+00  7.01E+02  4.52E+00
    3045  1.85000000E+00  1.00000000E-02              NaN             NaN             NaN             NaN             NaN             NaN             NaN             NaN   1.00000000E+00      216 |   0.00E+00  0.00E+00  1.06E+04  9.00E+00  4.40E+02  2.83E+00
    3050  1.90000000E+00  1.00000000E-02              NaN             NaN             NaN             NaN             NaN             NaN             NaN             NaN   1.00000000E+00      216 |   0.00E+00  0.00E+00  7.40E+03  9.00E+00  6.31E+02  4.05E+00
    3055  1.95000000E+00  1.00000000E-02              NaN             NaN             NaN             NaN             NaN             NaN             NaN             NaN   1.00000000E+00      216 |   0.00E+00  0.00E+00  1.09E+04  9.00E+00  4.29E+02  2.75E+00
    3060  2.00000000E+00  1.00000000E-02              NaN             NaN             NaN             NaN             NaN             NaN             NaN             NaN   1.00000000E+00      216 |   0.00E+00  0.00E+00  7.05E+03  9.00E+00  6.62E+02  4.23E+00
    3065  2.05000000E+00  1.00000000E-02              NaN             NaN             NaN             NaN             NaN             NaN             NaN             NaN   1.00000000E+00      216 |   0.00E+00  0.00E+00  1.06E+04  9.00E+00  4.40E+02  2.81E+00
    3070  2.10000000E+00  1.00000000E-02              NaN             NaN             NaN             NaN             NaN             NaN             NaN             NaN   1.00000000E+00      216 |   0.00E+00  0.00E+00  6.91E+03  9.00E+00  6.75E+02  4.30E+00
    3075  2.15000000E+00  1.00000000E-02              NaN             NaN             NaN             NaN             NaN             NaN             NaN             NaN   1.00000000E+00      216 |   0.00E+00  0.00E+00  1.08E+04  9.00E+00  4.34E+02  2.75E+00
    3080  2.20000000E+00  1.00000000E-02              NaN             NaN             NaN             NaN             NaN             NaN             NaN             NaN   1.00000000E+00      216 |   0.00E+00  0.00E+00  6.72E+03  9.00E+00  6.94E+02  4.40E+00
    3085  2.25000000E+00  1.00000000E-02              NaN             NaN             NaN             NaN             NaN             NaN             NaN             NaN   1.00000000E+00      216 |   0.00E+00  0.00E+00  9.51E+03  9.00E+00  4.90E+02  3.10E+00
    3090  2.30000000E+00  1.00000000E-02              NaN             NaN             NaN             NaN             NaN             NaN             NaN             NaN   1.00000000E+00      216 |   0.00E+00  0.00E+00  7.34E+03  9.00E+00  6.36E+02  4.01E+00
    3095  2.35000000E+00  1.00000000E-02              NaN             NaN             NaN             NaN             NaN             NaN             NaN             NaN   1.00000000E+00      216 |   0.00E+00  0.00E+00  9.54E+03  9.00E+00  4.89E+02  3.08E+00
    3100  2.40000000E+00  1.00000000E-02              NaN             NaN             NaN             NaN             NaN             NaN             NaN             NaN   1.00000000E+00      216 |   0.00E+00  0.00E+00  6.77E+03  9.00E+00  6.89E+02  4.32E+00
    3105  2.45000000E+00  1.00000000E-02              NaN             NaN             NaN             NaN             NaN             NaN             NaN             NaN   1.00000000E+00      216 |   0.00E+00  0.00E+00  1.07E+04  9.00E+00  4.38E+02  2.74E+00
    3110  2.50000000E+00  1.00000000E-02              NaN             NaN             NaN             NaN             NaN             NaN             NaN             NaN   1.00000000E+00      216 |   0.00E+00  0.00E+00  7.35E+03  9.00E+00  6.34E+02  3.97E+00
    3115  2.55000000E+00  1.00000000E-02              NaN             NaN             NaN             NaN             NaN             NaN             NaN             NaN   1.00000000E+00      216 |   0.00E+00  0.00E+00  1.04E+04  9.00E+00  4.49E+02  2.80E+00
    3120  2.60000000E+00  1.00000000E-02              NaN             NaN             NaN             NaN             NaN             NaN             NaN             NaN   1.00000000E+00      216 |   0.00E+00  0.00E+00  6.56E+03  9.00E+00  7.12E+02  4.43E+00
    3125  2.65000000E+00  1.00000000E-02              NaN             NaN             NaN             NaN             NaN             NaN             NaN             NaN   1.00000000E+00      216 |   0.00E+00  0.00E+00  1.08E+04  9.00E+00  4.33E+02  2.69E+00
    3130  2.70000000E+00  1.00000000E-02              NaN             NaN             NaN             NaN             NaN             NaN             NaN             NaN   1.00000000E+00      216 |   0.00E+00  0.00E+00  7.25E+03  9.00E+00  6.44E+02  3.99E+00
    3135  2.75000000E+00  1.00000000E-02              NaN             NaN             NaN             NaN             NaN             NaN             NaN             NaN   1.00000000E+00      216 |   0.00E+00  0.00E+00  1.02E+04  9.00E+00  4.59E+02  2.84E+00
    3140  2.80000000E+00  1.00000000E-02              NaN             NaN             NaN             NaN             NaN             NaN             NaN             NaN   1.00000000E+00      216 |   0.00E+00  0.00E+00  6.88E+03  9.00E+00  6.78E+02  4.18E+00
    3145  2.85000000E+00  1.00000000E-02              NaN             NaN             NaN             NaN             NaN             NaN             NaN             NaN   1.00000000E+00      216 |   0.00E+00  0.00E+00  9.73E+03  9.00E+00  4.79E+02  2.95E+00
    3150  2.90000000E+00  1.00000000E-02              NaN             NaN             NaN             NaN             NaN             NaN             NaN             NaN   1.00000000E+00      216 |   0.00E+00  0.00E+00  7.33E+03  9.00E+00  6.37E+02  3.91E+00
    3155  2.95000000E+00  1.00000000E-02              NaN             NaN             NaN             NaN             NaN             NaN             NaN             NaN   1.00000000E+00      216 |   0.00E+00  0.00E+00  1.00E+04  9.00E+00  4.65E+02  2.85E+00
    3160  3.00000000E+00  1.00000000E-02              NaN             NaN             NaN             NaN             NaN             NaN             NaN             NaN   1.00000000E+00      216 |   0.00E+00  0.00E+00  6.82E+03  9.00E+00  6.84E+02  4.18E+00
    3165  3.05000000E+00  1.00000000E-02              NaN             NaN             NaN             NaN             NaN             NaN             NaN             NaN   1.00000000E+00      216 |   0.00E+00  0.00E+00  1.06E+04  9.00E+00  4.41E+02  2.69E+00
    3170  3.10000000E+00  1.00000000E-02              NaN             NaN             NaN             NaN             NaN             NaN             NaN             NaN   1.00000000E+00      216 |   0.00E+00  0.00E+00  7.05E+03  9.00E+00  6.62E+02  4.03E+00
    3175  3.15000000E+00  1.00000000E-02              NaN             NaN             NaN             NaN             NaN             NaN             NaN             NaN   1.00000000E+00      216 |   0.00E+00  0.00E+00  1.00E+04  9.00E+00  4.64E+02  2.82E+00
    3180  3.20000000E+00  1.00000000E-02              NaN             NaN             NaN             NaN             NaN             NaN             NaN             NaN   1.00000000E+00      216 |   0.00E+00  0.00E+00  7.28E+03  9.00E+00  6.41E+02  3.88E+00
    3185  3.25000000E+00  1.00000000E-02              NaN             NaN             NaN             NaN             NaN             NaN             NaN             NaN   1.00000000E+00      216 |   0.00E+00  0.00E+00  1.08E+04  9.00E+00  4.34E+02  2.62E+00
    3190  3.30000000E+00  1.00000000E-02              NaN             NaN             NaN             NaN             NaN             NaN             NaN             NaN   1.00000000E+00      216 |   0.00E+00  0.00E+00  7.24E+03  9.00E+00  6.45E+02  3.89E+00
    3195  3.35000000E+00  1.00000000E-02              NaN             NaN             NaN             NaN             NaN             NaN             NaN             NaN   1.00000000E+00      216 |   0.00E+00  0.00E+00  1.01E+04  9.00E+00  4.61E+02  2.77E+00
    3200  3.40000000E+00  1.00000000E-02              NaN             NaN             NaN             NaN             NaN             NaN             NaN             NaN   1.00000000E+00      216 |   0.00E+00  0.00E+00  7.17E+03  9.00E+00  6.51E+02  3.91E+00
    3205  3.45000000E+00  1.00000000E-02              NaN             NaN             NaN             NaN             NaN             NaN             NaN             NaN   1.00000000E+00      216 |   0.00E+00  0.00E+00  1.07E+04  9.00E+00  4.38E+02  2.62E+00
    3210  3.50000000E+00  1.00000000E-02              NaN             NaN             NaN             NaN             NaN             NaN             NaN             NaN   1.00000000E+00      216 |   0.00E+00  0.00E+00  7.34E+03  9.00E+00  6.36E+02  3.80E+00
    3215  3.55000000E+00  1.00000000E-02              NaN             NaN             NaN             NaN             NaN             NaN             NaN             NaN   1.00000000E+00      216 |   0.00E+00  0.00E+00  1.07E+04  9.00E+00  4.37E+02  2.60E+00
    3220  3.60000000E+00  1.00000000E-02              NaN             NaN             NaN             NaN             NaN             NaN             NaN             NaN   1.00000000E+00      216 |   0.00E+00  0.00E+00  6.73E+03  9.00E+00  6.94E+02  4.12E+00
    3225  3.65000000E+00  1.00000000E-02              NaN             NaN             NaN             NaN             NaN             NaN             NaN             NaN   1.00000000E+00      216 |   0.00E+00  0.00E+00  1.03E+04  9.00E+00  4.54E+02  2.69E+00
    3230  3.70000000E+00  1.00000000E-02              NaN             NaN             NaN             NaN             NaN             NaN             NaN             NaN   1.00000000E+00      216 |   0.00E+00  0.00E+00  6.68E+03  9.00E+00  6.98E+02  4.13E+00
    3235  3.75000000E+00  1.00000000E-02              NaN             NaN             NaN             NaN             NaN             NaN             NaN             NaN   1.00000000E+00      216 |   0.00E+00  0.00E+00  9.96E+03  9.00E+00  4.68E+02  2.76E+00
    3240  3.80000000E+00  1.00000000E-02              NaN             NaN             NaN             NaN             NaN             NaN             NaN             NaN   1.00000000E+00      216 |   0.00E+00  0.00E+00  6.76E+03  9.00E+00  6.90E+02  4.06E+00
    3245  3.85000000E+00  1.00000000E-02              NaN             NaN             NaN             NaN             NaN             NaN             NaN             NaN   1.00000000E+00      216 |   0.00E+00  0.00E+00  9.81E+03  9.00E+00  4.76E+02  2.79E+00
    3250  3.90000000E+00  1.00000000E-02              NaN             NaN             NaN             NaN             NaN             NaN             NaN             NaN   1.00000000E+00      216 |   0.00E+00  0.00E+00  6.66E+03  9.00E+00  7.00E+02  4.10E+00
    3255  3.95000000E+00  1.00000000E-02              NaN             NaN             NaN             NaN             NaN             NaN             NaN             NaN   1.00000000E+00      216 |   0.00E+00  0.00E+00  9.55E+03  9.00E+00  4.89E+02  2.86E+00
    3260  4.00000000E+00  1.00000000E-02              NaN             NaN             NaN             NaN             NaN             NaN             NaN             NaN   1.00000000E+00      216 |   0.00E+00  0.00E+00  7.31E+03  9.00E+00  6.39E+02  3.73E+00
    3265  4.05000000E+00  1.00000000E-02              NaN             NaN             NaN             NaN             NaN             NaN             NaN             NaN   1.00000000E+00      216 |   0.00E+00  0.00E+00  1.09E+04  9.00E+00  4.27E+02  2.49E+00
    3270  4.10000000E+00  1.00000000E-02              NaN             NaN             NaN             NaN             NaN             NaN             NaN             NaN   1.00000000E+00      216 |   0.00E+00  0.00E+00  7.32E+03  9.00E+00  6.38E+02  3.70E+00
    3275  4.15000000E+00  1.00000000E-02              NaN             NaN             NaN             NaN             NaN             NaN             NaN             NaN   1.00000000E+00      216 |   0.00E+00  0.00E+00  1.03E+04  9.00E+00  4.54E+02  2.63E+00
    3280  4.20000000E+00  1.00000000E-02              NaN             NaN             NaN             NaN             NaN             NaN             NaN             NaN   1.00000000E+00      216 |   0.00E+00  0.00E+00  7.01E+03  9.00E+00  6.66E+02  3.85E+00
    3285  4.25000000E+00  1.00000000E-02              NaN             NaN             NaN             NaN             NaN             NaN             NaN             NaN   1.00000000E+00      216 |   0.00E+00  0.00E+00  9.22E+03  9.00E+00  5.06E+02  2.92E+00
    3290  4.30000000E+00  1.00000000E-02              NaN             NaN             NaN             NaN             NaN             NaN             NaN             NaN   1.00000000E+00      216 |   0.00E+00  0.00E+00  7.14E+03  9.00E+00  6.53E+02  3.76E+00
    3295  4.35000000E+00  1.00000000E-02              NaN             NaN             NaN             NaN             NaN             NaN             NaN             NaN   1.00000000E+00      216 |   0.00E+00  0.00E+00  1.08E+04  9.00E+00  4.32E+02  2.48E+00
    3300  4.40000000E+00  1.00000000E-02              NaN             NaN             NaN             NaN             NaN             NaN             NaN             NaN   1.00000000E+00      216 |   0.00E+00  0.00E+00  6.42E+03  9.00E+00  7.27E+02  4.16E+00
    3305  4.45000000E+00  1.00000000E-02              NaN             NaN             NaN             NaN             NaN             NaN             NaN             NaN   1.00000000E+00      216 |   0.00E+00  0.00E+00  1.08E+04  9.00E+00  4.31E+02  2.46E+00
    3310  4.50000000E+00  1.00000000E-02              NaN             NaN             NaN             NaN             NaN             NaN             NaN             NaN   1.00000000E+00      216 |   0.00E+00  0.00E+00  6.45E+03  9.00E+00  7.23E+02  4.12E+00
    3315  4.55000000E+00  1.00000000E-02              NaN             NaN             NaN             NaN             NaN             NaN             NaN             NaN   1.00000000E+00      216 |   0.00E+00  0.00E+00  1.03E+04  9.00E+00  4.53E+02  2.57E+00
    3320  4.60000000E+00  1.00000000E-02              NaN             NaN             NaN             NaN             NaN             NaN             NaN             NaN   1.00000000E+00      216 |   0.00E+00  0.00E+00  6.60E+03  9.00E+00  7.07E+02  4.01E+00
    3325  4.65000000E+00  1.00000000E-02              NaN             NaN             NaN             NaN             NaN             NaN             NaN             NaN   1.00000000E+00      216 |   0.00E+00  0.00E+00  8.78E+03  9.00E+00  5.32E+02  3.00E+00
    3330  4.70000000E+00  1.00000000E-02              NaN             NaN             NaN             NaN             NaN             NaN             NaN             NaN   1.00000000E+00      216 |   0.00E+00  0.00E+00  6.01E+03  9.00E+00  7.76E+02  4.37E+00
    3335  4.75000000E+00  1.00000000E-02              NaN             NaN             NaN             NaN             NaN             NaN             NaN             NaN   1.00000000E+00      216 |   0.00E+00  0.00E+00  5.86E+03  9.00E+00  7.96E+02  4.48E+00
    3340  4.80000000E+00  1.00000000E-02              NaN             NaN             NaN             NaN             NaN             NaN             NaN             NaN   1.00000000E+00      216 |   0.00E+00  0.00E+00  6.02E+03  9.00E+00  7.75E+02  4.35E+00
    3345  4.85000000E+00  1.00000000E-02              NaN             NaN             NaN             NaN             NaN             NaN             NaN             NaN   1.00000000E+00      216 |   0.00E+00  0.00E+00  8.10E+03  9.00E+00  5.76E+02  3.22E+00
    3350  4.90000000E+00  1.00000000E-02              NaN             NaN             NaN             NaN             NaN             NaN             NaN             NaN   1.00000000E+00      216 |   0.00E+00  0.00E+00  6.78E+03  9.00E+00  6.88E+02  3.84E+00
    3355  4.95000000E+00  1.00000000E-02              NaN             NaN             NaN             NaN             NaN             NaN             NaN             NaN   1.00000000E+00      216 |   0.00E+00  0.00E+00  8.83E+03  9.00E+00  5.28E+02  2.94E+00
    3360  5.00000000E+00  1.00000000E-02              NaN             NaN             NaN             NaN             NaN             NaN             NaN             NaN   1.00000000E+00      216 |   0.00E+00  0.00E+00  7.35E+03  9.00E+00  6.34E+02  3.52E+00
    3365  5.05000000E+00  1.00000000E-02              NaN             NaN             NaN             NaN             NaN             NaN             NaN             NaN   1.00000000E+00      216 |   0.00E+00  0.00E+00  8.80E+03  9.00E+00  5.30E+02  2.94E+00
    3370  5.10000000E+00  1.00000000E-02              NaN             NaN             NaN             NaN             NaN             NaN             NaN             NaN   1.00000000E+00      216 |   0.00E+00  0.00E+00  5.78E+03  9.00E+00  8.07E+02  4.46E+00
    3375  5.15000000E+00  1.00000000E-02              NaN             NaN             NaN             NaN             NaN             NaN             NaN             NaN   1.00000000E+00      216 |   0.00E+00  0.00E+00  1.08E+04  9.00E+00  4.33E+02  2.39E+00
    3380  5.20000000E+00  1.00000000E-02              NaN             NaN             NaN             NaN             NaN             NaN             NaN             NaN   1.00000000E+00      216 |   0.00E+00  0.00E+00  4.65E+03  9.00E+00  1.00E+03  5.52E+00
    3385  5.25000000E+00  1.00000000E-02              NaN             NaN             NaN             NaN             NaN             NaN             NaN             NaN   1.00000000E+00      216 |   0.00E+00  0.00E+00  8.96E+03  9.00E+00  5.21E+02  2.86E+00
    3390  5.30000000E+00  1.00000000E-02              NaN             NaN             NaN             NaN             NaN             NaN             NaN             NaN   1.00000000E+00      216 |   0.00E+00  0.00E+00  6.73E+03  9.00E+00  6.93E+02  3.79E+00
    3395  5.35000000E+00  1.00000000E-02              NaN             NaN             NaN             NaN             NaN             NaN             NaN             NaN   1.00000000E+00      216 |   0.00E+00  0.00E+00  1.06E+04  9.00E+00  4.42E+02  2.41E+00
    3400  5.40000000E+00  1.00000000E-02              NaN             NaN             NaN             NaN             NaN             NaN             NaN             NaN   1.00000000E+00      216 |   0.00E+00  0.00E+00  7.39E+03  9.00E+00  6.31E+02  3.44E+00
    3405  5.45000000E+00  1.00000000E-02              NaN             NaN             NaN             NaN             NaN             NaN             NaN             NaN   1.00000000E+00      216 |   0.00E+00  0.00E+00  1.06E+04  9.00E+00  4.39E+02  2.38E+00
    3410  5.50000000E+00  1.00000000E-02              NaN             NaN             NaN             NaN             NaN             NaN             NaN             NaN   1.00000000E+00      216 |   0.00E+00  0.00E+00  6.68E+03  9.00E+00  6.98E+02  3.78E+00
    3415  5.55000000E+00  1.00000000E-02              NaN             NaN             NaN             NaN             NaN             NaN             NaN             NaN   1.00000000E+00      216 |   0.00E+00  0.00E+00  1.08E+04  9.00E+00  4.31E+02  2.33E+00
    3420  5.60000000E+00  1.00000000E-02              NaN             NaN             NaN             NaN             NaN             NaN             NaN             NaN   1.00000000E+00      216 |   0.00E+00  0.00E+00  6.29E+03  9.00E+00  7.41E+02  4.00E+00
    3425  5.65000000E+00  1.00000000E-02              NaN             NaN             NaN             NaN             NaN             NaN             NaN             NaN   1.00000000E+00      216 |   0.00E+00  0.00E+00  9.74E+03  9.00E+00  4.79E+02  2.57E+00
    3430  5.70000000E+00  1.00000000E-02              NaN             NaN             NaN             NaN             NaN             NaN             NaN             NaN   1.00000000E+00      216 |   0.00E+00  0.00E+00  6.52E+03  9.00E+00  7.15E+02  3.83E+00
    3435  5.75000000E+00  1.00000000E-02              NaN             NaN             NaN             NaN             NaN             NaN             NaN             NaN   1.00000000E+00      216 |   0.00E+00  0.00E+00  1.09E+04  9.00E+00  4.28E+02  2.29E+00
    3440  5.80000000E+00  1.00000000E-02              NaN             NaN             NaN             NaN             NaN             NaN             NaN             NaN   1.00000000E+00      216 |   0.00E+00  0.00E+00  7.32E+03  9.00E+00  6.38E+02  3.40E+00
    3445  5.85000000E+00  1.00000000E-02              NaN             NaN             NaN             NaN             NaN             NaN             NaN             NaN   1.00000000E+00      216 |   0.00E+00  0.00E+00  1.00E+04  9.00E+00  4.66E+02  2.48E+00
    3450  5.90000000E+00  1.00000000E-02              NaN             NaN             NaN             NaN             NaN             NaN             NaN             NaN   1.00000000E+00      216 |   0.00E+00  0.00E+00  7.12E+03  9.00E+00  6.55E+02  3.48E+00
    3455  5.95000000E+00  1.00000000E-02              NaN             NaN             NaN             NaN             NaN             NaN             NaN             NaN   1.00000000E+00      216 |   0.00E+00  0.00E+00  9.91E+03  9.00E+00  4.71E+02  2.49E+00
    3460  6.00000000E+00  1.00000000E-02              NaN             NaN             NaN             NaN             NaN             NaN             NaN             NaN   1.00000000E+00      216 |   0.00E+00  0.00E+00  7.33E+03  9.00E+00  6.36E+02  3.36E+00
    3465  6.05000000E+00  1.00000000E-02              NaN             NaN             NaN             NaN             NaN             NaN             NaN             NaN   1.00000000E+00      216 |   0.00E+00  0.00E+00  9.99E+03  9.00E+00  4.67E+02  2.46E+00
    3470  6.10000000E+00  1.00000000E-02              NaN             NaN             NaN             NaN             NaN             NaN             NaN             NaN   1.00000000E+00      216 |   0.00E+00  0.00E+00  6.64E+03  9.00E+00  7.02E+02  3.69E+00
    3475  6.15000000E+00  1.00000000E-02              NaN             NaN             NaN             NaN             NaN             NaN             NaN             NaN   1.00000000E+00      216 |   0.00E+00  0.00E+00  1.02E+04  9.00E+00  4.57E+02  2.39E+00
    3480  6.20000000E+00  1.00000000E-02              NaN             NaN             NaN             NaN             NaN             NaN             NaN             NaN   1.00000000E+00      216 |   0.00E+00  0.00E+00  7.31E+03  9.00E+00  6.39E+02  3.33E+00
    3485  6.25000000E+00  1.00000000E-02              NaN             NaN             NaN             NaN             NaN             NaN             NaN             NaN   1.00000000E+00      216 |   0.00E+00  0.00E+00  9.82E+03  9.00E+00  4.75E+02  2.47E+00
    3490  6.30000000E+00  1.00000000E-02              NaN             NaN             NaN             NaN             NaN             NaN             NaN             NaN   1.00000000E+00      216 |   0.00E+00  0.00E+00  7.35E+03  9.00E+00  6.35E+02  3.30E+00
    3495  6.35000000E+00  1.00000000E-02              NaN             NaN             NaN             NaN             NaN             NaN             NaN             NaN   1.00000000E+00      216 |   0.00E+00  0.00E+00  1.03E+04  9.00E+00  4.54E+02  2.35E+00
    3500  6.40000000E+00  1.00000000E-02              NaN             NaN             NaN             NaN             NaN             NaN             NaN             NaN   1.00000000E+00      216 |   0.00E+00  0.00E+00  7.29E+03  9.00E+00  6.40E+02  3.31E+00
    3505  6.45000000E+00  1.00000000E-02              NaN             NaN             NaN             NaN             NaN             NaN             NaN             NaN   1.00000000E+00      216 |   0.00E+00  0.00E+00  1.03E+04  9.00E+00  4.52E+02  2.33E+00
    3510  6.50000000E+00  1.00000000E-02              NaN             NaN             NaN             NaN             NaN             NaN             NaN             NaN   1.00000000E+00      216 |   0.00E+00  0.00E+00  7.27E+03  9.00E+00  6.41E+02  3.30E+00
    3515  6.55000000E+00  1.00000000E-02              NaN             NaN             NaN             NaN             NaN             NaN             NaN             NaN   1.00000000E+00      216 |   0.00E+00  0.00E+00  1.03E+04  9.00E+00  4.51E+02  2.31E+00
    3520  6.60000000E+00  1.00000000E-02              NaN             NaN             NaN             NaN             NaN             NaN             NaN             NaN   1.00000000E+00      216 |   0.00E+00  0.00E+00  7.25E+03  9.00E+00  6.43E+02  3.29E+00
    3525  6.65000000E+00  1.00000000E-02              NaN             NaN             NaN             NaN             NaN             NaN             NaN             NaN   1.00000000E+00      216 |   0.00E+00  0.00E+00  9.80E+03  9.00E+00  4.76E+02  2.43E+00
    3530  6.70000000E+00  1.00000000E-02              NaN             NaN             NaN             NaN             NaN             NaN             NaN             NaN   1.00000000E+00      216 |   0.00E+00  0.00E+00  6.90E+03  9.00E+00  6.76E+02  3.44E+00
    3535  6.75000000E+00  1.00000000E-02              NaN             NaN             NaN             NaN             NaN             NaN             NaN             NaN   1.00000000E+00      216 |   0.00E+00  0.00E+00  9.82E+03  9.00E+00  4.75E+02  2.41E+00
    3540  6.80000000E+00  1.00000000E-02              NaN             NaN             NaN             NaN             NaN             NaN             NaN             NaN   1.00000000E+00      216 |   0.00E+00  0.00E+00  6.96E+03  9.00E+00  6.71E+02  3.39E+00
    3545  6.85000000E+00  1.00000000E-02              NaN             NaN             NaN             NaN             NaN             NaN             NaN             NaN   1.00000000E+00      216 |   0.00E+00  0.00E+00  1.08E+04  9.00E+00  4.34E+02  2.19E+00
    3550  6.90000000E+00  1.00000000E-02              NaN             NaN             NaN             NaN             NaN             NaN             NaN             NaN   1.00000000E+00      216 |   0.00E+00  0.00E+00  7.04E+03  9.00E+00  6.63E+02  3.33E+00
    3555  6.95000000E+00  1.00000000E-02              NaN             NaN             NaN             NaN             NaN             NaN             NaN             NaN   1.00000000E+00      216 |   0.00E+00  0.00E+00  8.55E+03  9.00E+00  5.46E+02  2.74E+00
    3560  7.00000000E+00  1.00000000E-02              NaN             NaN             NaN             NaN             NaN             NaN             NaN             NaN   1.00000000E+00      216 |   0.00E+00  0.00E+00  7.27E+03  9.00E+00  6.42E+02  3.21E+00
    3565  7.05000000E+00  1.00000000E-02              NaN             NaN             NaN             NaN             NaN             NaN             NaN             NaN   1.00000000E+00      216 |   0.00E+00  0.00E+00  1.09E+04  9.00E+00  4.29E+02  2.14E+00
    3570  7.10000000E+00  1.00000000E-02              NaN             NaN             NaN             NaN             NaN             NaN             NaN             NaN   1.00000000E+00      216 |   0.00E+00  0.00E+00  6.80E+03  9.00E+00  6.86E+02  3.41E+00
    3575  7.15000000E+00  1.00000000E-02              NaN             NaN             NaN             NaN             NaN             NaN             NaN             NaN   1.00000000E+00      216 |   0.00E+00  0.00E+00  1.04E+04  9.00E+00  4.47E+02  2.22E+00
    3580  7.20000000E+00  1.00000000E-02              NaN             NaN             NaN             NaN             NaN             NaN             NaN             NaN   1.00000000E+00      216 |   0.00E+00  0.00E+00  7.01E+03  9.00E+00  6.65E+02  3.29E+00
    3585  7.25000000E+00  1.00000000E-02              NaN             NaN             NaN             NaN             NaN             NaN             NaN             NaN   1.00000000E+00      216 |   0.00E+00  0.00E+00  1.06E+04  9.00E+00  4.39E+02  2.16E+00
    3590  7.30000000E+00  1.00000000E-02              NaN             NaN             NaN             NaN             NaN             NaN             NaN             NaN   1.00000000E+00      216 |   0.00E+00  0.00E+00  7.13E+03  9.00E+00  6.54E+02  3.22E+00
    3595  7.35000000E+00  1.00000000E-02              NaN             NaN             NaN             NaN             NaN             NaN             NaN             NaN   1.00000000E+00      216 |   0.00E+00  0.00E+00  1.07E+04  9.00E+00  4.37E+02  2.14E+00
    3600  7.40000000E+00  1.00000000E-02              NaN             NaN             NaN             NaN             NaN             NaN             NaN             NaN   1.00000000E+00      216 |   0.00E+00  0.00E+00  6.73E+03  9.00E+00  6.94E+02  3.39E+00
    3605  7.45000000E+00  1.00000000E-02              NaN             NaN             NaN             NaN             NaN             NaN             NaN             NaN   1.00000000E+00      216 |   0.00E+00  0.00E+00  1.04E+04  9.00E+00  4.48E+02  2.18E+00
    3610  7.50000000E+00  1.00000000E-02              NaN             NaN             NaN             NaN             NaN             NaN             NaN             NaN   1.00000000E+00      216 |   0.00E+00  0.00E+00  7.27E+03  9.00E+00  6.41E+02  3.12E+00
    3615  7.55000000E+00  1.00000000E-02              NaN             NaN             NaN             NaN             NaN             NaN             NaN             NaN   1.00000000E+00      216 |   0.00E+00  0.00E+00  1.06E+04  9.00E+00  4.39E+02  2.13E+00
    3620  7.60000000E+00  1.00000000E-02              NaN             NaN             NaN             NaN             NaN             NaN             NaN             NaN   1.00000000E+00      216 |   0.00E+00  0.00E+00  7.21E+03  9.00E+00  6.47E+02  3.13E+00
    3625  7.65000000E+00  1.00000000E-02              NaN             NaN             NaN             NaN             NaN             NaN             NaN             NaN   1.00000000E+00      216 |   0.00E+00  0.00E+00  1.09E+04  9.00E+00  4.29E+02  2.07E+00
    3630  7.70000000E+00  1.00000000E-02              NaN             NaN             NaN             NaN             NaN             NaN             NaN             NaN   1.00000000E+00      216 |   0.00E+00  0.00E+00  7.13E+03  9.00E+00  6.54E+02  3.14E+00
    3635  7.75000000E+00  1.00000000E-02              NaN             NaN             NaN             NaN             NaN             NaN             NaN             NaN   1.00000000E+00      216 |   0.00E+00  0.00E+00  1.02E+04  9.00E+00  4.59E+02  2.20E+00
    3640  7.80000000E+00  1.00000000E-02              NaN             NaN             NaN             NaN             NaN             NaN             NaN             NaN   1.00000000E+00      216 |   0.00E+00  0.00E+00  6.99E+03  9.00E+00  6.68E+02  3.19E+00
    3645  7.85000000E+00  1.00000000E-02              NaN             NaN             NaN             NaN             NaN             NaN             NaN             NaN   1.00000000E+00      216 |   0.00E+00  0.00E+00  9.22E+03  9.00E+00  5.06E+02  2.41E+00
    3650  7.90000000E+00  1.00000000E-02              NaN             NaN             NaN             NaN             NaN             NaN             NaN             NaN   1.00000000E+00      216 |   0.00E+00  0.00E+00  6.42E+03  9.00E+00  7.26E+02  3.45E+00
    3655  7.95000000E+00  1.00000000E-02              NaN             NaN             NaN             NaN             NaN             NaN             NaN             NaN   1.00000000E+00      216 |   0.00E+00  0.00E+00  1.02E+04  9.00E+00  4.58E+02  2.17E+00
    3660  8.00000000E+00  1.00000000E-02              NaN             NaN             NaN             NaN             NaN             NaN             NaN             NaN   1.00000000E+00      216 |   0.00E+00  0.00E+00  6.72E+03  9.00E+00  6.94E+02  3.28E+00
    3665  8.05000000E+00  1.00000000E-02              NaN             NaN             NaN             NaN             NaN             NaN             NaN             NaN   1.00000000E+00      216 |   0.00E+00  0.00E+00  1.04E+04  9.00E+00  4.49E+02  2.11E+00
    3670  8.10000000E+00  1.00000000E-02              NaN             NaN             NaN             NaN             NaN             NaN             NaN             NaN   1.00000000E+00      216 |   0.00E+00  0.00E+00  6.67E+03  9.00E+00  6.99E+02  3.28E+00
    3675  8.15000000E+00  1.00000000E-02              NaN             NaN             NaN             NaN             NaN             NaN             NaN             NaN   1.00000000E+00      216 |   0.00E+00  0.00E+00  1.04E+04  9.00E+00  4.50E+02  2.11E+00
    3680  8.20000000E+00  1.00000000E-02              NaN             NaN             NaN             NaN             NaN             NaN             NaN             NaN   1.00000000E+00      216 |   0.00E+00  0.00E+00  6.12E+03  9.00E+00  7.63E+02  3.56E+00
    3685  8.25000000E+00  1.00000000E-02              NaN             NaN             NaN             NaN             NaN             NaN             NaN             NaN   1.00000000E+00      216 |   0.00E+00  0.00E+00  1.08E+04  9.00E+00  4.32E+02  2.01E+00
    3690  8.30000000E+00  1.00000000E-02              NaN             NaN             NaN             NaN             NaN             NaN             NaN             NaN   1.00000000E+00      216 |   0.00E+00  0.00E+00  6.48E+03  9.00E+00  7.20E+02  3.34E+00
    3695  8.35000000E+00  1.00000000E-02              NaN             NaN             NaN             NaN             NaN             NaN             NaN             NaN   1.00000000E+00      216 |   0.00E+00  0.00E+00  1.05E+04  9.00E+00  4.45E+02  2.06E+00
    3700  8.40000000E+00  1.00000000E-02              NaN             NaN             NaN             NaN             NaN             NaN             NaN             NaN   1.00000000E+00      216 |   0.00E+00  0.00E+00  6.49E+03  9.00E+00  7.19E+02  3.31E+00
    3705  8.45000000E+00  1.00000000E-02              NaN             NaN             NaN             NaN             NaN             NaN             NaN             NaN   1.00000000E+00      216 |   0.00E+00  0.00E+00  9.99E+03  9.00E+00  4.67E+02  2.15E+00
    3710  8.50000000E+00  1.00000000E-02              NaN             NaN             NaN             NaN             NaN             NaN             NaN             NaN   1.00000000E+00      216 |   0.00E+00  0.00E+00  6.85E+03  9.00E+00  6.81E+02  3.12E+00
    3715  8.55000000E+00  1.00000000E-02              NaN             NaN             NaN             NaN             NaN             NaN             NaN             NaN   1.00000000E+00      216 |   0.00E+00  0.00E+00  8.84E+03  9.00E+00  5.28E+02  2.41E+00
    3720  8.60000000E+00  1.00000000E-02              NaN             NaN             NaN             NaN             NaN             NaN             NaN             NaN   1.00000000E+00      216 |   0.00E+00  0.00E+00  7.05E+03  9.00E+00  6.62E+02  3.01E+00
    3725  8.65000000E+00  1.00000000E-02              NaN             NaN             NaN             NaN             NaN             NaN             NaN             NaN   1.00000000E+00      216 |   0.00E+00  0.00E+00  1.05E+04  9.00E+00  4.44E+02  2.01E+00
    3730  8.70000000E+00  1.00000000E-02              NaN             NaN             NaN             NaN             NaN             NaN             NaN             NaN   1.00000000E+00      216 |   0.00E+00  0.00E+00  6.83E+03  9.00E+00  6.83E+02  3.09E+00
    3735  8.75000000E+00  1.00000000E-02              NaN             NaN             NaN             NaN             NaN             NaN             NaN             NaN   1.00000000E+00      216 |   0.00E+00  0.00E+00  1.07E+04  9.00E+00  4.34E+02  1.96E+00
    3740  8.80000000E+00  1.00000000E-02              NaN             NaN             NaN             NaN             NaN             NaN             NaN             NaN   1.00000000E+00      216 |   0.00E+00  0.00E+00  6.41E+03  9.00E+00  7.28E+02  3.28E+00
    3745  8.85000000E+00  1.00000000E-02              NaN             NaN             NaN             NaN             NaN             NaN             NaN             NaN   1.00000000E+00      216 |   0.00E+00  0.00E+00  1.05E+04  9.00E+00  4.46E+02  2.00E+00
    3750  8.90000000E+00  1.00000000E-02              NaN             NaN             NaN             NaN             NaN             NaN             NaN             NaN   1.00000000E+00      216 |   0.00E+00  0.00E+00  7.25E+03  9.00E+00  6.43E+02  2.88E+00
    3755  8.95000000E+00  1.00000000E-02              NaN             NaN             NaN             NaN             NaN             NaN             NaN             NaN   1.00000000E+00      216 |   0.00E+00  0.00E+00  9.48E+03  9.00E+00  4.92E+02  2.20E+00
    3760  9.00000000E+00  1.00000000E-02              NaN             NaN             NaN             NaN             NaN             NaN             NaN             NaN   1.00000000E+00      216 |   0.00E+00  0.00E+00  6.94E+03  9.00E+00  6.72E+02  2.99E+00
    3765  9.05000000E+00  1.00000000E-02              NaN             NaN             NaN             NaN             NaN             NaN             NaN             NaN   1.00000000E+00      216 |   0.00E+00  0.00E+00  1.01E+04  9.00E+00  4.61E+02  2.04E+00
    3770  9.10000000E+00  1.00000000E-02              NaN             NaN             NaN             NaN             NaN             NaN             NaN             NaN   1.00000000E+00      216 |   0.00E+00  0.00E+00  6.41E+03  9.00E+00  7.28E+02  3.22E+00
    3775  9.15000000E+00  1.00000000E-02              NaN             NaN             NaN             NaN             NaN             NaN             NaN             NaN   1.00000000E+00      216 |   0.00E+00  0.00E+00  9.63E+03  9.00E+00  4.85E+02  2.13E+00
    3780  9.20000000E+00  1.00000000E-02              NaN             NaN             NaN             NaN             NaN             NaN             NaN             NaN   1.00000000E+00      216 |   0.00E+00  0.00E+00  7.01E+03  9.00E+00  6.66E+02  2.92E+00
    3785  9.25000000E+00  1.00000000E-02              NaN             NaN             NaN             NaN             NaN             NaN             NaN             NaN   1.00000000E+00      216 |   0.00E+00  0.00E+00  9.96E+03  9.00E+00  4.68E+02  2.05E+00
    3790  9.30000000E+00  1.00000000E-02              NaN             NaN             NaN             NaN             NaN             NaN             NaN             NaN   1.00000000E+00      216 |   0.00E+00  0.00E+00  6.32E+03  9.00E+00  7.38E+02  3.22E+00
    3795  9.35000000E+00  1.00000000E-02              NaN             NaN             NaN             NaN             NaN             NaN             NaN             NaN   1.00000000E+00      216 |   0.00E+00  0.00E+00  9.68E+03  9.00E+00  4.82E+02  2.10E+00
    3800  9.40000000E+00  1.00000000E-02              NaN             NaN             NaN             NaN             NaN             NaN             NaN             NaN   1.00000000E+00      216 |   0.00E+00  0.00E+00  6.98E+03  9.00E+00  6.69E+02  2.90E+00
    3805  9.45000000E+00  1.00000000E-02              NaN             NaN             NaN             NaN             NaN             NaN             NaN             NaN   1.00000000E+00      216 |   0.00E+00  0.00E+00  1.05E+04  9.00E+00  4.46E+02  1.93E+00
    3810  9.50000000E+00  1.00000000E-02              NaN             NaN             NaN             NaN             NaN             NaN             NaN             NaN   1.00000000E+00      216 |   0.00E+00  0.00E+00  5.81E+03  9.00E+00  8.03E+02  3.46E+00
    3815  9.55000000E+00  1.00000000E-02              NaN             NaN             NaN             NaN             NaN             NaN             NaN             NaN   1.00000000E+00      216 |   0.00E+00  0.00E+00  9.05E+03  9.00E+00  5.15E+02  2.21E+00
    3820  9.60000000E+00  1.00000000E-02              NaN             NaN             NaN             NaN             NaN             NaN             NaN             NaN   1.00000000E+00      216 |   0.00E+00  0.00E+00  6.48E+03  9.00E+00  7.20E+02  3.08E+00
    3825  9.65000000E+00  1.00000000E-02              NaN             NaN             NaN             NaN             NaN             NaN             NaN             NaN   1.00000000E+00      216 |   0.00E+00  0.00E+00  9.32E+03  9.00E+00  5.01E+02  2.13E+00
    3830  9.70000000E+00  1.00000000E-02              NaN             NaN             NaN             NaN             NaN             NaN             NaN             NaN   1.00000000E+00      216 |   0.00E+00  0.00E+00  7.05E+03  9.00E+00  6.62E+02  2.81E+00
    3835  9.75000000E+00  1.00000000E-02              NaN             NaN             NaN             NaN             NaN             NaN             NaN             NaN   1.00000000E+00      216 |   0.00E+00  0.00E+00  8.93E+03  9.00E+00  5.23E+02  2.21E+00
    3840  9.80000000E+00  1.00000000E-02              NaN             NaN             NaN             NaN             NaN             NaN             NaN             NaN   1.00000000E+00      216 |   0.00E+00  0.00E+00  6.19E+03  9.00E+00  7.54E+02  3.18E+00
    3845  9.85000000E+00  1.00000000E-02              NaN             NaN             NaN             NaN             NaN             NaN             NaN             NaN   1.00000000E+00      216 |   0.00E+00  0.00E+00  1.01E+04  9.00E+00  4.64E+02  1.95E+00
    3850  9.90000000E+00  1.00000000E-02              NaN             NaN             NaN             NaN             NaN             NaN             NaN             NaN   1.00000000E+00      216 |   0.00E+00  0.00E+00  6.16E+03  9.00E+00  7.58E+02  3.18E+00
    3855  9.95000000E+00  1.00000000E-02              NaN             NaN             NaN             NaN             NaN             NaN             NaN             NaN   1.00000000E+00      216 |   0.00E+00  0.00E+00  1.01E+04  9.00E+00  4.64E+02  1.94E+00
    3860  1.00000000E+01  1.00000000E-02              NaN             NaN             NaN             NaN             NaN             NaN             NaN             NaN   1.00000000E+00      216 |   0.00E+00  0.00E+00  6.26E+03  9.00E+00  7.46E+02  3.11E+00
    3865  1.00500000E+01  1.00000000E-02              NaN             NaN             NaN             NaN             NaN             NaN             NaN             NaN   1.00000000E+00      216 |   0.00E+00  0.00E+00  1.05E+04  9.00E+00  4.45E+02  1.85E+00
    3870  1.01000000E+01  1.00000000E-02              NaN             NaN             NaN             NaN             NaN             NaN             NaN             NaN   1.00000000E+00      216 |   0.00E+00  0.00E+00  7.25E+03  9.00E+00  6.43E+02  2.66E+00
    3875  1.01500000E+01  1.00000000E-02              NaN             NaN             NaN             NaN             NaN             NaN             NaN             NaN   1.00000000E+00      216 |   0.00E+00  0.00E+00  1.08E+04  9.00E+00  4.33E+02  1.79E+00
    3880  1.02000000E+01  1.00000000E-02              NaN             NaN             NaN             NaN             NaN             NaN             NaN             NaN   1.00000000E+00      216 |   0.00E+00  0.00E+00  7.32E+03  9.00E+00  6.38E+02  2.62E+00
    3885  1.02500000E+01  1.00000000E-02              NaN             NaN             NaN             NaN             NaN             NaN             NaN             NaN   1.00000000E+00      216 |   0.00E+00  0.00E+00  8.86E+03  9.00E+00  5.26E+02  2.16E+00
    3890  1.03000000E+01  1.00000000E-02              NaN             NaN             NaN             NaN             NaN             NaN             NaN             NaN   1.00000000E+00      216 |   0.00E+00  0.00E+00  7.30E+03  9.00E+00  6.39E+02  2.61E+00
    3895  1.03500000E+01  1.00000000E-02              NaN             NaN             NaN             NaN             NaN             NaN             NaN             NaN   1.00000000E+00      216 |   0.00E+00  0.00E+00  8.59E+03  9.00E+00  5.43E+02  2.21E+00
    3900  1.04000000E+01  1.00000000E-02              NaN             NaN             NaN             NaN             NaN             NaN             NaN             NaN   1.00000000E+00      216 |   0.00E+00  0.00E+00  7.05E+03  9.00E+00  6.62E+02  2.68E+00
    3905  1.04500000E+01  1.00000000E-02              NaN             NaN             NaN             NaN             NaN             NaN             NaN             NaN   1.00000000E+00      216 |   0.00E+00  0.00E+00  1.07E+04  9.00E+00  4.36E+02  1.76E+00
    3910  1.05000000E+01  1.00000000E-02              NaN             NaN             NaN             NaN             NaN             NaN             NaN             NaN   1.00000000E+00      216 |   0.00E+00  0.00E+00  6.64E+03  9.00E+00  7.03E+02  2.83E+00
    3915  1.05500000E+01  1.00000000E-02              NaN             NaN             NaN             NaN             NaN             NaN             NaN             NaN   1.00000000E+00      216 |   0.00E+00  0.00E+00  1.06E+04  9.00E+00  4.40E+02  1.77E+00
    3920  1.06000000E+01  1.00000000E-02              NaN             NaN             NaN             NaN             NaN             NaN             NaN             NaN   1.00000000E+00      216 |   0.00E+00  0.00E+00  6.39E+03  9.00E+00  7.30E+02  2.92E+00
    3925  1.06500000E+01  1.00000000E-02              NaN             NaN             NaN             NaN             NaN             NaN             NaN             NaN   1.00000000E+00      216 |   0.00E+00  0.00E+00  1.04E+04  9.00E+00  4.48E+02  1.79E+00
    3930  1.07000000E+01  1.00000000E-02              NaN             NaN             NaN             NaN             NaN             NaN             NaN             NaN   1.00000000E+00      216 |   0.00E+00  0.00E+00  6.79E+03  9.00E+00  6.87E+02  2.73E+00
    3935  1.07500000E+01  1.00000000E-02              NaN             NaN             NaN             NaN             NaN             NaN             NaN             NaN   1.00000000E+00      216 |   0.00E+00  0.00E+00  1.08E+04  9.00E+00  4.33E+02  1.72E+00
    3940  1.08000000E+01  1.00000000E-02              NaN             NaN             NaN             NaN             NaN             NaN             NaN             NaN   1.00000000E+00      216 |   0.00E+00  0.00E+00  6.71E+03  9.00E+00  6.95E+02  2.74E+00
    3945  1.08500000E+01  1.00000000E-02              NaN             NaN             NaN             NaN             NaN             NaN             NaN             NaN   1.00000000E+00      216 |   0.00E+00  0.00E+00  1.00E+04  9.00E+00  4.65E+02  1.83E+00
    3950  1.09000000E+01  1.00000000E-02              NaN             NaN             NaN             NaN             NaN             NaN             NaN             NaN   1.00000000E+00      216 |   0.00E+00  0.00E+00  6.25E+03  9.00E+00  7.47E+02  2.93E+00
    3955  1.09500000E+01  1.00000000E-02              NaN             NaN             NaN             NaN             NaN             NaN             NaN             NaN   1.00000000E+00      216 |   0.00E+00  0.00E+00  1.04E+04  9.00E+00  4.49E+02  1.75E+00
    3960  1.10000000E+01  1.00000000E-02              NaN             NaN             NaN             NaN             NaN             NaN             NaN             NaN   1.00000000E+00      216 |   0.00E+00  0.00E+00  7.24E+03  9.00E+00  6.44E+02  2.51E+00
    3965  1.10500000E+01  1.00000000E-02              NaN             NaN             NaN             NaN             NaN             NaN             NaN             NaN   1.00000000E+00      216 |   0.00E+00  0.00E+00  1.00E+04  9.00E+00  4.67E+02  1.81E+00
    3970  1.11000000E+01  1.00000000E-02              NaN             NaN             NaN             NaN             NaN             NaN             NaN             NaN   1.00000000E+00      216 |   0.00E+00  0.00E+00  6.60E+03  9.00E+00  7.07E+02  2.73E+00
    3975  1.11500000E+01  1.00000000E-02              NaN             NaN             NaN             NaN             NaN             NaN             NaN             NaN   1.00000000E+00      216 |   0.00E+00  0.00E+00  1.03E+04  9.00E+00  4.51E+02  1.74E+00
    3980  1.12000000E+01  1.00000000E-02              NaN             NaN             NaN             NaN             NaN             NaN             NaN             NaN   1.00000000E+00      216 |   0.00E+00  0.00E+00  6.29E+03  9.00E+00  7.42E+02  2.84E+00
    3985  1.12500000E+01  1.00000000E-02              NaN             NaN             NaN             NaN             NaN             NaN             NaN             NaN   1.00000000E+00      216 |   0.00E+00  0.00E+00  9.16E+03  9.00E+00  5.09E+02  1.94E+00
    3990  1.13000000E+01  1.00000000E-02              NaN             NaN             NaN             NaN             NaN             NaN             NaN             NaN   1.00000000E+00      216 |   0.00E+00  0.00E+00  6.28E+03  9.00E+00  7.43E+02  2.83E+00
    3995  1.13500000E+01  1.00000000E-02              NaN             NaN             NaN             NaN             NaN             NaN             NaN             NaN   1.00000000E+00      216 |   0.00E+00  0.00E+00  1.06E+04  9.00E+00  4.40E+02  1.67E+00
    4000  1.14000000E+01  1.00000000E-02              NaN             NaN             NaN             NaN             NaN             NaN             NaN             NaN   1.00000000E+00      216 |   0.00E+00  0.00E+00  7.05E+03  9.00E+00  6.62E+02  2.50E+00
    4005  1.14500000E+01  1.00000000E-02              NaN             NaN             NaN             NaN             NaN             NaN             NaN             NaN   1.00000000E+00      216 |   0.00E+00  0.00E+00  1.07E+04  9.00E+00  4.34E+02  1.63E+00
    4010  1.15000000E+01  1.00000000E-02              NaN             NaN             NaN             NaN             NaN             NaN             NaN             NaN   1.00000000E+00      216 |   0.00E+00  0.00E+00  6.01E+03  9.00E+00  7.76E+02  2.91E+00
    4015  1.15500000E+01  1.00000000E-02              NaN             NaN             NaN             NaN             NaN             NaN             NaN             NaN   1.00000000E+00      216 |   0.00E+00  0.00E+00  1.09E+04  9.00E+00  4.30E+02  1.61E+00
    4020  1.16000000E+01  1.00000000E-02              NaN             NaN             NaN             NaN             NaN             NaN             NaN             NaN   1.00000000E+00      216 |   0.00E+00  0.00E+00  7.26E+03  9.00E+00  6.42E+02  2.39E+00
    4025  1.16500000E+01  1.00000000E-02              NaN             NaN             NaN             NaN             NaN             NaN             NaN             NaN   1.00000000E+00      216 |   0.00E+00  0.00E+00  9.89E+03  9.00E+00  4.72E+02  1.75E+00
    4030  1.17000000E+01  1.00000000E-02              NaN             NaN             NaN             NaN             NaN             NaN             NaN             NaN   1.00000000E+00      216 |   0.00E+00  0.00E+00  6.83E+03  9.00E+00  6.83E+02  2.52E+00
    4035  1.17500000E+01  1.00000000E-02              NaN             NaN             NaN             NaN             NaN             NaN             NaN             NaN   1.00000000E+00      216 |   0.00E+00  0.00E+00  1.02E+04  9.00E+00  4.56E+02  1.68E+00
    4040  1.18000000E+01  1.00000000E-02              NaN             NaN             NaN             NaN             NaN             NaN             NaN             NaN   1.00000000E+00      216 |   0.00E+00  0.00E+00  6.97E+03  9.00E+00  6.70E+02  2.46E+00
    4045  1.18500000E+01  1.00000000E-02              NaN             NaN             NaN             NaN             NaN             NaN             NaN             NaN   1.00000000E+00      216 |   0.00E+00  0.00E+00  9.42E+03  9.00E+00  4.95E+02  1.81E+00
    4050  1.19000000E+01  1.00000000E-02              NaN             NaN             NaN             NaN             NaN             NaN             NaN             NaN   1.00000000E+00      216 |   0.00E+00  0.00E+00  7.23E+03  9.00E+00  6.45E+02  2.35E+00
    4055  1.19500000E+01  1.00000000E-02              NaN             NaN             NaN             NaN             NaN             NaN             NaN             NaN   1.00000000E+00      216 |   0.00E+00  0.00E+00  1.00E+04  9.00E+00  4.65E+02  1.69E+00
    4060  1.20000000E+01  1.00000000E-02              NaN             NaN             NaN             NaN             NaN             NaN             NaN             NaN   1.00000000E+00      216 |   0.00E+00  0.00E+00  6.81E+03  9.00E+00  6.85E+02  2.47E+00
    4065  1.20500000E+01  1.00000000E-02              NaN             NaN             NaN             NaN             NaN             NaN             NaN             NaN   1.00000000E+00      216 |   0.00E+00  0.00E+00  9.39E+03  9.00E+00  4.97E+02  1.79E+00
    4070  1.21000000E+01  1.00000000E-02              NaN             NaN             NaN             NaN             NaN             NaN             NaN             NaN   1.00000000E+00      216 |   0.00E+00  0.00E+00  6.64E+03  9.00E+00  7.03E+02  2.52E+00
    4075  1.21500000E+01  1.00000000E-02              NaN             NaN             NaN             NaN             NaN             NaN             NaN             NaN   1.00000000E+00      216 |   0.00E+00  0.00E+00  1.08E+04  9.00E+00  4.34E+02  1.55E+00
    4080  1.22000000E+01  1.00000000E-02              NaN             NaN             NaN             NaN             NaN             NaN             NaN             NaN   1.00000000E+00      216 |   0.00E+00  0.00E+00  6.81E+03  9.00E+00  6.85E+02  2.44E+00
    4085  1.22500000E+01  1.00000000E-02              NaN             NaN             NaN             NaN             NaN             NaN             NaN             NaN   1.00000000E+00      216 |   0.00E+00  0.00E+00  1.05E+04  9.00E+00  4.45E+02  1.58E+00
    4090  1.23000000E+01  1.00000000E-02              NaN             NaN             NaN             NaN             NaN             NaN             NaN             NaN   1.00000000E+00      216 |   0.00E+00  0.00E+00  7.33E+03  9.00E+00  6.37E+02  2.25E+00
    4095  1.23500000E+01  1.00000000E-02              NaN             NaN             NaN             NaN             NaN             NaN             NaN             NaN   1.00000000E+00      216 |   0.00E+00  0.00E+00  1.08E+04  9.00E+00  4.32E+02  1.52E+00
    4100  1.24000000E+01  1.00000000E-02              NaN             NaN             NaN             NaN             NaN             NaN             NaN             NaN   1.00000000E+00      216 |   0.00E+00  0.00E+00  7.19E+03  9.00E+00  6.49E+02  2.27E+00
    4105  1.24500000E+01  1.00000000E-02              NaN             NaN             NaN             NaN             NaN             NaN             NaN             NaN   1.00000000E+00      216 |   0.00E+00  0.00E+00  9.51E+03  9.00E+00  4.90E+02  1.71E+00
    4110  1.25000000E+01  1.00000000E-02              NaN             NaN             NaN             NaN             NaN             NaN             NaN             NaN   1.00000000E+00      216 |   0.00E+00  0.00E+00  6.88E+03  9.00E+00  6.78E+02  2.35E+00
    4115  1.25500000E+01  1.00000000E-02              NaN             NaN             NaN             NaN             NaN             NaN             NaN             NaN   1.00000000E+00      216 |   0.00E+00  0.00E+00  9.50E+03  9.00E+00  4.91E+02  1.70E+00
    4120  1.26000000E+01  1.00000000E-02              NaN             NaN             NaN             NaN             NaN             NaN             NaN             NaN   1.00000000E+00      216 |   0.00E+00  0.00E+00  6.68E+03  9.00E+00  6.98E+02  2.41E+00
    4125  1.26500000E+01  1.00000000E-02              NaN             NaN             NaN             NaN             NaN             NaN             NaN             NaN   1.00000000E+00      216 |   0.00E+00  0.00E+00  1.04E+04  9.00E+00  4.50E+02  1.54E+00
    4130  1.27000000E+01  1.00000000E-02              NaN             NaN             NaN             NaN             NaN             NaN             NaN             NaN   1.00000000E+00      216 |   0.00E+00  0.00E+00  7.05E+03  9.00E+00  6.61E+02  2.26E+00
    4135  1.27500000E+01  1.00000000E-02              NaN             NaN             NaN             NaN             NaN             NaN             NaN             NaN   1.00000000E+00      216 |   0.00E+00  0.00E+00  1.09E+04  9.00E+00  4.29E+02  1.46E+00
    4140  1.28000000E+01  1.00000000E-02              NaN             NaN             NaN             NaN             NaN             NaN             NaN             NaN   1.00000000E+00      216 |   0.00E+00  0.00E+00  7.38E+03  9.00E+00  6.32E+02  2.14E+00
    4145  1.28500000E+01  1.00000000E-02              NaN             NaN             NaN             NaN             NaN             NaN             NaN             NaN   1.00000000E+00      216 |   0.00E+00  0.00E+00  1.07E+04  9.00E+00  4.35E+02  1.47E+00
    4150  1.29000000E+01  1.00000000E-02              NaN             NaN             NaN             NaN             NaN             NaN             NaN             NaN   1.00000000E+00      216 |   0.00E+00  0.00E+00  7.34E+03  9.00E+00  6.36E+02  2.14E+00
    4155  1.29500000E+01  1.00000000E-02              NaN             NaN             NaN             NaN             NaN             NaN             NaN             NaN   1.00000000E+00      216 |   0.00E+00  0.00E+00  1.09E+04  9.00E+00  4.27E+02  1.43E+00
    4160  1.30000000E+01  1.00000000E-02              NaN             NaN             NaN             NaN             NaN             NaN             NaN             NaN   1.00000000E+00      216 |   0.00E+00  0.00E+00  7.32E+03  9.00E+00  6.37E+02  2.12E+00
    4165  1.30500000E+01  1.00000000E-02              NaN             NaN             NaN             NaN             NaN             NaN             NaN             NaN   1.00000000E+00      216 |   0.00E+00  0.00E+00  1.08E+04  9.00E+00  4.31E+02  1.43E+00
    4170  1.31000000E+01  1.00000000E-02              NaN             NaN             NaN             NaN             NaN             NaN             NaN             NaN   1.00000000E+00      216 |   0.00E+00  0.00E+00  7.31E+03  9.00E+00  6.38E+02  2.11E+00
    4175  1.31500000E+01  1.00000000E-02              NaN             NaN             NaN             NaN             NaN             NaN             NaN             NaN   1.00000000E+00      216 |   0.00E+00  0.00E+00  1.09E+04  9.00E+00  4.30E+02  1.42E+00
    4180  1.32000000E+01  1.00000000E-02              NaN             NaN             NaN             NaN             NaN             NaN             NaN             NaN   1.00000000E+00      216 |   0.00E+00  0.00E+00  7.25E+03  9.00E+00  6.43E+02  2.11E+00
    4185  1.32500000E+01  1.00000000E-02              NaN             NaN             NaN             NaN             NaN             NaN             NaN             NaN   1.00000000E+00      216 |   0.00E+00  0.00E+00  1.08E+04  9.00E+00  4.31E+02  1.41E+00
    4190  1.33000000E+01  1.00000000E-02              NaN             NaN             NaN             NaN             NaN             NaN             NaN             NaN   1.00000000E+00      216 |   0.00E+00  0.00E+00  6.94E+03  9.00E+00  6.72E+02  2.18E+00
    4195  1.33500000E+01  1.00000000E-02              NaN             NaN             NaN             NaN             NaN             NaN             NaN             NaN   1.00000000E+00      216 |   0.00E+00  0.00E+00  1.03E+04  9.00E+00  4.52E+02  1.46E+00
    4200  1.34000000E+01  1.00000000E-02              NaN             NaN             NaN             NaN             NaN             NaN             NaN             NaN   1.00000000E+00      216 |   0.00E+00  0.00E+00  6.64E+03  9.00E+00  7.03E+02  2.26E+00
    4205  1.34500000E+01  1.00000000E-02              NaN             NaN             NaN             NaN             NaN             NaN             NaN             NaN   1.00000000E+00      216 |   0.00E+00  0.00E+00  7.93E+03  9.00E+00  5.89E+02  1.89E+00
    4210  1.35000000E+01  1.00000000E-02              NaN             NaN             NaN             NaN             NaN             NaN             NaN             NaN   1.00000000E+00      216 |   0.00E+00  0.00E+00  6.76E+03  9.00E+00  6.90E+02  2.20E+00
    4215  1.35500000E+01  1.00000000E-02              NaN             NaN             NaN             NaN             NaN             NaN             NaN             NaN   1.00000000E+00      216 |   0.00E+00  0.00E+00  9.33E+03  9.00E+00  5.00E+02  1.59E+00
    4220  1.36000000E+01  1.00000000E-02              NaN             NaN             NaN             NaN             NaN             NaN             NaN             NaN   1.00000000E+00      216 |   0.00E+00  0.00E+00  7.23E+03  9.00E+00  6.45E+02  2.04E+00
    4225  1.36500000E+01  1.00000000E-02              NaN             NaN             NaN             NaN             NaN             NaN             NaN             NaN   1.00000000E+00      216 |   0.00E+00  0.00E+00  9.77E+03  9.00E+00  4.78E+02  1.51E+00
    4230  1.37000000E+01  1.00000000E-02              NaN             NaN             NaN             NaN             NaN             NaN             NaN             NaN   1.00000000E+00      216 |   0.00E+00  0.00E+00  7.34E+03  9.00E+00  6.36E+02  2.00E+00
    4235  1.37500000E+01  1.00000000E-02              NaN             NaN             NaN             NaN             NaN             NaN             NaN             NaN   1.00000000E+00      216 |   0.00E+00  0.00E+00  9.88E+03  9.00E+00  4.72E+02  1.48E+00
    4240  1.38000000E+01  1.00000000E-02              NaN             NaN             NaN             NaN             NaN             NaN             NaN             NaN   1.00000000E+00      216 |   0.00E+00  0.00E+00  7.02E+03  9.00E+00  6.64E+02  2.07E+00
    4245  1.38500000E+01  1.00000000E-02              NaN             NaN             NaN             NaN             NaN             NaN             NaN             NaN   1.00000000E+00      216 |   0.00E+00  0.00E+00  1.04E+04  9.00E+00  4.48E+02  1.39E+00
    4250  1.39000000E+01  1.00000000E-02              NaN             NaN             NaN             NaN             NaN             NaN             NaN             NaN   1.00000000E+00      216 |   0.00E+00  0.00E+00  7.06E+03  9.00E+00  6.60E+02  2.04E+00
    4255  1.39500000E+01  1.00000000E-02              NaN             NaN             NaN             NaN             NaN             NaN             NaN             NaN   1.00000000E+00      216 |   0.00E+00  0.00E+00  1.00E+04  9.00E+00  4.65E+02  1.43E+00
    4260  1.40000000E+01  1.00000000E-02              NaN             NaN             NaN             NaN             NaN             NaN             NaN             NaN   1.00000000E+00      216 |   0.00E+00  0.00E+00  6.91E+03  9.00E+00  6.75E+02  2.06E+00
    4265  1.40500000E+01  1.00000000E-02              NaN             NaN             NaN             NaN             NaN             NaN             NaN             NaN   1.00000000E+00      216 |   0.00E+00  0.00E+00  9.90E+03  9.00E+00  4.71E+02  1.43E+00
    4270  1.41000000E+01  1.00000000E-02              NaN             NaN             NaN             NaN             NaN             NaN             NaN             NaN   1.00000000E+00      216 |   0.00E+00  0.00E+00  6.79E+03  9.00E+00  6.87E+02  2.08E+00
    4275  1.41500000E+01  1.00000000E-02              NaN             NaN             NaN             NaN             NaN             NaN             NaN             NaN   1.00000000E+00      216 |   0.00E+00  0.00E+00  9.28E+03  9.00E+00  5.03E+02  1.52E+00
    4280  1.42000000E+01  1.00000000E-02              NaN             NaN             NaN             NaN             NaN             NaN             NaN             NaN   1.00000000E+00      216 |   0.00E+00  0.00E+00  7.13E+03  9.00E+00  6.54E+02  1.96E+00
    4285  1.42500000E+01  1.00000000E-02              NaN             NaN             NaN             NaN             NaN             NaN             NaN             NaN   1.00000000E+00      216 |   0.00E+00  0.00E+00  1.01E+04  9.00E+00  4.61E+02  1.38E+00
    4290  1.43000000E+01  1.00000000E-02              NaN             NaN             NaN             NaN             NaN             NaN             NaN             NaN   1.00000000E+00      216 |   0.00E+00  0.00E+00  7.03E+03  9.00E+00  6.64E+02  1.97E+00
    4295  1.43500000E+01  1.00000000E-02              NaN             NaN             NaN             NaN             NaN             NaN             NaN             NaN   1.00000000E+00      216 |   0.00E+00  0.00E+00  1.09E+04  9.00E+00  4.29E+02  1.27E+00
    4300  1.44000000E+01  1.00000000E-02              NaN             NaN             NaN             NaN             NaN             NaN             NaN             NaN   1.00000000E+00      216 |   0.00E+00  0.00E+00  7.17E+03  9.00E+00  6.50E+02  1.92E+00
    4305  1.44500000E+01  1.00000000E-02              NaN             NaN             NaN             NaN             NaN             NaN             NaN             NaN   1.00000000E+00      216 |   0.00E+00  0.00E+00  1.07E+04  9.00E+00  4.38E+02  1.28E+00
    4310  1.45000000E+01  1.00000000E-02              NaN             NaN             NaN             NaN             NaN             NaN             NaN             NaN   1.00000000E+00      216 |   0.00E+00  0.00E+00  6.77E+03  9.00E+00  6.89E+02  2.01E+00
    4315  1.45500000E+01  1.00000000E-02              NaN             NaN             NaN             NaN             NaN             NaN             NaN             NaN   1.00000000E+00      216 |   0.00E+00  0.00E+00  1.00E+04  9.00E+00  4.66E+02  1.35E+00
    4320  1.46000000E+01  1.00000000E-02              NaN             NaN             NaN             NaN             NaN             NaN             NaN             NaN   1.00000000E+00      216 |   0.00E+00  0.00E+00  6.40E+03  9.00E+00  7.29E+02  2.11E+00
    4325  1.46500000E+01  1.00000000E-02              NaN             NaN             NaN             NaN             NaN             NaN             NaN             NaN   1.00000000E+00      216 |   0.00E+00  0.00E+00  1.01E+04  9.00E+00  4.60E+02  1.32E+00
    4330  1.47000000E+01  1.00000000E-02              NaN             NaN             NaN             NaN             NaN             NaN             NaN             NaN   1.00000000E+00      216 |   0.00E+00  0.00E+00  7.23E+03  9.00E+00  6.45E+02  1.85E+00
    4335  1.47500000E+01  1.00000000E-02              NaN             NaN             NaN             NaN             NaN             NaN             NaN             NaN   1.00000000E+00      216 |   0.00E+00  0.00E+00  1.10E+04  9.00E+00  4.26E+02  1.21E+00
    4340  1.48000000E+01  1.00000000E-02              NaN             NaN             NaN             NaN             NaN             NaN             NaN             NaN   1.00000000E+00      216 |   0.00E+00  0.00E+00  6.77E+03  9.00E+00  6.89E+02  1.95E+00
    4345  1.48500000E+01  1.00000000E-02              NaN             NaN             NaN             NaN             NaN             NaN             NaN             NaN   1.00000000E+00      216 |   0.00E+00  0.00E+00  1.08E+04  9.00E+00  4.30E+02  1.21E+00
    4350  1.49000000E+01  1.00000000E-02              NaN             NaN             NaN             NaN             NaN             NaN             NaN             NaN   1.00000000E+00      216 |   0.00E+00  0.00E+00  7.16E+03  9.00E+00  6.52E+02  1.83E+00
    4355  1.49500000E+01  1.00000000E-02              NaN             NaN             NaN             NaN             NaN             NaN             NaN             NaN   1.00000000E+00      216 |   0.00E+00  0.00E+00  1.04E+04  9.00E+00  4.47E+02  1.25E+00
    4360  1.50000000E+01  1.00000000E-02              NaN             NaN             NaN             NaN             NaN             NaN             NaN             NaN   1.00000000E+00      216 |   0.00E+00  0.00E+00  7.23E+03  9.00E+00  6.45E+02  1.79E+00
    4365  1.50500000E+01  1.00000000E-02              NaN             NaN             NaN             NaN             NaN             NaN             NaN             NaN   1.00000000E+00      216 |   0.00E+00  0.00E+00  1.06E+04  9.00E+00  4.42E+02  1.22E+00
    4370  1.51000000E+01  1.00000000E-02              NaN             NaN             NaN             NaN             NaN             NaN             NaN             NaN   1.00000000E+00      216 |   0.00E+00  0.00E+00  7.31E+03  9.00E+00  6.39E+02  1.76E+00
    4375  1.51500000E+01  1.00000000E-02              NaN             NaN             NaN             NaN             NaN             NaN             NaN             NaN   1.00000000E+00      216 |   0.00E+00  0.00E+00  1.09E+04  9.00E+00  4.28E+02  1.17E+00
    4380  1.52000000E+01  1.00000000E-02              NaN             NaN             NaN             NaN             NaN             NaN             NaN             NaN   1.00000000E+00      216 |   0.00E+00  0.00E+00  7.35E+03  9.00E+00  6.35E+02  1.73E+00
    4385  1.52500000E+01  1.00000000E-02              NaN             NaN             NaN             NaN             NaN             NaN             NaN             NaN   1.00000000E+00      216 |   0.00E+00  0.00E+00  1.08E+04  9.00E+00  4.32E+02  1.17E+00
    4390  1.53000000E+01  1.00000000E-02              NaN             NaN             NaN             NaN             NaN             NaN             NaN             NaN   1.00000000E+00      216 |   0.00E+00  0.00E+00  7.27E+03  9.00E+00  6.42E+02  1.73E+00
    4395  1.53500000E+01  1.00000000E-02              NaN             NaN             NaN             NaN             NaN             NaN             NaN             NaN   1.00000000E+00      216 |   0.00E+00  0.00E+00  1.08E+04  9.00E+00  4.32E+02  1.16E+00
    4400  1.54000000E+01  1.00000000E-02              NaN             NaN             NaN             NaN             NaN             NaN             NaN             NaN   1.00000000E+00      216 |   0.00E+00  0.00E+00  7.31E+03  9.00E+00  6.38E+02  1.70E+00
    4405  1.54500000E+01  1.00000000E-02              NaN             NaN             NaN             NaN             NaN             NaN             NaN             NaN   1.00000000E+00      216 |   0.00E+00  0.00E+00  1.08E+04  9.00E+00  4.31E+02  1.14E+00
    4410  1.55000000E+01  1.00000000E-02              NaN             NaN             NaN             NaN             NaN             NaN             NaN             NaN   1.00000000E+00      216 |   0.00E+00  0.00E+00  7.31E+03  9.00E+00  6.38E+02  1.68E+00
    4415  1.55500000E+01  1.00000000E-02              NaN             NaN             NaN             NaN             NaN             NaN             NaN             NaN   1.00000000E+00      216 |   0.00E+00  0.00E+00  1.09E+04  9.00E+00  4.29E+02  1.13E+00
    4420  1.56000000E+01  1.00000000E-02              NaN             NaN             NaN             NaN             NaN             NaN             NaN             NaN   1.00000000E+00      216 |   0.00E+00  0.00E+00  7.21E+03  9.00E+00  6.47E+02  1.69E+00
    4425  1.56500000E+01  1.00000000E-02              NaN             NaN             NaN             NaN             NaN             NaN             NaN             NaN   1.00000000E+00      216 |   0.00E+00  0.00E+00  1.08E+04  9.00E+00  4.31E+02  1.12E+00
    4430  1.57000000E+01  1.00000000E-02              NaN             NaN             NaN             NaN             NaN             NaN             NaN             NaN   1.00000000E+00      216 |   0.00E+00  0.00E+00  6.16E+03  9.00E+00  7.58E+02  1.96E+00
    4435  1.57500000E+01  1.00000000E-02              NaN             NaN             NaN             NaN             NaN             NaN             NaN             NaN   1.00000000E+00      216 |   0.00E+00  0.00E+00  9.90E+03  9.00E+00  4.71E+02  1.21E+00
    4440  1.58000000E+01  1.00000000E-02              NaN             NaN             NaN             NaN             NaN             NaN             NaN             NaN   1.00000000E+00      216 |   0.00E+00  0.00E+00  6.96E+03  9.00E+00  6.70E+02  1.71E+00
    4445  1.58500000E+01  1.00000000E-02              NaN             NaN             NaN             NaN             NaN             NaN             NaN             NaN   1.00000000E+00      216 |   0.00E+00  0.00E+00  1.04E+04  9.00E+00  4.50E+02  1.14E+00
    4450  1.59000000E+01  1.00000000E-02              NaN             NaN             NaN             NaN             NaN             NaN             NaN             NaN   1.00000000E+00      216 |   0.00E+00  0.00E+00  5.76E+03  9.00E+00  8.09E+02  2.05E+00
    4455  1.59500000E+01  1.00000000E-02              NaN             NaN             NaN             NaN             NaN             NaN             NaN             NaN   1.00000000E+00      216 |   0.00E+00  0.00E+00  1.08E+04  9.00E+00  4.31E+02  1.08E+00
    4460  1.60000000E+01  1.00000000E-02              NaN             NaN             NaN             NaN             NaN             NaN             NaN             NaN   1.00000000E+00      216 |   0.00E+00  0.00E+00  7.15E+03  9.00E+00  6.53E+02  1.63E+00
    4465  1.60500000E+01  1.00000000E-02              NaN             NaN             NaN             NaN             NaN             NaN             NaN             NaN   1.00000000E+00      216 |   0.00E+00  0.00E+00  1.08E+04  9.00E+00  4.32E+02  1.07E+00
    4470  1.61000000E+01  1.00000000E-02              NaN             NaN             NaN             NaN             NaN             NaN             NaN             NaN   1.00000000E+00      216 |   0.00E+00  0.00E+00  7.23E+03  9.00E+00  6.45E+02  1.60E+00
    4475  1.61500000E+01  1.00000000E-02              NaN             NaN             NaN             NaN             NaN             NaN             NaN             NaN   1.00000000E+00      216 |   0.00E+00  0.00E+00  1.09E+04  9.00E+00  4.28E+02  1.05E+00
    4480  1.62000000E+01  1.00000000E-02              NaN             NaN             NaN             NaN             NaN             NaN             NaN             NaN   1.00000000E+00      216 |   0.00E+00  0.00E+00  7.32E+03  9.00E+00  6.38E+02  1.56E+00
    4485  1.62500000E+01  1.00000000E-02              NaN             NaN             NaN             NaN             NaN             NaN             NaN             NaN   1.00000000E+00      216 |   0.00E+00  0.00E+00  1.09E+04  9.00E+00  4.30E+02  1.04E+00
    4490  1.63000000E+01  1.00000000E-02              NaN             NaN             NaN             NaN             NaN             NaN             NaN             NaN   1.00000000E+00      216 |   0.00E+00  0.00E+00  7.33E+03  9.00E+00  6.37E+02  1.54E+00
    4495  1.63500000E+01  1.00000000E-02              NaN             NaN             NaN             NaN             NaN             NaN             NaN             NaN   1.00000000E+00      216 |   0.00E+00  0.00E+00  1.07E+04  9.00E+00  4.34E+02  1.04E+00
    4500  1.64000000E+01  1.00000000E-02              NaN             NaN             NaN             NaN             NaN             NaN             NaN             NaN   1.00000000E+00      216 |   0.00E+00  0.00E+00  7.16E+03  9.00E+00  6.51E+02  1.56E+00
    4505  1.64500000E+01  1.00000000E-02              NaN             NaN             NaN             NaN             NaN             NaN             NaN             NaN   1.00000000E+00      216 |   0.00E+00  0.00E+00  1.09E+04  9.00E+00  4.28E+02  1.02E+00
    4510  1.65000000E+01  1.00000000E-02              NaN             NaN             NaN             NaN             NaN             NaN             NaN             NaN   1.00000000E+00      216 |   0.00E+00  0.00E+00  7.33E+03  9.00E+00  6.36E+02  1.50E+00
    4515  1.65500000E+01  1.00000000E-02              NaN             NaN             NaN             NaN             NaN             NaN             NaN             NaN   1.00000000E+00      216 |   0.00E+00  0.00E+00  1.00E+04  9.00E+00  4.64E+02  1.09E+00
    4520  1.66000000E+01  1.00000000E-02              NaN             NaN             NaN             NaN             NaN             NaN             NaN             NaN   1.00000000E+00      216 |   0.00E+00  0.00E+00  7.36E+03  9.00E+00  6.34E+02  1.48E+00
    4525  1.66500000E+01  1.00000000E-02              NaN             NaN             NaN             NaN             NaN             NaN             NaN             NaN   1.00000000E+00      216 |   0.00E+00  0.00E+00  1.10E+04  9.00E+00  4.26E+02  9.88E-01
    4530  1.67000000E+01  1.00000000E-02              NaN             NaN             NaN             NaN             NaN             NaN             NaN             NaN   1.00000000E+00      216 |   0.00E+00  0.00E+00  7.14E+03  9.00E+00  6.53E+02  1.51E+00
    4535  1.67500000E+01  1.00000000E-02              NaN             NaN             NaN             NaN             NaN             NaN             NaN             NaN   1.00000000E+00      216 |   0.00E+00  0.00E+00  1.09E+04  9.00E+00  4.26E+02  9.77E-01
    4540  1.68000000E+01  1.00000000E-02              NaN             NaN             NaN             NaN             NaN             NaN             NaN             NaN   1.00000000E+00      216 |   0.00E+00  0.00E+00  6.20E+03  9.00E+00  7.52E+02  1.71E+00
    4545  1.68500000E+01  1.00000000E-02              NaN             NaN             NaN             NaN             NaN             NaN             NaN             NaN   1.00000000E+00      216 |   0.00E+00  0.00E+00  9.57E+03  9.00E+00  4.87E+02  1.10E+00
    4550  1.69000000E+01  1.00000000E-02              NaN             NaN             NaN             NaN             NaN             NaN             NaN             NaN   1.00000000E+00      216 |   0.00E+00  0.00E+00  7.38E+03  9.00E+00  6.32E+02  1.42E+00
    4555  1.69500000E+01  1.00000000E-02              NaN             NaN             NaN             NaN             NaN             NaN             NaN             NaN   1.00000000E+00      216 |   0.00E+00  0.00E+00  1.06E+04  9.00E+00  4.42E+02  9.87E-01
    4560  1.70000000E+01  1.00000000E-02              NaN             NaN             NaN             NaN             NaN             NaN             NaN             NaN   1.00000000E+00      216 |   0.00E+00  0.00E+00  6.62E+03  9.00E+00  7.05E+02  1.57E+00
    4565  1.70500000E+01  1.00000000E-02              NaN             NaN             NaN             NaN             NaN             NaN             NaN             NaN   1.00000000E+00      216 |   0.00E+00  0.00E+00  9.91E+03  9.00E+00  4.71E+02  1.04E+00
    4570  1.71000000E+01  1.00000000E-02              NaN             NaN             NaN             NaN             NaN             NaN             NaN             NaN   1.00000000E+00      216 |   0.00E+00  0.00E+00  6.45E+03  9.00E+00  7.23E+02  1.59E+00
    4575  1.71500000E+01  1.00000000E-02              NaN             NaN             NaN             NaN             NaN             NaN             NaN             NaN   1.00000000E+00      216 |   0.00E+00  0.00E+00  9.29E+03  9.00E+00  5.02E+02  1.10E+00
    4580  1.72000000E+01  1.00000000E-02              NaN             NaN             NaN             NaN             NaN             NaN             NaN             NaN   1.00000000E+00      216 |   0.00E+00  0.00E+00  7.04E+03  9.00E+00  6.63E+02  1.44E+00
    4585  1.72500000E+01  1.00000000E-02              NaN             NaN             NaN             NaN             NaN             NaN             NaN             NaN   1.00000000E+00      216 |   0.00E+00  0.00E+00  1.06E+04  9.00E+00  4.42E+02  9.52E-01
    4590  1.73000000E+01  1.00000000E-02              NaN             NaN             NaN             NaN             NaN             NaN             NaN             NaN   1.00000000E+00      216 |   0.00E+00  0.00E+00  7.32E+03  9.00E+00  6.37E+02  1.36E+00
    4595  1.73500000E+01  1.00000000E-02              NaN             NaN             NaN             NaN             NaN             NaN             NaN             NaN   1.00000000E+00      216 |   0.00E+00  0.00E+00  1.09E+04  9.00E+00  4.29E+02  9.11E-01
    4600  1.74000000E+01  1.00000000E-02              NaN             NaN             NaN             NaN             NaN             NaN             NaN             NaN   1.00000000E+00      216 |   0.00E+00  0.00E+00  7.26E+03  9.00E+00  6.42E+02  1.36E+00
    4605  1.74500000E+01  1.00000000E-02              NaN             NaN             NaN             NaN             NaN             NaN             NaN             NaN   1.00000000E+00      216 |   0.00E+00  0.00E+00  1.06E+04  9.00E+00  4.39E+02  9.20E-01
    4610  1.75000000E+01  1.00000000E-02              NaN             NaN             NaN             NaN             NaN             NaN             NaN             NaN   1.00000000E+00      216 |   0.00E+00  0.00E+00  7.32E+03  9.00E+00  6.37E+02  1.33E+00
    4615  1.75500000E+01  1.00000000E-02              NaN             NaN             NaN             NaN             NaN             NaN             NaN             NaN   1.00000000E+00      216 |   0.00E+00  0.00E+00  1.02E+04  9.00E+00  4.56E+02  9.44E-01
    4620  1.76000000E+01  1.00000000E-02              NaN             NaN             NaN             NaN             NaN             NaN             NaN             NaN   1.00000000E+00      216 |   0.00E+00  0.00E+00  7.24E+03  9.00E+00  6.45E+02  1.32E+00
    4625  1.76500000E+01  1.00000000E-02              NaN             NaN             NaN             NaN             NaN             NaN             NaN             NaN   1.00000000E+00      216 |   0.00E+00  0.00E+00  1.09E+04  9.00E+00  4.29E+02  8.77E-01
    4630  1.77000000E+01  1.00000000E-02              NaN             NaN             NaN             NaN             NaN             NaN             NaN             NaN   1.00000000E+00      216 |   0.00E+00  0.00E+00  7.32E+03  9.00E+00  6.37E+02  1.29E+00
    4635  1.77500000E+01  1.00000000E-02              NaN             NaN             NaN             NaN             NaN             NaN             NaN             NaN   1.00000000E+00      216 |   0.00E+00  0.00E+00  1.02E+04  9.00E+00  4.56E+02  9.17E-01
    4640  1.78000000E+01  1.00000000E-02              NaN             NaN             NaN             NaN             NaN             NaN             NaN             NaN   1.00000000E+00      216 |   0.00E+00  0.00E+00  6.66E+03  9.00E+00  7.00E+02  1.40E+00
    4645  1.78500000E+01  1.00000000E-02              NaN             NaN             NaN             NaN             NaN             NaN             NaN             NaN   1.00000000E+00      216 |   0.00E+00  0.00E+00  9.61E+03  9.00E+00  4.85E+02  9.64E-01
    4650  1.79000000E+01  1.00000000E-02              NaN             NaN             NaN             NaN             NaN             NaN             NaN             NaN   1.00000000E+00      216 |   0.00E+00  0.00E+00  6.98E+03  9.00E+00  6.69E+02  1.32E+00
    4655  1.79500000E+01  1.00000000E-02              NaN             NaN             NaN             NaN             NaN             NaN             NaN             NaN   1.00000000E+00      216 |   0.00E+00  0.00E+00  9.16E+03  9.00E+00  5.09E+02  9.98E-01
    4660  1.80000000E+01  1.00000000E-02              NaN             NaN             NaN             NaN             NaN             NaN             NaN             NaN   1.00000000E+00      216 |   0.00E+00  0.00E+00  7.32E+03  9.00E+00  6.38E+02  1.24E+00
    4665  1.80500000E+01  1.00000000E-02              NaN             NaN             NaN             NaN             NaN             NaN             NaN             NaN   1.00000000E+00      216 |   0.00E+00  0.00E+00  1.00E+04  9.00E+00  4.65E+02  8.97E-01
    4670  1.81000000E+01  1.00000000E-02              NaN             NaN             NaN             NaN             NaN             NaN             NaN             NaN   1.00000000E+00      216 |   0.00E+00  0.00E+00  6.91E+03  9.00E+00  6.75E+02  1.29E+00
    4675  1.81500000E+01  1.00000000E-02              NaN             NaN             NaN             NaN             NaN             NaN             NaN             NaN   1.00000000E+00      216 |   0.00E+00  0.00E+00  9.96E+03  9.00E+00  4.69E+02  8.91E-01
    4680  1.82000000E+01  1.00000000E-02              NaN             NaN             NaN             NaN             NaN             NaN             NaN             NaN   1.00000000E+00      216 |   0.00E+00  0.00E+00  7.06E+03  9.00E+00  6.61E+02  1.25E+00
    4685  1.82500000E+01  1.00000000E-02              NaN             NaN             NaN             NaN             NaN             NaN             NaN             NaN   1.00000000E+00      216 |   0.00E+00  0.00E+00  1.06E+04  9.00E+00  4.40E+02  8.25E-01
    4690  1.83000000E+01  1.00000000E-02              NaN             NaN             NaN             NaN             NaN             NaN             NaN             NaN   1.00000000E+00      216 |   0.00E+00  0.00E+00  7.28E+03  9.00E+00  6.41E+02  1.19E+00
    4695  1.83500000E+01  1.00000000E-02              NaN             NaN             NaN             NaN             NaN             NaN             NaN             NaN   1.00000000E+00      216 |   0.00E+00  0.00E+00  1.04E+04  9.00E+00  4.47E+02  8.27E-01
    4700  1.84000000E+01  1.00000000E-02              NaN             NaN             NaN             NaN             NaN             NaN             NaN             NaN   1.00000000E+00      216 |   0.00E+00  0.00E+00  6.88E+03  9.00E+00  6.78E+02  1.24E+00
    4705  1.84500000E+01  1.00000000E-02              NaN             NaN             NaN             NaN             NaN             NaN             NaN             NaN   1.00000000E+00      216 |   0.00E+00  0.00E+00  1.03E+04  9.00E+00  4.52E+02  8.23E-01
    4710  1.85000000E+01  1.00000000E-02              NaN             NaN             NaN             NaN             NaN             NaN             NaN             NaN   1.00000000E+00      216 |   0.00E+00  0.00E+00  6.98E+03  9.00E+00  6.68E+02  1.21E+00
    4715  1.85500000E+01  1.00000000E-02              NaN             NaN             NaN             NaN             NaN             NaN             NaN             NaN   1.00000000E+00      216 |   0.00E+00  0.00E+00  1.08E+04  9.00E+00  4.30E+02  7.71E-01
    4720  1.86000000E+01  1.00000000E-02              NaN             NaN             NaN             NaN             NaN             NaN             NaN             NaN   1.00000000E+00      216 |   0.00E+00  0.00E+00  6.96E+03  9.00E+00  6.70E+02  1.19E+00
    4725  1.86500000E+01  1.00000000E-02              NaN             NaN             NaN             NaN             NaN             NaN             NaN             NaN   1.00000000E+00      216 |   0.00E+00  0.00E+00  1.08E+04  9.00E+00  4.33E+02  7.63E-01
    4730  1.87000000E+01  1.00000000E-02              NaN             NaN             NaN             NaN             NaN             NaN             NaN             NaN   1.00000000E+00      216 |   0.00E+00  0.00E+00  7.34E+03  9.00E+00  6.36E+02  1.11E+00
    4735  1.87500000E+01  1.00000000E-02              NaN             NaN             NaN             NaN             NaN             NaN             NaN             NaN   1.00000000E+00      216 |   0.00E+00  0.00E+00  1.05E+04  9.00E+00  4.45E+02  7.73E-01
    4740  1.88000000E+01  1.00000000E-02              NaN             NaN             NaN             NaN             NaN             NaN             NaN             NaN   1.00000000E+00      216 |   0.00E+00  0.00E+00  7.05E+03  9.00E+00  6.61E+02  1.14E+00
    4745  1.88500000E+01  1.00000000E-02              NaN             NaN             NaN             NaN             NaN             NaN             NaN             NaN   1.00000000E+00      216 |   0.00E+00  0.00E+00  1.08E+04  9.00E+00  4.32E+02  7.38E-01
    4750  1.89000000E+01  1.00000000E-02              NaN             NaN             NaN             NaN             NaN             NaN             NaN             NaN   1.00000000E+00      216 |   0.00E+00  0.00E+00  7.27E+03  9.00E+00  6.42E+02  1.09E+00
    4755  1.89500000E+01  1.00000000E-02              NaN             NaN             NaN             NaN             NaN             NaN             NaN             NaN   1.00000000E+00      216 |   0.00E+00  0.00E+00  1.09E+04  9.00E+00  4.29E+02  7.20E-01
    4760  1.90000000E+01  1.00000000E-02              NaN             NaN             NaN             NaN             NaN             NaN             NaN             NaN   1.00000000E+00      216 |   0.00E+00  0.00E+00  7.30E+03  9.00E+00  6.39E+02  1.06E+00
    4765  1.90500000E+01  1.00000000E-02              NaN             NaN             NaN             NaN             NaN             NaN             NaN             NaN   1.00000000E+00      216 |   0.00E+00  0.00E+00  9.85E+03  9.00E+00  4.74E+02  7.83E-01
    4770  1.91000000E+01  1.00000000E-02              NaN             NaN             NaN             NaN             NaN             NaN             NaN             NaN   1.00000000E+00      216 |   0.00E+00  0.00E+00  6.26E+03  9.00E+00  7.46E+02  1.22E+00
    4775  1.91500000E+01  1.00000000E-02              NaN             NaN             NaN             NaN             NaN             NaN             NaN             NaN   1.00000000E+00      216 |   0.00E+00  0.00E+00  1.09E+04  9.00E+00  4.29E+02  6.97E-01
    4780  1.92000000E+01  1.00000000E-02              NaN             NaN             NaN             NaN             NaN             NaN             NaN             NaN   1.00000000E+00      216 |   0.00E+00  0.00E+00  7.38E+03  9.00E+00  6.33E+02  1.02E+00
    4785  1.92500000E+01  1.00000000E-02              NaN             NaN             NaN             NaN             NaN             NaN             NaN             NaN   1.00000000E+00      216 |   0.00E+00  0.00E+00  1.09E+04  9.00E+00  4.29E+02  6.86E-01
    4790  1.93000000E+01  1.00000000E-02              NaN             NaN             NaN             NaN             NaN             NaN             NaN             NaN   1.00000000E+00      216 |   0.00E+00  0.00E+00  7.11E+03  9.00E+00  6.56E+02  1.04E+00
    4795  1.93500000E+01  1.00000000E-02              NaN             NaN             NaN             NaN             NaN             NaN             NaN             NaN   1.00000000E+00      216 |   0.00E+00  0.00E+00  1.06E+04  9.00E+00  4.42E+02  6.94E-01
    4800  1.94000000E+01  1.00000000E-02              NaN             NaN             NaN             NaN             NaN             NaN             NaN             NaN   1.00000000E+00      216 |   0.00E+00  0.00E+00  6.95E+03  9.00E+00  6.71E+02  1.04E+00
    4805  1.94500000E+01  1.00000000E-02              NaN             NaN             NaN             NaN             NaN             NaN             NaN             NaN   1.00000000E+00      216 |   0.00E+00  0.00E+00  1.03E+04  9.00E+00  4.54E+02  7.00E-01
    4810  1.95000000E+01  1.00000000E-02              NaN             NaN             NaN             NaN             NaN             NaN             NaN             NaN   1.00000000E+00      216 |   0.00E+00  0.00E+00  7.18E+03  9.00E+00  6.50E+02  9.93E-01
    4815  1.95500000E+01  1.00000000E-02              NaN             NaN             NaN             NaN             NaN             NaN             NaN             NaN   1.00000000E+00      216 |   0.00E+00  0.00E+00  1.09E+04  9.00E+00  4.26E+02  6.45E-01
    4820  1.96000000E+01  1.00000000E-02              NaN             NaN             NaN             NaN             NaN             NaN             NaN             NaN   1.00000000E+00      216 |   0.00E+00  0.00E+00  6.83E+03  9.00E+00  6.83E+02  1.02E+00
    4825  1.96500000E+01  1.00000000E-02              NaN             NaN             NaN             NaN             NaN             NaN             NaN             NaN   1.00000000E+00      216 |   0.00E+00  0.00E+00  1.09E+04  9.00E+00  4.28E+02  6.36E-01
    4830  1.97000000E+01  1.00000000E-02              NaN             NaN             NaN             NaN             NaN             NaN             NaN             NaN   1.00000000E+00      216 |   0.00E+00  0.00E+00  6.99E+03  9.00E+00  6.68E+02  9.83E-01
    4835  1.97500000E+01  1.00000000E-02              NaN             NaN             NaN             NaN             NaN             NaN             NaN             NaN   1.00000000E+00      216 |   0.00E+00  0.00E+00  1.06E+04  9.00E+00  4.41E+02  6.43E-01
    4840  1.98000000E+01  1.00000000E-02              NaN             NaN             NaN             NaN             NaN             NaN             NaN             NaN   1.00000000E+00      216 |   0.00E+00  0.00E+00  7.40E+03  9.00E+00  6.30E+02  9.10E-01
    4845  1.98500000E+01  1.00000000E-02              NaN             NaN             NaN             NaN             NaN             NaN             NaN             NaN   1.00000000E+00      216 |   0.00E+00  0.00E+00  9.94E+03  9.00E+00  4.69E+02  6.71E-01
    4850  1.99000000E+01  1.00000000E-02              NaN             NaN             NaN             NaN             NaN             NaN             NaN             NaN   1.00000000E+00      216 |   0.00E+00  0.00E+00  7.16E+03  9.00E+00  6.52E+02  9.23E-01
    4855  1.99500000E+01  1.00000000E-02              NaN             NaN             NaN             NaN             NaN             NaN             NaN             NaN   1.00000000E+00      216 |   0.00E+00  0.00E+00  1.05E+04  9.00E+00  4.45E+02  6.24E-01
    4860  2.00000000E+01  1.00000000E-02              NaN             NaN             NaN             NaN             NaN             NaN             NaN             NaN   1.00000000E+00      216 |   0.00E+00  0.00E+00  7.35E+03  9.00E+00  6.35E+02  8.82E-01
    4865  2.00500000E+01  1.00000000E-02              NaN             NaN             NaN             NaN             NaN             NaN             NaN             NaN   1.00000000E+00      216 |   0.00E+00  0.00E+00  1.04E+04  9.00E+00  4.47E+02  6.15E-01
    4870  2.01000000E+01  1.00000000E-02              NaN             NaN             NaN             NaN             NaN             NaN             NaN             NaN   1.00000000E+00      216 |   0.00E+00  0.00E+00  7.11E+03  9.00E+00  6.56E+02  8.93E-01
    4875  2.01500000E+01  1.00000000E-02              NaN             NaN             NaN             NaN             NaN             NaN             NaN             NaN   1.00000000E+00      216 |   0.00E+00  0.00E+00  1.02E+04  9.00E+00  4.58E+02  6.17E-01
    4880  2.02000000E+01  1.00000000E-02              NaN             NaN             NaN             NaN             NaN             NaN             NaN             NaN   1.00000000E+00      216 |   0.00E+00  0.00E+00  6.83E+03  9.00E+00  6.83E+02  9.11E-01
    4885  2.02500000E+01  1.00000000E-02              NaN             NaN             NaN             NaN             NaN             NaN             NaN             NaN   1.00000000E+00      216 |   0.00E+00  0.00E+00  1.03E+04  9.00E+00  4.51E+02  5.95E-01
    4890  2.03000000E+01  1.00000000E-02              NaN             NaN             NaN             NaN             NaN             NaN             NaN             NaN   1.00000000E+00      216 |   0.00E+00  0.00E+00  7.23E+03  9.00E+00  6.45E+02  8.42E-01
    4895  2.03500000E+01  1.00000000E-02              NaN             NaN             NaN             NaN             NaN             NaN             NaN             NaN   1.00000000E+00      216 |   0.00E+00  0.00E+00  1.08E+04  9.00E+00  4.33E+02  5.59E-01
    4900  2.04000000E+01  1.00000000E-02              NaN             NaN             NaN             NaN             NaN             NaN             NaN             NaN   1.00000000E+00      216 |   0.00E+00  0.00E+00  7.24E+03  9.00E+00  6.45E+02  8.24E-01
    4905  2.04500000E+01  1.00000000E-02              NaN             NaN             NaN             NaN             NaN             NaN             NaN             NaN   1.00000000E+00      216 |   0.00E+00  0.00E+00  1.06E+04  9.00E+00  4.38E+02  5.54E-01
    4910  2.05000000E+01  1.00000000E-02              NaN             NaN             NaN             NaN             NaN             NaN             NaN             NaN   1.00000000E+00      216 |   0.00E+00  0.00E+00  6.84E+03  9.00E+00  6.83E+02  8.53E-01
    4915  2.05500000E+01  1.00000000E-02              NaN             NaN             NaN             NaN             NaN             NaN             NaN             NaN   1.00000000E+00      216 |   0.00E+00  0.00E+00  1.03E+04  9.00E+00  4.52E+02  5.59E-01
    4920  2.06000000E+01  1.00000000E-02              NaN             NaN             NaN             NaN             NaN             NaN             NaN             NaN   1.00000000E+00      216 |   0.00E+00  0.00E+00  7.37E+03  9.00E+00  6.33E+02  7.74E-01
    4925  2.06500000E+01  1.00000000E-02              NaN             NaN             NaN             NaN             NaN             NaN             NaN             NaN   1.00000000E+00      216 |   0.00E+00  0.00E+00  1.08E+04  9.00E+00  4.32E+02  5.22E-01
    4930  2.07000000E+01  1.00000000E-02              NaN             NaN             NaN             NaN             NaN             NaN             NaN             NaN   1.00000000E+00      216 |   0.00E+00  0.00E+00  5.86E+03  9.00E+00  7.96E+02  9.50E-01
    4935  2.07500000E+01  1.00000000E-02              NaN             NaN             NaN             NaN             NaN             NaN             NaN             NaN   1.00000000E+00      216 |   0.00E+00  0.00E+00  1.09E+04  9.00E+00  4.30E+02  5.08E-01
    4940  2.08000000E+01  1.00000000E-02              NaN             NaN             NaN             NaN             NaN             NaN             NaN             NaN   1.00000000E+00      216 |   0.00E+00  0.00E+00  7.22E+03  9.00E+00  6.46E+02  7.54E-01
    4945  2.08500000E+01  1.00000000E-02              NaN             NaN             NaN             NaN             NaN             NaN             NaN             NaN   1.00000000E+00      216 |   0.00E+00  0.00E+00  1.02E+04  9.00E+00  4.57E+02  5.27E-01
    4950  2.09000000E+01  1.00000000E-02              NaN             NaN             NaN             NaN             NaN             NaN             NaN             NaN   1.00000000E+00      216 |   0.00E+00  0.00E+00  6.65E+03  9.00E+00  7.02E+02  7.99E-01
    4955  2.09500000E+01  1.00000000E-02              NaN             NaN             NaN             NaN             NaN             NaN             NaN             NaN   1.00000000E+00      216 |   0.00E+00  0.00E+00  9.91E+03  9.00E+00  4.71E+02  5.30E-01
    4960  2.10000000E+01  1.00000000E-02              NaN             NaN             NaN             NaN             NaN             NaN             NaN             NaN   1.00000000E+00      216 |   0.00E+00  0.00E+00  6.84E+03  9.00E+00  6.82E+02  7.58E-01
    4965  2.10500000E+01  1.00000000E-02              NaN             NaN             NaN             NaN             NaN             NaN             NaN             NaN   1.00000000E+00      216 |   0.00E+00  0.00E+00  1.05E+04  9.00E+00  4.44E+02  4.87E-01
    4970  2.11000000E+01  1.00000000E-02              NaN             NaN             NaN             NaN             NaN             NaN             NaN             NaN   1.00000000E+00      216 |   0.00E+00  0.00E+00  7.16E+03  9.00E+00  6.51E+02  7.06E-01
    4975  2.11500000E+01  1.00000000E-02              NaN             NaN             NaN             NaN             NaN             NaN             NaN             NaN   1.00000000E+00      216 |   0.00E+00  0.00E+00  1.06E+04  9.00E+00  4.39E+02  4.70E-01
    4980  2.12000000E+01  1.00000000E-02              NaN             NaN             NaN             NaN             NaN             NaN             NaN             NaN   1.00000000E+00      216 |   0.00E+00  0.00E+00  7.24E+03  9.00E+00  6.44E+02  6.80E-01
    4985  2.12500000E+01  1.00000000E-02              NaN             NaN             NaN             NaN             NaN             NaN             NaN             NaN   1.00000000E+00      216 |   0.00E+00  0.00E+00  1.04E+04  9.00E+00  4.48E+02  4.67E-01
    4990  2.13000000E+01  1.00000000E-02              NaN             NaN             NaN             NaN             NaN             NaN             NaN             NaN   1.00000000E+00      216 |   0.00E+00  0.00E+00  6.39E+03  9.00E+00  7.30E+02  7.50E-01
    4995  2.13500000E+01  1.00000000E-02              NaN             NaN             NaN             NaN             NaN             NaN             NaN             NaN   1.00000000E+00      216 |   0.00E+00  0.00E+00  1.10E+04  9.00E+00  4.26E+02  4.32E-01
    5000  2.14000000E+01  1.00000000E-02              NaN             NaN             NaN             NaN             NaN             NaN             NaN             NaN   1.00000000E+00      216 |   0.00E+00  0.00E+00  7.08E+03  9.00E+00  6.59E+02  6.59E-01
    5005  2.14500000E+01  1.00000000E-02              NaN             NaN             NaN             NaN             NaN             NaN             NaN             NaN   1.00000000E+00      216 |   0.00E+00  0.00E+00  9.36E+03  9.00E+00  4.99E+02  4.92E-01
    5010  2.15000000E+01  1.00000000E-02              NaN             NaN             NaN             NaN             NaN             NaN             NaN             NaN   1.00000000E+00      216 |   0.00E+00  0.00E+00  6.48E+03  9.00E+00  7.20E+02  7.00E-01
    5015  2.15500000E+01  1.00000000E-02              NaN             NaN             NaN             NaN             NaN             NaN             NaN             NaN   1.00000000E+00      216 |   0.00E+00  0.00E+00  1.04E+04  9.00E+00  4.47E+02  4.28E-01
    5020  2.16000000E+01  1.00000000E-02              NaN             NaN             NaN             NaN             NaN             NaN             NaN             NaN   1.00000000E+00      216 |   0.00E+00  0.00E+00  6.47E+03  9.00E+00  7.21E+02  6.81E-01
    5025  2.16500000E+01  1.00000000E-02              NaN             NaN             NaN             NaN             NaN             NaN             NaN             NaN   1.00000000E+00      216 |   0.00E+00  0.00E+00  1.09E+04  9.00E+00  4.27E+02  3.97E-01
    5030  2.17000000E+01  1.00000000E-02              NaN             NaN             NaN             NaN             NaN             NaN             NaN             NaN   1.00000000E+00      216 |   0.00E+00  0.00E+00  7.18E+03  9.00E+00  6.49E+02  5.95E-01
    5035  2.17500000E+01  1.00000000E-02              NaN             NaN             NaN             NaN             NaN             NaN             NaN             NaN   1.00000000E+00      216 |   0.00E+00  0.00E+00  1.04E+04  9.00E+00  4.49E+02  4.05E-01
    5040  2.18000000E+01  1.00000000E-02              NaN             NaN             NaN             NaN             NaN             NaN             NaN             NaN   1.00000000E+00      216 |   0.00E+00  0.00E+00  7.14E+03  9.00E+00  6.53E+02  5.81E-01
    5045  2.18500000E+01  1.00000000E-02              NaN             NaN             NaN             NaN             NaN             NaN             NaN             NaN   1.00000000E+00      216 |   0.00E+00  0.00E+00  9.87E+03  9.00E+00  4.73E+02  4.13E-01
    5050  2.19000000E+01  1.00000000E-02              NaN             NaN             NaN             NaN             NaN             NaN             NaN             NaN   1.00000000E+00      216 |   0.00E+00  0.00E+00  6.90E+03  9.00E+00  6.77E+02  5.83E-01
    5055  2.19500000E+01  1.00000000E-02              NaN             NaN             NaN             NaN             NaN             NaN             NaN             NaN   1.00000000E+00      216 |   0.00E+00  0.00E+00  1.04E+04  9.00E+00  4.48E+02  3.80E-01
    5060  2.20000000E+01  1.00000000E-02              NaN             NaN             NaN             NaN             NaN             NaN             NaN             NaN   1.00000000E+00      216 |   0.00E+00  0.00E+00  6.95E+03  9.00E+00  6.72E+02  5.60E-01
    5065  2.20500000E+01  1.00000000E-02              NaN             NaN             NaN             NaN             NaN             NaN             NaN             NaN   1.00000000E+00      216 |   0.00E+00  0.00E+00  1.06E+04  9.00E+00  4.42E+02  3.62E-01
    5070  2.21000000E+01  1.00000000E-02              NaN             NaN             NaN             NaN             NaN             NaN             NaN             NaN   1.00000000E+00      216 |   0.00E+00  0.00E+00  6.90E+03  9.00E+00  6.76E+02  5.44E-01
    5075  2.21500000E+01  1.00000000E-02              NaN             NaN             NaN             NaN             NaN             NaN             NaN             NaN   1.00000000E+00      216 |   0.00E+00  0.00E+00  9.69E+03  9.00E+00  4.82E+02  3.81E-01
    5080  2.22000000E+01  1.00000000E-02              NaN             NaN             NaN             NaN             NaN             NaN             NaN             NaN   1.00000000E+00      216 |   0.00E+00  0.00E+00  6.87E+03  9.00E+00  6.79E+02  5.28E-01
    5085  2.22500000E+01  1.00000000E-02              NaN             NaN             NaN             NaN             NaN             NaN             NaN             NaN   1.00000000E+00      216 |   0.00E+00  0.00E+00  9.70E+03  9.00E+00  4.81E+02  3.67E-01
    5090  2.23000000E+01  1.00000000E-02              NaN             NaN             NaN             NaN             NaN             NaN             NaN             NaN   1.00000000E+00      216 |   0.00E+00  0.00E+00  6.57E+03  9.00E+00  7.10E+02  5.33E-01
    5095  2.23500000E+01  1.00000000E-02              NaN             NaN             NaN             NaN             NaN             NaN             NaN             NaN   1.00000000E+00      216 |   0.00E+00  0.00E+00  9.31E+03  9.00E+00  5.01E+02  3.69E-01
    5100  2.24000000E+01  1.00000000E-02              NaN             NaN             NaN             NaN             NaN             NaN             NaN             NaN   1.00000000E+00      216 |   0.00E+00  0.00E+00  7.02E+03  9.00E+00  6.64E+02  4.80E-01
    5105  2.24500000E+01  1.00000000E-02              NaN             NaN             NaN             NaN             NaN             NaN             NaN             NaN   1.00000000E+00      216 |   0.00E+00  0.00E+00  1.07E+04  9.00E+00  4.34E+02  3.08E-01
    5110  2.25000000E+01  1.00000000E-02              NaN             NaN             NaN             NaN             NaN             NaN             NaN             NaN   1.00000000E+00      216 |   0.00E+00  0.00E+00  6.92E+03  9.00E+00  6.74E+02  4.68E-01
    5115  2.25500000E+01  1.00000000E-02              NaN             NaN             NaN             NaN             NaN             NaN             NaN             NaN   1.00000000E+00      216 |   0.00E+00  0.00E+00  8.05E+03  9.00E+00  5.80E+02  3.94E-01
    5120  2.26000000E+01  1.00000000E-02              NaN             NaN             NaN             NaN             NaN             NaN             NaN             NaN   1.00000000E+00      216 |   0.00E+00  0.00E+00  6.92E+03  9.00E+00  6.75E+02  4.50E-01
    5125  2.26500000E+01  1.00000000E-02              NaN             NaN             NaN             NaN             NaN             NaN             NaN             NaN   1.00000000E+00      216 |   0.00E+00  0.00E+00  9.78E+03  9.00E+00  4.77E+02  3.11E-01
    5130  2.27000000E+01  1.00000000E-02              NaN             NaN             NaN             NaN             NaN             NaN             NaN             NaN   1.00000000E+00      216 |   0.00E+00  0.00E+00  7.07E+03  9.00E+00  6.60E+02  4.22E-01
    5135  2.27500000E+01  1.00000000E-02              NaN             NaN             NaN             NaN             NaN             NaN             NaN             NaN   1.00000000E+00      216 |   0.00E+00  0.00E+00  1.07E+04  9.00E+00  4.36E+02  2.72E-01
    5140  2.28000000E+01  1.00000000E-02              NaN             NaN             NaN             NaN             NaN             NaN             NaN             NaN   1.00000000E+00      216 |   0.00E+00  0.00E+00  7.15E+03  9.00E+00  6.52E+02  3.99E-01
    5145  2.28500000E+01  1.00000000E-02              NaN             NaN             NaN             NaN             NaN             NaN             NaN             NaN   1.00000000E+00      216 |   0.00E+00  0.00E+00  1.05E+04  9.00E+00  4.43E+02  2.64E-01
    5150  2.29000000E+01  1.00000000E-02              NaN             NaN             NaN             NaN             NaN             NaN             NaN             NaN   1.00000000E+00      216 |   0.00E+00  0.00E+00  6.70E+03  9.00E+00  6.96E+02  4.06E-01
    5155  2.29500000E+01  1.00000000E-02              NaN             NaN             NaN             NaN             NaN             NaN             NaN             NaN   1.00000000E+00      216 |   0.00E+00  0.00E+00  1.09E+04  9.00E+00  4.30E+02  2.45E-01
    5160  2.30000000E+01  1.00000000E-02              NaN             NaN             NaN             NaN             NaN             NaN             NaN             NaN   1.00000000E+00      216 |   0.00E+00  0.00E+00  7.20E+03  9.00E+00  6.48E+02  3.60E-01
    5165  2.30500000E+01  1.00000000E-02              NaN             NaN             NaN             NaN             NaN             NaN             NaN             NaN   1.00000000E+00      216 |   0.00E+00  0.00E+00  1.05E+04  9.00E+00  4.45E+02  2.41E-01
    5170  2.31000000E+01  1.00000000E-02              NaN             NaN             NaN             NaN             NaN             NaN             NaN             NaN   1.00000000E+00      216 |   0.00E+00  0.00E+00  7.14E+03  9.00E+00  6.53E+02  3.45E-01
    5175  2.31500000E+01  1.00000000E-02              NaN             NaN             NaN             NaN             NaN             NaN             NaN             NaN   1.00000000E+00      216 |   0.00E+00  0.00E+00  1.07E+04  9.00E+00  4.35E+02  2.24E-01
    5180  2.32000000E+01  1.00000000E-02              NaN             NaN             NaN             NaN             NaN             NaN             NaN             NaN   1.00000000E+00      216 |   0.00E+00  0.00E+00  7.25E+03  9.00E+00  6.43E+02  3.22E-01
    5185  2.32500000E+01  1.00000000E-02              NaN             NaN             NaN             NaN             NaN             NaN             NaN             NaN   1.00000000E+00      216 |   0.00E+00  0.00E+00  1.04E+04  9.00E+00  4.50E+02  2.19E-01
    5190  2.33000000E+01  1.00000000E-02              NaN             NaN             NaN             NaN             NaN             NaN             NaN             NaN   1.00000000E+00      216 |   0.00E+00  0.00E+00  7.15E+03  9.00E+00  6.53E+02  3.08E-01
    5195  2.33500000E+01  1.00000000E-02              NaN             NaN             NaN             NaN             NaN             NaN             NaN             NaN   1.00000000E+00      216 |   0.00E+00  0.00E+00  1.02E+04  9.00E+00  4.55E+02  2.09E-01
    5200  2.34000000E+01  1.00000000E-02              NaN             NaN             NaN             NaN             NaN             NaN             NaN             NaN   1.00000000E+00      216 |   0.00E+00  0.00E+00  6.49E+03  9.00E+00  7.19E+02  3.20E-01
    5205  2.34500000E+01  1.00000000E-02              NaN             NaN             NaN             NaN             NaN             NaN             NaN             NaN   1.00000000E+00      216 |   0.00E+00  0.00E+00  1.02E+04  9.00E+00  4.59E+02  1.98E-01
    5210  2.35000000E+01  1.00000000E-02              NaN             NaN             NaN             NaN             NaN             NaN             NaN             NaN   1.00000000E+00      216 |   0.00E+00  0.00E+00  7.36E+03  9.00E+00  6.34E+02  2.64E-01
    5215  2.35500000E+01  1.00000000E-02              NaN             NaN             NaN             NaN             NaN             NaN             NaN             NaN   1.00000000E+00      216 |   0.00E+00  0.00E+00  1.08E+04  9.00E+00  4.33E+02  1.74E-01
    5220  2.36000000E+01  1.00000000E-02              NaN             NaN             NaN             NaN             NaN             NaN             NaN             NaN   1.00000000E+00      216 |   0.00E+00  0.00E+00  7.05E+03  9.00E+00  6.62E+02  2.58E-01
    5225  2.36500000E+01  1.00000000E-02              NaN             NaN             NaN             NaN             NaN             NaN             NaN             NaN   1.00000000E+00      216 |   0.00E+00  0.00E+00  1.05E+04  9.00E+00  4.43E+02  1.66E-01
    5230  2.37000000E+01  1.00000000E-02              NaN             NaN             NaN             NaN             NaN             NaN             NaN             NaN   1.00000000E+00      216 |   0.00E+00  0.00E+00  7.12E+03  9.00E+00  6.55E+02  2.37E-01
    5235  2.37500000E+01  1.00000000E-02              NaN             NaN             NaN             NaN             NaN             NaN             NaN             NaN   1.00000000E+00      216 |   0.00E+00  0.00E+00  1.10E+04  9.00E+00  4.26E+02  1.48E-01
    5240  2.38000000E+01  1.00000000E-02              NaN             NaN             NaN             NaN             NaN             NaN             NaN             NaN   1.00000000E+00      216 |   0.00E+00  0.00E+00  7.05E+03  9.00E+00  6.62E+02  2.21E-01
    5245  2.38500000E+01  1.00000000E-02              NaN             NaN             NaN             NaN             NaN             NaN             NaN             NaN   1.00000000E+00      216 |   0.00E+00  0.00E+00  1.07E+04  9.00E+00  4.36E+02  1.39E-01
    5250  2.39000000E+01  1.00000000E-02              NaN             NaN             NaN             NaN             NaN             NaN             NaN             NaN   1.00000000E+00      216 |   0.00E+00  0.00E+00  6.62E+03  9.00E+00  7.05E+02  2.15E-01
    5255  2.39500000E+01  1.00000000E-02              NaN             NaN             NaN             NaN             NaN             NaN             NaN             NaN   1.00000000E+00      216 |   0.00E+00  0.00E+00  9.84E+03  9.00E+00  4.74E+02  1.38E-01
    5260  2.40000000E+01  1.00000000E-02              NaN             NaN             NaN             NaN             NaN             NaN             NaN             NaN   1.00000000E+00      216 |   0.00E+00  0.00E+00  7.07E+03  9.00E+00  6.60E+02  1.83E-01
    5265  2.40500000E+01  1.00000000E-02              NaN             NaN             NaN             NaN             NaN             NaN             NaN             NaN   1.00000000E+00      216 |   0.00E+00  0.00E+00  1.07E+04  9.00E+00  4.35E+02  1.15E-01
    5270  2.41000000E+01  1.00000000E-02              NaN             NaN             NaN             NaN             NaN             NaN             NaN             NaN   1.00000000E+00      216 |   0.00E+00  0.00E+00  7.07E+03  9.00E+00  6.60E+02  1.65E-01
    5275  2.41500000E+01  1.00000000E-02              NaN             NaN             NaN             NaN             NaN             NaN             NaN             NaN   1.00000000E+00      216 |   0.00E+00  0.00E+00  9.83E+03  9.00E+00  4.75E+02  1.12E-01
    5280  2.42000000E+01  1.00000000E-02              NaN             NaN             NaN             NaN             NaN             NaN             NaN             NaN   1.00000000E+00      216 |   0.00E+00  0.00E+00  7.20E+03  9.00E+00  6.48E+02  1.44E-01
    5285  2.42500000E+01  1.00000000E-02              NaN             NaN             NaN             NaN             NaN             NaN             NaN             NaN   1.00000000E+00      216 |   0.00E+00  0.00E+00  1.02E+04  9.00E+00  4.57E+02  9.53E-02
    5290  2.43000000E+01  1.00000000E-02              NaN             NaN             NaN             NaN             NaN             NaN             NaN             NaN   1.00000000E+00      216 |   0.00E+00  0.00E+00  7.05E+03  9.00E+00  6.62E+02  1.29E-01
    5295  2.43500000E+01  1.00000000E-02              NaN             NaN             NaN             NaN             NaN             NaN             NaN             NaN   1.00000000E+00      216 |   0.00E+00  0.00E+00  1.09E+04  9.00E+00  4.28E+02  7.73E-02
    5300  2.44000000E+01  1.00000000E-02              NaN             NaN             NaN             NaN             NaN             NaN             NaN             NaN   1.00000000E+00      216 |   0.00E+00  0.00E+00  6.91E+03  9.00E+00  6.75E+02  1.13E-01
    5305  2.44500000E+01  1.00000000E-02              NaN             NaN             NaN             NaN             NaN             NaN             NaN             NaN   1.00000000E+00      216 |   0.00E+00  0.00E+00  1.01E+04  9.00E+00  4.62E+02  7.06E-02
    5310  2.45000000E+01  1.00000000E-02              NaN             NaN             NaN             NaN             NaN             NaN             NaN             NaN   1.00000000E+00      216 |   0.00E+00  0.00E+00  7.23E+03  9.00E+00  6.45E+02  8.96E-02
    5315  2.45500000E+01  1.00000000E-02              NaN             NaN             NaN             NaN             NaN             NaN             NaN             NaN   1.00000000E+00      216 |   0.00E+00  0.00E+00  1.07E+04  9.00E+00  4.35E+02  5.44E-02
    5320  2.46000000E+01  1.00000000E-02              NaN             NaN             NaN             NaN             NaN             NaN             NaN             NaN   1.00000000E+00      216 |   0.00E+00  0.00E+00  7.15E+03  9.00E+00  6.53E+02  7.25E-02
    5325  2.46500000E+01  1.00000000E-02              NaN             NaN             NaN             NaN             NaN             NaN             NaN             NaN   1.00000000E+00      216 |   0.00E+00  0.00E+00  1.06E+04  9.00E+00  4.40E+02  4.28E-02
    5330  2.47000000E+01  1.00000000E-02              NaN             NaN             NaN             NaN             NaN             NaN             NaN             NaN   1.00000000E+00      216 |   0.00E+00  0.00E+00  6.93E+03  9.00E+00  6.73E+02  5.61E-02
    5335  2.47500000E+01  1.00000000E-02              NaN             NaN             NaN             NaN             NaN             NaN             NaN             NaN   1.00000000E+00      216 |   0.00E+00  0.00E+00  1.02E+04  9.00E+00  4.57E+02  3.17E-02
    5340  2.48000000E+01  1.00000000E-02              NaN             NaN             NaN             NaN             NaN             NaN             NaN             NaN   1.00000000E+00      216 |   0.00E+00  0.00E+00  6.48E+03  9.00E+00  7.20E+02  4.00E-02
    5345  2.48500000E+01  1.00000000E-02              NaN             NaN             NaN             NaN             NaN             NaN             NaN             NaN   1.00000000E+00      216 |   0.00E+00  0.00E+00  1.05E+04  9.00E+00  4.43E+02  1.85E-02
    5350  2.49000000E+01  1.00000000E-02              NaN             NaN             NaN             NaN             NaN             NaN             NaN             NaN   1.00000000E+00      216 |   0.00E+00  0.00E+00  6.95E+03  9.00E+00  6.71E+02  1.86E-02
    5355  2.49500000E+01  1.00000000E-02              NaN             NaN             NaN             NaN             NaN             NaN             NaN             NaN   1.00000000E+00      216 |   0.00E+00  0.00E+00  1.07E+04  9.00E+00  4.37E+02  6.08E-03
    5360  2.50000000E+01  0.00000000E+00              NaN             NaN             NaN             NaN             NaN             NaN             NaN             NaN   1.00000000E+00      216 |   0.00E+00  0.00E+00  7.01E+03  9.00E+00  1.50E+17  0.00E+00
